// Generated by   : ImageConverter 565 Online
// Generated from : MASK_Clock_Numbers.png
// Time generated : Wed, 19 Mar 25 14:52:11 +0100  (Server timezone: CET)
// Image Size     : 64x32 pixels
// Memory usage   : 4096 bytes


#if defined(__AVR__)
    #include <avr/pgmspace.h>
#elif defined(__PIC32MX__)
    #define PROGMEM
#elif defined(__arm__)
    #define PROGMEM
#endif

const unsigned short MASK_Clock_Numbers[2048] PROGMEM={
0xFFFF, 0xFFFF, 0xFFFF, 0xFFFF, 0xFFFF, 0xFFFF, 0xFFFF, 0xFFFF, 0x0000, 0x0000, 0x0000, 0x0000, 0x0000, 0x0000, 0x001F, 0x0000,   // 0x0010 (16) pixels
0x001F, 0x001F, 0x0000, 0x0000, 0x0000, 0x0000, 0x0000, 0x0000, 0xFFFF, 0xFFFF, 0xFFFF, 0xFFFF, 0xFFFF, 0xFFFF, 0xFFFF, 0xFFFF,   // 0x0020 (32) pixels
0xFFFF, 0xFFFF, 0xFFFF, 0xFFFF, 0xFFFF, 0xFFFF, 0xFFFF, 0xFFFF, 0xFFFF, 0xFFFF, 0xFFFF, 0xFFFF, 0xFFFF, 0xFFFF, 0xFFFF, 0xFFFF,   // 0x0030 (48) pixels
0xFFFF, 0xFFFF, 0xFFFF, 0xFFFF, 0xFFFF, 0xFFFF, 0xFFFF, 0xFFFF, 0xFFFF, 0xFFFF, 0xFFFF, 0xFFFF, 0xFFFF, 0xFFFF, 0xFFFF, 0xFFFF,   // 0x0040 (64) pixels
0xFFFF, 0xFFFF, 0xFFFF, 0xFFFF, 0xFFFF, 0xFFFF, 0x0000, 0x0000, 0x0000, 0x0000, 0x0000, 0x0000, 0x0000, 0x0000, 0x001F, 0x0000,   // 0x0050 (80) pixels
0x0000, 0x0000, 0x001F, 0x0000, 0x0000, 0x0000, 0x0000, 0x0000, 0x0000, 0x0000, 0xFFFF, 0xFFFF, 0xFFFF, 0xFFFF, 0xFFFF, 0xFFFF,   // 0x0060 (96) pixels
0xFFFF, 0xFFFF, 0xFFFF, 0xFFFF, 0xFFFF, 0xFFFF, 0xFFFF, 0xFFFF, 0xFFFF, 0xFFFF, 0xFFFF, 0xFFFF, 0xFFFF, 0xFFFF, 0xFFFF, 0xFFFF,   // 0x0070 (112) pixels
0xFFFF, 0xFFFF, 0xFFFF, 0xFFFF, 0xFFFF, 0xFFFF, 0xFFFF, 0xFFFF, 0xFFFF, 0xFFFF, 0xFFFF, 0xFFFF, 0xFFFF, 0xFFFF, 0xFFFF, 0xFFFF,   // 0x0080 (128) pixels
0xFFFF, 0xFFFF, 0xFFFF, 0xFFFF, 0xFFFF, 0x0000, 0x0000, 0x0000, 0x0000, 0xFFE0, 0x0000, 0xFFE0, 0x0000, 0x0000, 0x001F, 0x0000,   // 0x0090 (144) pixels
0x0000, 0x001F, 0x0000, 0x0000, 0x0000, 0x0000, 0xFFE0, 0x0000, 0x0000, 0x0000, 0x0000, 0xFFFF, 0xFFFF, 0xFFFF, 0xFFFF, 0xFFFF,   // 0x00A0 (160) pixels
0xFFFF, 0xFFFF, 0xFFFF, 0xFFFF, 0xFFFF, 0xFFFF, 0xFFFF, 0xFFFF, 0xFFFF, 0xFFFF, 0xFFFF, 0xFFFF, 0xFFFF, 0xFFFF, 0xFFFF, 0xFFFF,   // 0x00B0 (176) pixels
0xFFFF, 0xFFFF, 0xFFFF, 0xFFFF, 0xFFFF, 0xFFFF, 0xFFFF, 0xFFFF, 0xFFFF, 0xFFFF, 0xFFFF, 0xFFFF, 0xFFFF, 0xFFFF, 0xFFFF, 0xFFFF,   // 0x00C0 (192) pixels
0xFFFF, 0xFFFF, 0xFFFF, 0xFFFF, 0x0000, 0x0000, 0x0000, 0x0000, 0x0000, 0xFFE0, 0x0000, 0xFFE0, 0x0000, 0x0000, 0x001F, 0x0000,   // 0x00D0 (208) pixels
0x001F, 0x0000, 0x0000, 0x0000, 0x0000, 0x0000, 0xFFE0, 0x0000, 0x0000, 0x0000, 0x0000, 0x0000, 0xFFFF, 0xFFFF, 0xFFFF, 0xFFFF,   // 0x00E0 (224) pixels
0xFFFF, 0xFFFF, 0xFFFF, 0xFFFF, 0xFFFF, 0xFFFF, 0xFFFF, 0xFFFF, 0xFFFF, 0xFFFF, 0xFFFF, 0xFFFF, 0xFFFF, 0xFFFF, 0xFFFF, 0xFFFF,   // 0x00F0 (240) pixels
0xFFFF, 0xFFFF, 0xFFFF, 0xFFFF, 0xFFFF, 0xFFFF, 0xFFFF, 0xFFFF, 0xFFFF, 0xFFFF, 0xFFFF, 0xFFFF, 0xFFFF, 0xFFFF, 0xFFFF, 0xFFFF,   // 0x0100 (256) pixels
0xFFFF, 0xFFFF, 0xFFFF, 0x0000, 0x0000, 0x0000, 0x0000, 0x0000, 0x0000, 0xFFE0, 0x0000, 0xFFE0, 0x0000, 0x0000, 0x001F, 0x0000,   // 0x0110 (272) pixels
0x001F, 0x001F, 0x001F, 0x0000, 0x0000, 0x0000, 0xFFE0, 0x0000, 0x0000, 0x0000, 0x0000, 0x0000, 0x0000, 0xFFFF, 0xFFFF, 0xFFFF,   // 0x0120 (288) pixels
0xFFFF, 0xFFFF, 0xFFFF, 0xFFFF, 0xFFFF, 0xFFFF, 0xFFFF, 0xFFFF, 0xFFFF, 0xFFFF, 0xFFFF, 0xFFFF, 0xFFFF, 0xFFFF, 0xFFFF, 0xFFFF,   // 0x0130 (304) pixels
0xFFFF, 0xFFFF, 0xFFFF, 0xFFFF, 0xFFFF, 0xFFFF, 0xFFFF, 0xFFFF, 0xFFFF, 0xFFFF, 0xFFFF, 0xFFFF, 0xFFFF, 0xFFFF, 0xFFFF, 0xFFFF,   // 0x0140 (320) pixels
0xFFFF, 0xFFFF, 0x0000, 0x0000, 0x0000, 0x0000, 0x0000, 0x0000, 0x0000, 0xFFE0, 0x0000, 0xFFE0, 0x0000, 0x0000, 0x0000, 0x0000,   // 0x0150 (336) pixels
0x0000, 0x0000, 0x0000, 0x0000, 0x0000, 0x0000, 0xFFE0, 0x0000, 0x0000, 0x0000, 0x0000, 0x0000, 0x0000, 0x0000, 0xFFFF, 0xFFFF,   // 0x0160 (352) pixels
0xFFFF, 0xFFFF, 0xFFFF, 0xFFFF, 0xFFFF, 0xFFFF, 0xFFFF, 0xFFFF, 0xFFFF, 0xFFFF, 0xFFFF, 0xFFFF, 0xFFFF, 0xFFFF, 0xFFFF, 0xFFFF,   // 0x0170 (368) pixels
0xFFFF, 0xFFFF, 0xFFFF, 0xFFFF, 0xFFFF, 0xFFFF, 0xFFFF, 0xFFFF, 0xFFFF, 0xFFFF, 0xFFFF, 0xFFFF, 0xFFFF, 0xFFFF, 0xFFFF, 0xFFFF,   // 0x0180 (384) pixels
0xFFFF, 0xFFFF, 0x0000, 0xFFE0, 0x0000, 0x0000, 0xFFE0, 0xFFE0, 0x0000, 0xFFE0, 0x0000, 0xFFE0, 0x0000, 0x0000, 0x0000, 0x0000,   // 0x0190 (400) pixels
0x0000, 0x0000, 0x0000, 0x0000, 0x0000, 0x0000, 0xFFE0, 0x0000, 0x0000, 0x0000, 0xFFE0, 0xFFE0, 0x0000, 0x0000, 0xFFFF, 0xFFFF,   // 0x01A0 (416) pixels
0xFFFF, 0xFFFF, 0xFFFF, 0xFFFF, 0xFFFF, 0xFFFF, 0xFFFF, 0xFFFF, 0xFFFF, 0xFFFF, 0xFFFF, 0xFFFF, 0xFFFF, 0xFFFF, 0xFFFF, 0xFFFF,   // 0x01B0 (432) pixels
0xFFFF, 0xFFFF, 0xFFFF, 0xFFFF, 0xFFFF, 0xFFFF, 0xFFFF, 0xFFFF, 0xFFFF, 0xFFFF, 0xFFFF, 0xFFFF, 0xFFFF, 0xFFFF, 0xFFFF, 0xFFFF,   // 0x01C0 (448) pixels
0xFFFF, 0x0000, 0x0000, 0xFFE0, 0x0000, 0xFFE0, 0x0000, 0xFFE0, 0x0000, 0x0000, 0x0000, 0x0000, 0x0000, 0x0000, 0x0000, 0x0000,   // 0x01D0 (464) pixels
0x0000, 0x0000, 0x0000, 0x0000, 0x0000, 0x0000, 0x0000, 0x0000, 0x0000, 0x0000, 0x0000, 0x0000, 0xFFE0, 0x0000, 0x0000, 0xFFFF,   // 0x01E0 (480) pixels
0xFFFF, 0xFFFF, 0xFFFF, 0xFFFF, 0xFFFF, 0xFFFF, 0xFFFF, 0xFFFF, 0xFFFF, 0xFFFF, 0xFFFF, 0xFFFF, 0xFFFF, 0xFFFF, 0xFFFF, 0xFFFF,   // 0x01F0 (496) pixels
0xFFFF, 0xFFFF, 0xFFFF, 0xFFFF, 0xFFFF, 0xFFFF, 0xFFFF, 0xFFFF, 0xFFFF, 0xFFFF, 0xFFFF, 0xFFFF, 0xFFFF, 0xFFFF, 0xFFFF, 0xFFFF,   // 0x0200 (512) pixels
0xFFFF, 0x0000, 0x0000, 0xFFE0, 0x0000, 0xFFE0, 0x0000, 0xFFE0, 0x0000, 0x0000, 0x0000, 0x0000, 0x0000, 0x0000, 0x0000, 0x0000,   // 0x0210 (528) pixels
0x0000, 0x0000, 0x0000, 0x0000, 0x0000, 0x0000, 0x0000, 0x0000, 0x0000, 0x0000, 0x0000, 0xFFE0, 0x0000, 0x0000, 0x0000, 0xFFFF,   // 0x0220 (544) pixels
0xFFFF, 0xFFFF, 0xFFFF, 0xFFFF, 0xFFFF, 0xFFFF, 0xFFFF, 0xFFFF, 0xFFFF, 0xFFFF, 0xFFFF, 0xFFFF, 0xFFFF, 0xFFFF, 0xFFFF, 0xFFFF,   // 0x0230 (560) pixels
0xFFFF, 0xFFFF, 0xFFFF, 0xFFFF, 0xFFFF, 0xFFFF, 0xFFFF, 0xFFFF, 0xFFFF, 0xFFFF, 0xFFFF, 0xFFFF, 0xFFFF, 0xFFFF, 0xFFFF, 0xFFFF,   // 0x0240 (576) pixels
0x0000, 0x0000, 0x0000, 0xFFE0, 0x0000, 0xFFE0, 0x0000, 0xFFE0, 0x0000, 0x0000, 0x0000, 0x0000, 0x0000, 0x0000, 0x0000, 0x0000,   // 0x0250 (592) pixels
0x0000, 0x0000, 0x0000, 0x0000, 0x0000, 0x0000, 0x0000, 0x0000, 0x0000, 0x0000, 0xFFE0, 0x0000, 0x0000, 0x0000, 0x0000, 0x0000,   // 0x0260 (608) pixels
0xFFFF, 0xFFFF, 0xFFFF, 0xFFFF, 0xFFFF, 0xFFFF, 0xFFFF, 0xFFFF, 0xFFFF, 0xFFFF, 0xFFFF, 0xFFFF, 0xFFFF, 0xFFFF, 0xFFFF, 0xFFFF,   // 0x0270 (624) pixels
0xFFFF, 0xFFFF, 0xFFFF, 0xFFFF, 0xFFFF, 0xFFFF, 0xFFFF, 0xFFFF, 0xFFFF, 0xFFFF, 0xFFFF, 0xFFFF, 0xFFFF, 0xFFFF, 0xFFFF, 0xFFFF,   // 0x0280 (640) pixels
0x0000, 0x0000, 0x0000, 0xFFE0, 0x0000, 0xFFE0, 0xFFE0, 0x0000, 0x0000, 0x0000, 0x0000, 0x0000, 0x0000, 0x0000, 0x0000, 0x0000,   // 0x0290 (656) pixels
0x0000, 0x0000, 0x0000, 0x0000, 0x0000, 0x0000, 0x0000, 0x0000, 0x0000, 0x0000, 0xFFE0, 0xFFE0, 0xFFE0, 0x0000, 0x0000, 0x0000,   // 0x02A0 (672) pixels
0xFFFF, 0xFFFF, 0xFFFF, 0xFFFF, 0xFFFF, 0xFFFF, 0xFFFF, 0xFFFF, 0xFFFF, 0xFFFF, 0xFFFF, 0xFFFF, 0xFFFF, 0xFFFF, 0xFFFF, 0xFFFF,   // 0x02B0 (688) pixels
0xFFFF, 0xFFFF, 0xFFFF, 0xFFFF, 0xFFFF, 0xFFFF, 0xFFFF, 0xFFFF, 0xFFFF, 0xFFFF, 0xFFFF, 0xFFFF, 0xFFFF, 0xFFFF, 0xFFFF, 0xFFFF,   // 0x02C0 (704) pixels
0x0000, 0x0000, 0x0000, 0x0000, 0x0000, 0x0000, 0x0000, 0x0000, 0x0000, 0x0000, 0x0000, 0x0000, 0x0000, 0x0000, 0x0000, 0x0000,   // 0x02D0 (720) pixels
0x0000, 0x0000, 0x0000, 0x0000, 0x0000, 0x0000, 0x0000, 0x0000, 0x0000, 0x0000, 0x0000, 0x0000, 0x0000, 0x0000, 0x0000, 0x0000,   // 0x02E0 (736) pixels
0xFFFF, 0xFFFF, 0xFFFF, 0xFFFF, 0xFFFF, 0xFFFF, 0xFFFF, 0xFFFF, 0xFFFF, 0xFFFF, 0xFFFF, 0xFFFF, 0xFFFF, 0xFFFF, 0xFFFF, 0xFFFF,   // 0x02F0 (752) pixels
0xFFFF, 0xFFFF, 0xFFFF, 0xFFFF, 0xFFFF, 0xFFFF, 0xFFFF, 0xFFFF, 0xFFFF, 0xFFFF, 0xFFFF, 0xFFFF, 0xFFFF, 0xFFFF, 0xFFFF, 0xFFFF,   // 0x0300 (768) pixels
0x0000, 0x0000, 0x0000, 0x0000, 0x0000, 0x0000, 0x0000, 0x0000, 0x0000, 0x0000, 0x0000, 0x0000, 0x0000, 0x0000, 0x0000, 0x0000,   // 0x0310 (784) pixels
0x0000, 0x0000, 0x0000, 0x0000, 0x0000, 0x0000, 0x0000, 0x0000, 0x0000, 0x0000, 0x0000, 0x0000, 0x0000, 0x0000, 0x0000, 0x0000,   // 0x0320 (800) pixels
0xFFFF, 0xFFFF, 0xFFFF, 0xFFFF, 0xFFFF, 0xFFFF, 0xFFFF, 0xFFFF, 0xFFFF, 0xFFFF, 0xFFFF, 0xFFFF, 0xFFFF, 0xFFFF, 0xFFFF, 0xFFFF,   // 0x0330 (816) pixels
0xFFFF, 0xFFFF, 0xFFFF, 0xFFFF, 0xFFFF, 0xFFFF, 0xFFFF, 0xFFFF, 0xFFFF, 0xFFFF, 0xFFFF, 0xFFFF, 0xFFFF, 0xFFFF, 0xFFFF, 0xFFFF,   // 0x0340 (832) pixels
0x001F, 0x001F, 0x001F, 0x0000, 0x0000, 0x0000, 0x0000, 0x0000, 0x0000, 0x0000, 0x0000, 0x0000, 0x0000, 0x0000, 0x0000, 0x0000,   // 0x0350 (848) pixels
0x0000, 0x0000, 0x0000, 0x0000, 0x0000, 0x0000, 0x0000, 0x0000, 0x0000, 0x0000, 0x0000, 0x0000, 0x0000, 0x001F, 0x001F, 0x0000,   // 0x0360 (864) pixels
0xFFFF, 0xFFFF, 0xFFFF, 0xFFFF, 0xFFFF, 0xFFFF, 0xFFFF, 0xFFFF, 0xFFFF, 0xFFFF, 0xFFFF, 0xFFFF, 0xFFFF, 0xFFFF, 0xFFFF, 0xFFFF,   // 0x0370 (880) pixels
0xFFFF, 0xFFFF, 0xFFFF, 0xFFFF, 0xFFFF, 0xFFFF, 0xFFFF, 0xFFFF, 0xFFFF, 0xFFFF, 0xFFFF, 0xFFFF, 0xFFFF, 0xFFFF, 0xFFFF, 0xFFFF,   // 0x0380 (896) pixels
0x001F, 0x0000, 0x001F, 0x0000, 0x0000, 0x0000, 0x0000, 0x0000, 0x0000, 0x0000, 0x0000, 0x0000, 0x0000, 0x0000, 0x0000, 0x0000,   // 0x0390 (912) pixels
0x0000, 0x0000, 0x0000, 0x0000, 0x0000, 0x0000, 0x0000, 0x0000, 0x0000, 0x0000, 0x0000, 0x0000, 0x0000, 0x0000, 0x0000, 0x001F,   // 0x03A0 (928) pixels
0xFFFF, 0xFFFF, 0xFFFF, 0xFFFF, 0xFFFF, 0xFFFF, 0xFFFF, 0xFFFF, 0xFFFF, 0xFFFF, 0xFFFF, 0xFFFF, 0xFFFF, 0xFFFF, 0xFFFF, 0xFFFF,   // 0x03B0 (944) pixels
0xFFFF, 0xFFFF, 0xFFFF, 0xFFFF, 0xFFFF, 0xFFFF, 0xFFFF, 0xFFFF, 0xFFFF, 0xFFFF, 0xFFFF, 0xFFFF, 0xFFFF, 0xFFFF, 0xFFFF, 0xFFFF,   // 0x03C0 (960) pixels
0x001F, 0x001F, 0x001F, 0x0000, 0x0000, 0x0000, 0x0000, 0x0000, 0x0000, 0x0000, 0x0000, 0x0000, 0x0000, 0x0000, 0x0000, 0x0000,   // 0x03D0 (976) pixels
0x0000, 0x0000, 0x0000, 0x0000, 0x0000, 0x0000, 0x0000, 0x0000, 0x0000, 0x0000, 0x0000, 0x0000, 0x0000, 0x0000, 0x001F, 0x0000,   // 0x03E0 (992) pixels
0xFFFF, 0xFFFF, 0xFFFF, 0xFFFF, 0xFFFF, 0xFFFF, 0xFFFF, 0xFFFF, 0xFFFF, 0xFFFF, 0xFFFF, 0xFFFF, 0xFFFF, 0xFFFF, 0xFFFF, 0xFFFF,   // 0x03F0 (1008) pixels
0xFFFF, 0xFFFF, 0xFFFF, 0xFFFF, 0xFFFF, 0xFFFF, 0xFFFF, 0xFFFF, 0xFFFF, 0xFFFF, 0xFFFF, 0xFFFF, 0xFFFF, 0xFFFF, 0xFFFF, 0xFFFF,   // 0x0400 (1024) pixels
0x0000, 0x0000, 0x001F, 0x0000, 0x0000, 0x0000, 0x0000, 0x0000, 0x0000, 0x0000, 0x0000, 0x0000, 0x0000, 0x0000, 0x0000, 0x0000,   // 0x0410 (1040) pixels
0x0000, 0x0000, 0x0000, 0x0000, 0x0000, 0x0000, 0x0000, 0x0000, 0x0000, 0x0000, 0x0000, 0x0000, 0x0000, 0x0000, 0x0000, 0x001F,   // 0x0420 (1056) pixels
0xFFFF, 0xFFFF, 0xFFFF, 0xFFFF, 0xFFFF, 0xFFFF, 0xFFFF, 0xFFFF, 0xFFFF, 0xFFFF, 0xFFFF, 0xFFFF, 0xFFFF, 0xFFFF, 0xFFFF, 0xFFFF,   // 0x0430 (1072) pixels
0xFFFF, 0xFFFF, 0xFFFF, 0xFFFF, 0xFFFF, 0xFFFF, 0xFFFF, 0xFFFF, 0xFFFF, 0xFFFF, 0xFFFF, 0xFFFF, 0xFFFF, 0xFFFF, 0xFFFF, 0xFFFF,   // 0x0440 (1088) pixels
0x001F, 0x001F, 0x0000, 0x0000, 0x0000, 0x0000, 0x0000, 0x0000, 0x0000, 0x0000, 0x0000, 0x0000, 0x0000, 0x0000, 0x0000, 0x0000,   // 0x0450 (1104) pixels
0x0000, 0x0000, 0x0000, 0x0000, 0x0000, 0x0000, 0x0000, 0x0000, 0x0000, 0x0000, 0x0000, 0x0000, 0x0000, 0x001F, 0x001F, 0x0000,   // 0x0460 (1120) pixels
0xFFFF, 0xFFFF, 0xFFFF, 0xFFFF, 0xFFFF, 0xFFFF, 0xFFFF, 0xFFFF, 0xFFFF, 0xFFFF, 0xFFFF, 0xFFFF, 0xFFFF, 0xFFFF, 0xFFFF, 0xFFFF,   // 0x0470 (1136) pixels
0xFFFF, 0xFFFF, 0xFFFF, 0xFFFF, 0xFFFF, 0xFFFF, 0xFFFF, 0xFFFF, 0xFFFF, 0xFFFF, 0xFFFF, 0xFFFF, 0xFFFF, 0xFFFF, 0xFFFF, 0xFFFF,   // 0x0480 (1152) pixels
0x0000, 0x0000, 0x0000, 0x0000, 0x0000, 0x0000, 0x0000, 0x0000, 0x0000, 0x0000, 0x0000, 0x0000, 0x0000, 0x0000, 0x0000, 0x0000,   // 0x0490 (1168) pixels
0x0000, 0x0000, 0x0000, 0x0000, 0x0000, 0x0000, 0x0000, 0x0000, 0x0000, 0x0000, 0x0000, 0x0000, 0x0000, 0x0000, 0x0000, 0x0000,   // 0x04A0 (1184) pixels
0xFFFF, 0xFFFF, 0xFFFF, 0xFFFF, 0xFFFF, 0xFFFF, 0xFFFF, 0xFFFF, 0xFFFF, 0xFFFF, 0xFFFF, 0xFFFF, 0xFFFF, 0xFFFF, 0xFFFF, 0xFFFF,   // 0x04B0 (1200) pixels
0xFFFF, 0xFFFF, 0xFFFF, 0xFFFF, 0xFFFF, 0xFFFF, 0xFFFF, 0xFFFF, 0xFFFF, 0xFFFF, 0xFFFF, 0xFFFF, 0xFFFF, 0xFFFF, 0xFFFF, 0xFFFF,   // 0x04C0 (1216) pixels
0x0000, 0x0000, 0x0000, 0x0000, 0x0000, 0x0000, 0x0000, 0x0000, 0x0000, 0x0000, 0x0000, 0x0000, 0x0000, 0x0000, 0x0000, 0x0000,   // 0x04D0 (1232) pixels
0x0000, 0x0000, 0x0000, 0x0000, 0x0000, 0x0000, 0x0000, 0x0000, 0x0000, 0x0000, 0x0000, 0x0000, 0x0000, 0x0000, 0x0000, 0x0000,   // 0x04E0 (1248) pixels
0xFFFF, 0xFFFF, 0xFFFF, 0xFFFF, 0xFFFF, 0xFFFF, 0xFFFF, 0xFFFF, 0xFFFF, 0xFFFF, 0xFFFF, 0xFFFF, 0xFFFF, 0xFFFF, 0xFFFF, 0xFFFF,   // 0x04F0 (1264) pixels
0xFFFF, 0xFFFF, 0xFFFF, 0xFFFF, 0xFFFF, 0xFFFF, 0xFFFF, 0xFFFF, 0xFFFF, 0xFFFF, 0xFFFF, 0xFFFF, 0xFFFF, 0xFFFF, 0xFFFF, 0xFFFF,   // 0x0500 (1280) pixels
0x0000, 0x0000, 0x0000, 0xFFE0, 0xFFE0, 0xFFE0, 0x0000, 0x0000, 0x0000, 0x0000, 0x0000, 0x0000, 0x0000, 0x0000, 0x0000, 0x0000,   // 0x0510 (1296) pixels
0x0000, 0x0000, 0x0000, 0x0000, 0x0000, 0x0000, 0x0000, 0x0000, 0x0000, 0x0000, 0xFFE0, 0x0000, 0xFFE0, 0x0000, 0x0000, 0x0000,   // 0x0520 (1312) pixels
0xFFFF, 0xFFFF, 0xFFFF, 0xFFFF, 0xFFFF, 0xFFFF, 0xFFFF, 0xFFFF, 0xFFFF, 0xFFFF, 0xFFFF, 0xFFFF, 0xFFFF, 0xFFFF, 0xFFFF, 0xFFFF,   // 0x0530 (1328) pixels
0xFFFF, 0xFFFF, 0xFFFF, 0xFFFF, 0xFFFF, 0xFFFF, 0xFFFF, 0xFFFF, 0xFFFF, 0xFFFF, 0xFFFF, 0xFFFF, 0xFFFF, 0xFFFF, 0xFFFF, 0xFFFF,   // 0x0540 (1344) pixels
0x0000, 0x0000, 0x0000, 0xFFE0, 0x0000, 0xFFE0, 0x0000, 0x0000, 0x0000, 0x0000, 0x0000, 0x0000, 0x0000, 0x0000, 0x0000, 0x0000,   // 0x0550 (1360) pixels
0x0000, 0x0000, 0x0000, 0x0000, 0x0000, 0x0000, 0x0000, 0x0000, 0x0000, 0x0000, 0xFFE0, 0x0000, 0xFFE0, 0x0000, 0x0000, 0x0000,   // 0x0560 (1376) pixels
0xFFFF, 0xFFFF, 0xFFFF, 0xFFFF, 0xFFFF, 0xFFFF, 0xFFFF, 0xFFFF, 0xFFFF, 0xFFFF, 0xFFFF, 0xFFFF, 0xFFFF, 0xFFFF, 0xFFFF, 0xFFFF,   // 0x0570 (1392) pixels
0xFFFF, 0xFFFF, 0xFFFF, 0xFFFF, 0xFFFF, 0xFFFF, 0xFFFF, 0xFFFF, 0xFFFF, 0xFFFF, 0xFFFF, 0xFFFF, 0xFFFF, 0xFFFF, 0xFFFF, 0xFFFF,   // 0x0580 (1408) pixels
0xFFFF, 0x0000, 0x0000, 0xFFE0, 0xFFE0, 0xFFE0, 0x0000, 0x0000, 0x0000, 0x0000, 0x0000, 0x0000, 0x0000, 0x0000, 0x0000, 0x0000,   // 0x0590 (1424) pixels
0x0000, 0x0000, 0x0000, 0x0000, 0x0000, 0x0000, 0x0000, 0x0000, 0x0000, 0x0000, 0xFFE0, 0xFFE0, 0xFFE0, 0x0000, 0x0000, 0xFFFF,   // 0x05A0 (1440) pixels
0xFFFF, 0xFFFF, 0xFFFF, 0xFFFF, 0xFFFF, 0xFFFF, 0xFFFF, 0xFFFF, 0xFFFF, 0xFFFF, 0xFFFF, 0xFFFF, 0xFFFF, 0xFFFF, 0xFFFF, 0xFFFF,   // 0x05B0 (1456) pixels
0xFFFF, 0xFFFF, 0xFFFF, 0xFFFF, 0xFFFF, 0xFFFF, 0xFFFF, 0xFFFF, 0xFFFF, 0xFFFF, 0xFFFF, 0xFFFF, 0xFFFF, 0xFFFF, 0xFFFF, 0xFFFF,   // 0x05C0 (1472) pixels
0xFFFF, 0x0000, 0x0000, 0xFFE0, 0x0000, 0xFFE0, 0x0000, 0x0000, 0x0000, 0x0000, 0x0000, 0x0000, 0x0000, 0x0000, 0x0000, 0x0000,   // 0x05D0 (1488) pixels
0x0000, 0x0000, 0x0000, 0x0000, 0x0000, 0x0000, 0x0000, 0x0000, 0x0000, 0x0000, 0x0000, 0x0000, 0xFFE0, 0x0000, 0x0000, 0xFFFF,   // 0x05E0 (1504) pixels
0xFFFF, 0xFFFF, 0xFFFF, 0xFFFF, 0xFFFF, 0xFFFF, 0xFFFF, 0xFFFF, 0xFFFF, 0xFFFF, 0xFFFF, 0xFFFF, 0xFFFF, 0xFFFF, 0xFFFF, 0xFFFF,   // 0x05F0 (1520) pixels
0xFFFF, 0xFFFF, 0xFFFF, 0xFFFF, 0xFFFF, 0xFFFF, 0xFFFF, 0xFFFF, 0xFFFF, 0xFFFF, 0xFFFF, 0xFFFF, 0xFFFF, 0xFFFF, 0xFFFF, 0xFFFF,   // 0x0600 (1536) pixels
0xFFFF, 0xFFFF, 0x0000, 0xFFE0, 0xFFE0, 0xFFE0, 0x0000, 0x0000, 0x0000, 0x0000, 0x0000, 0x0000, 0x0000, 0x0000, 0x0000, 0x0000,   // 0x0610 (1552) pixels
0x0000, 0x0000, 0x0000, 0x0000, 0x0000, 0x0000, 0x0000, 0x0000, 0x0000, 0x0000, 0x0000, 0x0000, 0xFFE0, 0x0000, 0xFFFF, 0xFFFF,   // 0x0620 (1568) pixels
0xFFFF, 0xFFFF, 0xFFFF, 0xFFFF, 0xFFFF, 0xFFFF, 0xFFFF, 0xFFFF, 0xFFFF, 0xFFFF, 0xFFFF, 0xFFFF, 0xFFFF, 0xFFFF, 0xFFFF, 0xFFFF,   // 0x0630 (1584) pixels
0xFFFF, 0xFFFF, 0xFFFF, 0xFFFF, 0xFFFF, 0xFFFF, 0xFFFF, 0xFFFF, 0xFFFF, 0xFFFF, 0xFFFF, 0xFFFF, 0xFFFF, 0xFFFF, 0xFFFF, 0xFFFF,   // 0x0640 (1600) pixels
0xFFFF, 0xFFFF, 0x0000, 0x0000, 0x0000, 0x0000, 0x0000, 0x0000, 0xFFE0, 0xFFE0, 0xFFE0, 0x0000, 0x0000, 0x0000, 0x0000, 0x0000,   // 0x0650 (1616) pixels
0x0000, 0x0000, 0x0000, 0x0000, 0x0000, 0xFFE0, 0xFFE0, 0xFFE0, 0x0000, 0x0000, 0x0000, 0x0000, 0x0000, 0x0000, 0xFFFF, 0xFFFF,   // 0x0660 (1632) pixels
0xFFFF, 0xFFFF, 0xFFFF, 0xFFFF, 0xFFFF, 0xFFFF, 0xFFFF, 0xFFFF, 0xFFFF, 0xFFFF, 0xFFFF, 0xFFFF, 0xFFFF, 0xFFFF, 0xFFFF, 0xFFFF,   // 0x0670 (1648) pixels
0xFFFF, 0xFFFF, 0xFFFF, 0xFFFF, 0xFFFF, 0xFFFF, 0xFFFF, 0xFFFF, 0xFFFF, 0xFFFF, 0xFFFF, 0xFFFF, 0xFFFF, 0xFFFF, 0xFFFF, 0xFFFF,   // 0x0680 (1664) pixels
0xFFFF, 0xFFFF, 0xFFFF, 0x0000, 0x0000, 0x0000, 0x0000, 0x0000, 0x0000, 0x0000, 0xFFE0, 0x0000, 0x0000, 0x0000, 0x0000, 0x0000,   // 0x0690 (1680) pixels
0x0000, 0x0000, 0x0000, 0x0000, 0x0000, 0xFFE0, 0x0000, 0x0000, 0x0000, 0x0000, 0x0000, 0x0000, 0x0000, 0xFFFF, 0xFFFF, 0xFFFF,   // 0x06A0 (1696) pixels
0xFFFF, 0xFFFF, 0xFFFF, 0xFFFF, 0xFFFF, 0xFFFF, 0xFFFF, 0xFFFF, 0xFFFF, 0xFFFF, 0xFFFF, 0xFFFF, 0xFFFF, 0xFFFF, 0xFFFF, 0xFFFF,   // 0x06B0 (1712) pixels
0xFFFF, 0xFFFF, 0xFFFF, 0xFFFF, 0xFFFF, 0xFFFF, 0xFFFF, 0xFFFF, 0xFFFF, 0xFFFF, 0xFFFF, 0xFFFF, 0xFFFF, 0xFFFF, 0xFFFF, 0xFFFF,   // 0x06C0 (1728) pixels
0xFFFF, 0xFFFF, 0xFFFF, 0xFFFF, 0x0000, 0x0000, 0x0000, 0x0000, 0x0000, 0x0000, 0xFFE0, 0x0000, 0x0000, 0x0000, 0x0000, 0x001F,   // 0x06D0 (1744) pixels
0x001F, 0x0000, 0x0000, 0x0000, 0x0000, 0xFFE0, 0xFFE0, 0x0000, 0x0000, 0x0000, 0x0000, 0x0000, 0xFFFF, 0xFFFF, 0xFFFF, 0xFFFF,   // 0x06E0 (1760) pixels
0xFFFF, 0xFFFF, 0xFFFF, 0xFFFF, 0xFFFF, 0xFFFF, 0xFFFF, 0xFFFF, 0xFFFF, 0xFFFF, 0xFFFF, 0xFFFF, 0xFFFF, 0xFFFF, 0xFFFF, 0xFFFF,   // 0x06F0 (1776) pixels
0xFFFF, 0xFFFF, 0xFFFF, 0xFFFF, 0xFFFF, 0xFFFF, 0xFFFF, 0xFFFF, 0xFFFF, 0xFFFF, 0xFFFF, 0xFFFF, 0xFFFF, 0xFFFF, 0xFFFF, 0xFFFF,   // 0x0700 (1792) pixels
0xFFFF, 0xFFFF, 0xFFFF, 0xFFFF, 0xFFFF, 0x0000, 0x0000, 0x0000, 0x0000, 0x0000, 0xFFE0, 0x0000, 0x0000, 0x0000, 0x001F, 0x0000,   // 0x0710 (1808) pixels
0x0000, 0x0000, 0x0000, 0x0000, 0x0000, 0x0000, 0x0000, 0xFFE0, 0x0000, 0x0000, 0x0000, 0xFFFF, 0xFFFF, 0xFFFF, 0xFFFF, 0xFFFF,   // 0x0720 (1824) pixels
0xFFFF, 0xFFFF, 0xFFFF, 0xFFFF, 0xFFFF, 0xFFFF, 0xFFFF, 0xFFFF, 0xFFFF, 0xFFFF, 0xFFFF, 0xFFFF, 0xFFFF, 0xFFFF, 0xFFFF, 0xFFFF,   // 0x0730 (1840) pixels
0xFFFF, 0xFFFF, 0xFFFF, 0xFFFF, 0xFFFF, 0xFFFF, 0xFFFF, 0xFFFF, 0xFFFF, 0xFFFF, 0xFFFF, 0xFFFF, 0xFFFF, 0xFFFF, 0xFFFF, 0xFFFF,   // 0x0740 (1856) pixels
0xFFFF, 0xFFFF, 0xFFFF, 0xFFFF, 0xFFFF, 0xFFFF, 0x0000, 0x0000, 0x0000, 0x0000, 0xFFE0, 0x0000, 0x0000, 0x0000, 0x001F, 0x001F,   // 0x0750 (1872) pixels
0x001F, 0x0000, 0x0000, 0x0000, 0x0000, 0xFFE0, 0xFFE0, 0x0000, 0x0000, 0x0000, 0xFFFF, 0xFFFF, 0xFFFF, 0xFFFF, 0xFFFF, 0xFFFF,   // 0x0760 (1888) pixels
0xFFFF, 0xFFFF, 0xFFFF, 0xFFFF, 0xFFFF, 0xFFFF, 0xFFFF, 0xFFFF, 0xFFFF, 0xFFFF, 0xFFFF, 0xFFFF, 0xFFFF, 0xFFFF, 0xFFFF, 0xFFFF,   // 0x0770 (1904) pixels
0xFFFF, 0xFFFF, 0xFFFF, 0xFFFF, 0xFFFF, 0xFFFF, 0xFFFF, 0xFFFF, 0xFFFF, 0xFFFF, 0xFFFF, 0xFFFF, 0xFFFF, 0xFFFF, 0xFFFF, 0xFFFF,   // 0x0780 (1920) pixels
0xFFFF, 0xFFFF, 0xFFFF, 0xFFFF, 0xFFFF, 0xFFFF, 0xFFFF, 0x0000, 0x0000, 0x0000, 0x0000, 0x0000, 0x0000, 0x0000, 0x001F, 0x0000,   // 0x0790 (1936) pixels
0x001F, 0x0000, 0x0000, 0x0000, 0x0000, 0x0000, 0x0000, 0x0000, 0xFFFF, 0xFFFF, 0xFFFF, 0xFFFF, 0xFFFF, 0xFFFF, 0xFFFF, 0xFFFF,   // 0x07A0 (1952) pixels
0xFFFF, 0xFFFF, 0xFFFF, 0xFFFF, 0xFFFF, 0xFFFF, 0xFFFF, 0xFFFF, 0xFFFF, 0xFFFF, 0xFFFF, 0xFFFF, 0xFFFF, 0xFFFF, 0xFFFF, 0xFFFF,   // 0x07B0 (1968) pixels
0xFFFF, 0xFFFF, 0xFFFF, 0xFFFF, 0xFFFF, 0xFFFF, 0xFFFF, 0xFFFF, 0xFFFF, 0xFFFF, 0xFFFF, 0xFFFF, 0xFFFF, 0xFFFF, 0xFFFF, 0xFFFF,   // 0x07C0 (1984) pixels
0xFFFF, 0xFFFF, 0xFFFF, 0xFFFF, 0xFFFF, 0xFFFF, 0xFFFF, 0xFFFF, 0xFFFF, 0xFFFF, 0x0000, 0x0000, 0x0000, 0x0000, 0x001F, 0x001F,   // 0x07D0 (2000) pixels
0x001F, 0x0000, 0x0000, 0x0000, 0x0000, 0xFFFF, 0xFFFF, 0xFFFF, 0xFFFF, 0xFFFF, 0xFFFF, 0xFFFF, 0xFFFF, 0xFFFF, 0xFFFF, 0xFFFF,   // 0x07E0 (2016) pixels
0xFFFF, 0xFFFF, 0xFFFF, 0xFFFF, 0xFFFF, 0xFFFF, 0xFFFF, 0xFFFF, 0xFFFF, 0xFFFF, 0xFFFF, 0xFFFF, 0xFFFF, 0xFFFF, 0xFFFF, 0xFFFF,   // 0x07F0 (2032) pixels
0xFFFF, 0xFFFF, 0xFFFF, 0xFFFF, 0xFFFF, 0xFFFF, 0xFFFF, 0xFFFF, 0xFFFF, 0xFFFF, 0xFFFF, 0xFFFF, 0xFFFF, 0xFFFF, 0xFFFF, 0xFFFF,   // 0x0800 (2048) pixels
};

const unsigned short MASK_Clock_Ticks[2048] PROGMEM={
0xFFFF, 0xFFFF, 0xFFFF, 0xFFFF, 0xFFFF, 0xFFFF, 0xFFFF, 0xFFFF, 0x0000, 0x0000, 0x0000, 0x0000, 0x0000, 0x0000, 0x0000, 0x0000,   // 0x0010 (16) pixels
0x0000, 0x0000, 0x0000, 0x0000, 0x0000, 0x0000, 0x0000, 0x0000, 0xFFFF, 0xFFFF, 0xFFFF, 0xFFFF, 0xFFFF, 0xFFFF, 0xFFFF, 0xFFFF,   // 0x0020 (32) pixels
0xFFFF, 0xFFFF, 0xFFFF, 0xFFFF, 0xFFFF, 0xFFFF, 0xFFFF, 0xFFFF, 0xFFFF, 0xFFFF, 0xFFFF, 0xFFFF, 0xFFFF, 0xFFFF, 0xFFFF, 0xFFFF,   // 0x0030 (48) pixels
0xFFFF, 0xFFFF, 0xFFFF, 0xFFFF, 0xFFFF, 0xFFFF, 0xFFFF, 0xFFFF, 0xFFFF, 0xFFFF, 0xFFFF, 0xFFFF, 0xFFFF, 0xFFFF, 0xFFFF, 0xFFFF,   // 0x0040 (64) pixels
0xFFFF, 0xFFFF, 0xFFFF, 0xFFFF, 0xFFFF, 0xFFFF, 0x0000, 0x0000, 0x0000, 0x0000, 0x0000, 0x0000, 0x0000, 0x0000, 0x0000, 0xF800,   // 0x0050 (80) pixels
0x0000, 0x0000, 0x0000, 0x0000, 0x0000, 0x0000, 0x0000, 0x0000, 0x0000, 0x0000, 0xFFFF, 0xFFFF, 0xFFFF, 0xFFFF, 0xFFFF, 0xFFFF,   // 0x0060 (96) pixels
0xFFFF, 0xFFFF, 0xFFFF, 0xFFFF, 0xFFFF, 0xFFFF, 0xFFFF, 0xFFFF, 0xFFFF, 0xFFFF, 0xFFFF, 0xFFFF, 0xFFFF, 0xFFFF, 0xFFFF, 0xFFFF,   // 0x0070 (112) pixels
0xFFFF, 0xFFFF, 0xFFFF, 0xFFFF, 0xFFFF, 0xFFFF, 0xFFFF, 0xFFFF, 0xFFFF, 0xFFFF, 0xFFFF, 0xFFFF, 0xFFFF, 0xFFFF, 0xFFFF, 0xFFFF,   // 0x0080 (128) pixels
0xFFFF, 0xFFFF, 0xFFFF, 0xFFFF, 0xFFFF, 0x0000, 0x0000, 0x07E0, 0x0000, 0x0000, 0x0000, 0x0000, 0x0000, 0x0000, 0x0000, 0xF800,   // 0x0090 (144) pixels
0x0000, 0x0000, 0x0000, 0x0000, 0x0000, 0x0000, 0x0000, 0x0000, 0x07E0, 0x0000, 0x0000, 0xFFFF, 0xFFFF, 0xFFFF, 0xFFFF, 0xFFFF,   // 0x00A0 (160) pixels
0xFFFF, 0xFFFF, 0xFFFF, 0xFFFF, 0xFFFF, 0xFFFF, 0xFFFF, 0xFFFF, 0xFFFF, 0xFFFF, 0xFFFF, 0xFFFF, 0xFFFF, 0xFFFF, 0xFFFF, 0xFFFF,   // 0x00B0 (176) pixels
0xFFFF, 0xFFFF, 0xFFFF, 0xFFFF, 0xFFFF, 0xFFFF, 0xFFFF, 0xFFFF, 0xFFFF, 0xFFFF, 0xFFFF, 0xFFFF, 0xFFFF, 0xFFFF, 0xFFFF, 0xFFFF,   // 0x00C0 (192) pixels
0xFFFF, 0xFFFF, 0xFFFF, 0xFFFF, 0x0000, 0x0000, 0x0000, 0x0000, 0x0000, 0x0000, 0x0000, 0x0000, 0x0000, 0x0000, 0x0000, 0xF800,   // 0x00D0 (208) pixels
0x0000, 0x0000, 0x0000, 0x0000, 0x0000, 0x0000, 0x0000, 0x0000, 0x0000, 0x0000, 0x0000, 0x0000, 0xFFFF, 0xFFFF, 0xFFFF, 0xFFFF,   // 0x00E0 (224) pixels
0xFFFF, 0xFFFF, 0xFFFF, 0xFFFF, 0xFFFF, 0xFFFF, 0xFFFF, 0xFFFF, 0xFFFF, 0xFFFF, 0xFFFF, 0xFFFF, 0xFFFF, 0xFFFF, 0xFFFF, 0xFFFF,   // 0x00F0 (240) pixels
0xFFFF, 0xFFFF, 0xFFFF, 0xFFFF, 0xFFFF, 0xFFFF, 0xFFFF, 0xFFFF, 0xFFFF, 0xFFFF, 0xFFFF, 0xFFFF, 0xFFFF, 0xFFFF, 0xFFFF, 0xFFFF,   // 0x0100 (256) pixels
0xFFFF, 0xFFFF, 0xFFFF, 0x0000, 0x0000, 0x0000, 0x0000, 0x0000, 0x0000, 0x0000, 0x0000, 0x0000, 0x0000, 0x0000, 0x0000, 0x0000,   // 0x0110 (272) pixels
0x0000, 0x0000, 0x0000, 0x0000, 0x0000, 0x0000, 0x0000, 0x0000, 0x0000, 0x0000, 0x0000, 0x0000, 0x0000, 0xFFFF, 0xFFFF, 0xFFFF,   // 0x0120 (288) pixels
0xFFFF, 0xFFFF, 0xFFFF, 0xFFFF, 0xFFFF, 0xFFFF, 0xFFFF, 0xFFFF, 0xFFFF, 0xFFFF, 0xFFFF, 0xFFFF, 0xFFFF, 0xFFFF, 0xFFFF, 0xFFFF,   // 0x0130 (304) pixels
0xFFFF, 0xFFFF, 0xFFFF, 0xFFFF, 0xFFFF, 0xFFFF, 0xFFFF, 0xFFFF, 0xFFFF, 0xFFFF, 0xFFFF, 0xFFFF, 0xFFFF, 0xFFFF, 0xFFFF, 0xFFFF,   // 0x0140 (320) pixels
0xFFFF, 0xFFFF, 0x0000, 0x0000, 0x0000, 0x0000, 0x0000, 0x0000, 0x0000, 0x0000, 0x0000, 0x0000, 0x0000, 0x0000, 0x0000, 0x0000,   // 0x0150 (336) pixels
0x0000, 0x0000, 0x0000, 0x0000, 0x0000, 0x0000, 0x0000, 0x0000, 0x0000, 0x0000, 0x0000, 0x0000, 0x0000, 0x0000, 0xFFFF, 0xFFFF,   // 0x0160 (352) pixels
0xFFFF, 0xFFFF, 0xFFFF, 0xFFFF, 0xFFFF, 0xFFFF, 0xFFFF, 0xFFFF, 0xFFFF, 0xFFFF, 0xFFFF, 0xFFFF, 0xFFFF, 0xFFFF, 0xFFFF, 0xFFFF,   // 0x0170 (368) pixels
0xFFFF, 0xFFFF, 0xFFFF, 0xFFFF, 0xFFFF, 0xFFFF, 0xFFFF, 0xFFFF, 0xFFFF, 0xFFFF, 0xFFFF, 0xFFFF, 0xFFFF, 0xFFFF, 0xFFFF, 0xFFFF,   // 0x0180 (384) pixels
0xFFFF, 0xFFFF, 0x0000, 0x0000, 0x0000, 0x0000, 0x0000, 0x0000, 0x0000, 0x0000, 0x0000, 0x0000, 0x0000, 0x0000, 0x0000, 0x0000,   // 0x0190 (400) pixels
0x0000, 0x0000, 0x0000, 0x0000, 0x0000, 0x0000, 0x0000, 0x0000, 0x0000, 0x0000, 0x0000, 0x0000, 0x0000, 0x0000, 0xFFFF, 0xFFFF,   // 0x01A0 (416) pixels
0xFFFF, 0xFFFF, 0xFFFF, 0xFFFF, 0xFFFF, 0xFFFF, 0xFFFF, 0xFFFF, 0xFFFF, 0xFFFF, 0xFFFF, 0xFFFF, 0xFFFF, 0xFFFF, 0xFFFF, 0xFFFF,   // 0x01B0 (432) pixels
0xFFFF, 0xFFFF, 0xFFFF, 0xFFFF, 0xFFFF, 0xFFFF, 0xFFFF, 0xFFFF, 0xFFFF, 0xFFFF, 0xFFFF, 0xFFFF, 0xFFFF, 0xFFFF, 0xFFFF, 0xFFFF,   // 0x01C0 (448) pixels
0xFFFF, 0x0000, 0x0000, 0x0000, 0x0000, 0x0000, 0x0000, 0x0000, 0x0000, 0x0000, 0x0000, 0x0000, 0x0000, 0x0000, 0x0000, 0x0000,   // 0x01D0 (464) pixels
0x0000, 0x0000, 0x0000, 0x0000, 0x0000, 0x0000, 0x0000, 0x0000, 0x0000, 0x0000, 0x0000, 0x0000, 0x0000, 0x0000, 0x0000, 0xFFFF,   // 0x01E0 (480) pixels
0xFFFF, 0xFFFF, 0xFFFF, 0xFFFF, 0xFFFF, 0xFFFF, 0xFFFF, 0xFFFF, 0xFFFF, 0xFFFF, 0xFFFF, 0xFFFF, 0xFFFF, 0xFFFF, 0xFFFF, 0xFFFF,   // 0x01F0 (496) pixels
0xFFFF, 0xFFFF, 0xFFFF, 0xFFFF, 0xFFFF, 0xFFFF, 0xFFFF, 0xFFFF, 0xFFFF, 0xFFFF, 0xFFFF, 0xFFFF, 0xFFFF, 0xFFFF, 0xFFFF, 0xFFFF,   // 0x0200 (512) pixels
0xFFFF, 0x0000, 0x0000, 0x07E0, 0x0000, 0x0000, 0x0000, 0x0000, 0x0000, 0x0000, 0x0000, 0x0000, 0x0000, 0x0000, 0x0000, 0x0000,   // 0x0210 (528) pixels
0x0000, 0x0000, 0x0000, 0x0000, 0x0000, 0x0000, 0x0000, 0x0000, 0x0000, 0x0000, 0x0000, 0x0000, 0x07E0, 0x0000, 0x0000, 0xFFFF,   // 0x0220 (544) pixels
0xFFFF, 0xFFFF, 0xFFFF, 0xFFFF, 0xFFFF, 0xFFFF, 0xFFFF, 0xFFFF, 0xFFFF, 0xFFFF, 0xFFFF, 0xFFFF, 0xFFFF, 0xFFFF, 0xFFFF, 0xFFFF,   // 0x0230 (560) pixels
0xFFFF, 0xFFFF, 0xFFFF, 0xFFFF, 0xFFFF, 0xFFFF, 0xFFFF, 0xFFFF, 0xFFFF, 0xFFFF, 0xFFFF, 0xFFFF, 0xFFFF, 0xFFFF, 0xFFFF, 0xFFFF,   // 0x0240 (576) pixels
0x0000, 0x0000, 0x0000, 0x0000, 0x0000, 0x0000, 0x0000, 0x0000, 0x0000, 0x0000, 0x0000, 0x0000, 0x0000, 0x0000, 0x0000, 0x0000,   // 0x0250 (592) pixels
0x0000, 0x0000, 0x0000, 0x0000, 0x0000, 0x0000, 0x0000, 0x0000, 0x0000, 0x0000, 0x0000, 0x0000, 0x0000, 0x0000, 0x0000, 0x0000,   // 0x0260 (608) pixels
0xFFFF, 0xFFFF, 0xFFFF, 0xFFFF, 0xFFFF, 0xFFFF, 0xFFFF, 0xFFFF, 0xFFFF, 0xFFFF, 0xFFFF, 0xFFFF, 0xFFFF, 0xFFFF, 0xFFFF, 0xFFFF,   // 0x0270 (624) pixels
0xFFFF, 0xFFFF, 0xFFFF, 0xFFFF, 0xFFFF, 0xFFFF, 0xFFFF, 0xFFFF, 0xFFFF, 0xFFFF, 0xFFFF, 0xFFFF, 0xFFFF, 0xFFFF, 0xFFFF, 0xFFFF,   // 0x0280 (640) pixels
0x0000, 0x0000, 0x0000, 0x0000, 0x0000, 0x0000, 0x0000, 0x0000, 0x0000, 0x0000, 0x0000, 0x0000, 0x0000, 0x0000, 0x0000, 0x0000,   // 0x0290 (656) pixels
0x0000, 0x0000, 0x0000, 0x0000, 0x0000, 0x0000, 0x0000, 0x0000, 0x0000, 0x0000, 0x0000, 0x0000, 0x0000, 0x0000, 0x0000, 0x0000,   // 0x02A0 (672) pixels
0xFFFF, 0xFFFF, 0xFFFF, 0xFFFF, 0xFFFF, 0xFFFF, 0xFFFF, 0xFFFF, 0xFFFF, 0xFFFF, 0xFFFF, 0xFFFF, 0xFFFF, 0xFFFF, 0xFFFF, 0xFFFF,   // 0x02B0 (688) pixels
0xFFFF, 0xFFFF, 0xFFFF, 0xFFFF, 0xFFFF, 0xFFFF, 0xFFFF, 0xFFFF, 0xFFFF, 0xFFFF, 0xFFFF, 0xFFFF, 0xFFFF, 0xFFFF, 0xFFFF, 0xFFFF,   // 0x02C0 (704) pixels
0x0000, 0x0000, 0x0000, 0x0000, 0x0000, 0x0000, 0x0000, 0x0000, 0x0000, 0x0000, 0x0000, 0x0000, 0x0000, 0x0000, 0x0000, 0x0000,   // 0x02D0 (720) pixels
0x0000, 0x0000, 0x0000, 0x0000, 0x0000, 0x0000, 0x0000, 0x0000, 0x0000, 0x0000, 0x0000, 0x0000, 0x0000, 0x0000, 0x0000, 0x0000,   // 0x02E0 (736) pixels
0xFFFF, 0xFFFF, 0xFFFF, 0xFFFF, 0xFFFF, 0xFFFF, 0xFFFF, 0xFFFF, 0xFFFF, 0xFFFF, 0xFFFF, 0xFFFF, 0xFFFF, 0xFFFF, 0xFFFF, 0xFFFF,   // 0x02F0 (752) pixels
0xFFFF, 0xFFFF, 0xFFFF, 0xFFFF, 0xFFFF, 0xFFFF, 0xFFFF, 0xFFFF, 0xFFFF, 0xFFFF, 0xFFFF, 0xFFFF, 0xFFFF, 0xFFFF, 0xFFFF, 0xFFFF,   // 0x0300 (768) pixels
0x0000, 0x0000, 0x0000, 0x0000, 0x0000, 0x0000, 0x0000, 0x0000, 0x0000, 0x0000, 0x0000, 0x0000, 0x0000, 0x0000, 0x0000, 0x0000,   // 0x0310 (784) pixels
0x0000, 0x0000, 0x0000, 0x0000, 0x0000, 0x0000, 0x0000, 0x0000, 0x0000, 0x0000, 0x0000, 0x0000, 0x0000, 0x0000, 0x0000, 0x0000,   // 0x0320 (800) pixels
0xFFFF, 0xFFFF, 0xFFFF, 0xFFFF, 0xFFFF, 0xFFFF, 0xFFFF, 0xFFFF, 0xFFFF, 0xFFFF, 0xFFFF, 0xFFFF, 0xFFFF, 0xFFFF, 0xFFFF, 0xFFFF,   // 0x0330 (816) pixels
0xFFFF, 0xFFFF, 0xFFFF, 0xFFFF, 0xFFFF, 0xFFFF, 0xFFFF, 0xFFFF, 0xFFFF, 0xFFFF, 0xFFFF, 0xFFFF, 0xFFFF, 0xFFFF, 0xFFFF, 0xFFFF,   // 0x0340 (832) pixels
0x0000, 0x0000, 0x0000, 0x0000, 0x0000, 0x0000, 0x0000, 0x0000, 0x0000, 0x0000, 0x0000, 0x0000, 0x0000, 0x0000, 0x0000, 0x0000,   // 0x0350 (848) pixels
0x0000, 0x0000, 0x0000, 0x0000, 0x0000, 0x0000, 0x0000, 0x0000, 0x0000, 0x0000, 0x0000, 0x0000, 0x0000, 0x0000, 0x0000, 0x0000,   // 0x0360 (864) pixels
0xFFFF, 0xFFFF, 0xFFFF, 0xFFFF, 0xFFFF, 0xFFFF, 0xFFFF, 0xFFFF, 0xFFFF, 0xFFFF, 0xFFFF, 0xFFFF, 0xFFFF, 0xFFFF, 0xFFFF, 0xFFFF,   // 0x0370 (880) pixels
0xFFFF, 0xFFFF, 0xFFFF, 0xFFFF, 0xFFFF, 0xFFFF, 0xFFFF, 0xFFFF, 0xFFFF, 0xFFFF, 0xFFFF, 0xFFFF, 0xFFFF, 0xFFFF, 0xFFFF, 0xFFFF,   // 0x0380 (896) pixels
0x0000, 0x0000, 0x0000, 0x0000, 0x0000, 0x0000, 0x0000, 0x0000, 0x0000, 0x0000, 0x0000, 0x0000, 0x0000, 0x0000, 0x0000, 0x0000,   // 0x0390 (912) pixels
0x0000, 0x0000, 0x0000, 0x0000, 0x0000, 0x0000, 0x0000, 0x0000, 0x0000, 0x0000, 0x0000, 0x0000, 0x0000, 0x0000, 0x0000, 0x0000,   // 0x03A0 (928) pixels
0xFFFF, 0xFFFF, 0xFFFF, 0xFFFF, 0xFFFF, 0xFFFF, 0xFFFF, 0xFFFF, 0xFFFF, 0xFFFF, 0xFFFF, 0xFFFF, 0xFFFF, 0xFFFF, 0xFFFF, 0xFFFF,   // 0x03B0 (944) pixels
0xFFFF, 0xFFFF, 0xFFFF, 0xFFFF, 0xFFFF, 0xFFFF, 0xFFFF, 0xFFFF, 0xFFFF, 0xFFFF, 0xFFFF, 0xFFFF, 0xFFFF, 0xFFFF, 0xFFFF, 0xFFFF,   // 0x03C0 (960) pixels
0x0000, 0xF800, 0xF800, 0xF800, 0x0000, 0x0000, 0x0000, 0x0000, 0x0000, 0x0000, 0x0000, 0x0000, 0x0000, 0x0000, 0x0000, 0x0000,   // 0x03D0 (976) pixels
0x0000, 0x0000, 0x0000, 0x0000, 0x0000, 0x0000, 0x0000, 0x0000, 0x0000, 0x0000, 0x0000, 0x0000, 0xF800, 0xF800, 0xF800, 0x0000,   // 0x03E0 (992) pixels
0xFFFF, 0xFFFF, 0xFFFF, 0xFFFF, 0xFFFF, 0xFFFF, 0xFFFF, 0xFFFF, 0xFFFF, 0xFFFF, 0xFFFF, 0xFFFF, 0xFFFF, 0xFFFF, 0xFFFF, 0xFFFF,   // 0x03F0 (1008) pixels
0xFFFF, 0xFFFF, 0xFFFF, 0xFFFF, 0xFFFF, 0xFFFF, 0xFFFF, 0xFFFF, 0xFFFF, 0xFFFF, 0xFFFF, 0xFFFF, 0xFFFF, 0xFFFF, 0xFFFF, 0xFFFF,   // 0x0400 (1024) pixels
0x0000, 0x0000, 0x0000, 0x0000, 0x0000, 0x0000, 0x0000, 0x0000, 0x0000, 0x0000, 0x0000, 0x0000, 0x0000, 0x0000, 0x0000, 0x0000,   // 0x0410 (1040) pixels
0x0000, 0x0000, 0x0000, 0x0000, 0x0000, 0x0000, 0x0000, 0x0000, 0x0000, 0x0000, 0x0000, 0x0000, 0x0000, 0x0000, 0x0000, 0x0000,   // 0x0420 (1056) pixels
0xFFFF, 0xFFFF, 0xFFFF, 0xFFFF, 0xFFFF, 0xFFFF, 0xFFFF, 0xFFFF, 0xFFFF, 0xFFFF, 0xFFFF, 0xFFFF, 0xFFFF, 0xFFFF, 0xFFFF, 0xFFFF,   // 0x0430 (1072) pixels
0xFFFF, 0xFFFF, 0xFFFF, 0xFFFF, 0xFFFF, 0xFFFF, 0xFFFF, 0xFFFF, 0xFFFF, 0xFFFF, 0xFFFF, 0xFFFF, 0xFFFF, 0xFFFF, 0xFFFF, 0xFFFF,   // 0x0440 (1088) pixels
0x0000, 0x0000, 0x0000, 0x0000, 0x0000, 0x0000, 0x0000, 0x0000, 0x0000, 0x0000, 0x0000, 0x0000, 0x0000, 0x0000, 0x0000, 0x0000,   // 0x0450 (1104) pixels
0x0000, 0x0000, 0x0000, 0x0000, 0x0000, 0x0000, 0x0000, 0x0000, 0x0000, 0x0000, 0x0000, 0x0000, 0x0000, 0x0000, 0x0000, 0x0000,   // 0x0460 (1120) pixels
0xFFFF, 0xFFFF, 0xFFFF, 0xFFFF, 0xFFFF, 0xFFFF, 0xFFFF, 0xFFFF, 0xFFFF, 0xFFFF, 0xFFFF, 0xFFFF, 0xFFFF, 0xFFFF, 0xFFFF, 0xFFFF,   // 0x0470 (1136) pixels
0xFFFF, 0xFFFF, 0xFFFF, 0xFFFF, 0xFFFF, 0xFFFF, 0xFFFF, 0xFFFF, 0xFFFF, 0xFFFF, 0xFFFF, 0xFFFF, 0xFFFF, 0xFFFF, 0xFFFF, 0xFFFF,   // 0x0480 (1152) pixels
0x0000, 0x0000, 0x0000, 0x0000, 0x0000, 0x0000, 0x0000, 0x0000, 0x0000, 0x0000, 0x0000, 0x0000, 0x0000, 0x0000, 0x0000, 0x0000,   // 0x0490 (1168) pixels
0x0000, 0x0000, 0x0000, 0x0000, 0x0000, 0x0000, 0x0000, 0x0000, 0x0000, 0x0000, 0x0000, 0x0000, 0x0000, 0x0000, 0x0000, 0x0000,   // 0x04A0 (1184) pixels
0xFFFF, 0xFFFF, 0xFFFF, 0xFFFF, 0xFFFF, 0xFFFF, 0xFFFF, 0xFFFF, 0xFFFF, 0xFFFF, 0xFFFF, 0xFFFF, 0xFFFF, 0xFFFF, 0xFFFF, 0xFFFF,   // 0x04B0 (1200) pixels
0xFFFF, 0xFFFF, 0xFFFF, 0xFFFF, 0xFFFF, 0xFFFF, 0xFFFF, 0xFFFF, 0xFFFF, 0xFFFF, 0xFFFF, 0xFFFF, 0xFFFF, 0xFFFF, 0xFFFF, 0xFFFF,   // 0x04C0 (1216) pixels
0x0000, 0x0000, 0x0000, 0x0000, 0x0000, 0x0000, 0x0000, 0x0000, 0x0000, 0x0000, 0x0000, 0x0000, 0x0000, 0x0000, 0x0000, 0x0000,   // 0x04D0 (1232) pixels
0x0000, 0x0000, 0x0000, 0x0000, 0x0000, 0x0000, 0x0000, 0x0000, 0x0000, 0x0000, 0x0000, 0x0000, 0x0000, 0x0000, 0x0000, 0x0000,   // 0x04E0 (1248) pixels
0xFFFF, 0xFFFF, 0xFFFF, 0xFFFF, 0xFFFF, 0xFFFF, 0xFFFF, 0xFFFF, 0xFFFF, 0xFFFF, 0xFFFF, 0xFFFF, 0xFFFF, 0xFFFF, 0xFFFF, 0xFFFF,   // 0x04F0 (1264) pixels
0xFFFF, 0xFFFF, 0xFFFF, 0xFFFF, 0xFFFF, 0xFFFF, 0xFFFF, 0xFFFF, 0xFFFF, 0xFFFF, 0xFFFF, 0xFFFF, 0xFFFF, 0xFFFF, 0xFFFF, 0xFFFF,   // 0x0500 (1280) pixels
0x0000, 0x0000, 0x0000, 0x0000, 0x0000, 0x0000, 0x0000, 0x0000, 0x0000, 0x0000, 0x0000, 0x0000, 0x0000, 0x0000, 0x0000, 0x0000,   // 0x0510 (1296) pixels
0x0000, 0x0000, 0x0000, 0x0000, 0x0000, 0x0000, 0x0000, 0x0000, 0x0000, 0x0000, 0x0000, 0x0000, 0x0000, 0x0000, 0x0000, 0x0000,   // 0x0520 (1312) pixels
0xFFFF, 0xFFFF, 0xFFFF, 0xFFFF, 0xFFFF, 0xFFFF, 0xFFFF, 0xFFFF, 0xFFFF, 0xFFFF, 0xFFFF, 0xFFFF, 0xFFFF, 0xFFFF, 0xFFFF, 0xFFFF,   // 0x0530 (1328) pixels
0xFFFF, 0xFFFF, 0xFFFF, 0xFFFF, 0xFFFF, 0xFFFF, 0xFFFF, 0xFFFF, 0xFFFF, 0xFFFF, 0xFFFF, 0xFFFF, 0xFFFF, 0xFFFF, 0xFFFF, 0xFFFF,   // 0x0540 (1344) pixels
0x0000, 0x0000, 0x0000, 0x0000, 0x0000, 0x0000, 0x0000, 0x0000, 0x0000, 0x0000, 0x0000, 0x0000, 0x0000, 0x0000, 0x0000, 0x0000,   // 0x0550 (1360) pixels
0x0000, 0x0000, 0x0000, 0x0000, 0x0000, 0x0000, 0x0000, 0x0000, 0x0000, 0x0000, 0x0000, 0x0000, 0x0000, 0x0000, 0x0000, 0x0000,   // 0x0560 (1376) pixels
0xFFFF, 0xFFFF, 0xFFFF, 0xFFFF, 0xFFFF, 0xFFFF, 0xFFFF, 0xFFFF, 0xFFFF, 0xFFFF, 0xFFFF, 0xFFFF, 0xFFFF, 0xFFFF, 0xFFFF, 0xFFFF,   // 0x0570 (1392) pixels
0xFFFF, 0xFFFF, 0xFFFF, 0xFFFF, 0xFFFF, 0xFFFF, 0xFFFF, 0xFFFF, 0xFFFF, 0xFFFF, 0xFFFF, 0xFFFF, 0xFFFF, 0xFFFF, 0xFFFF, 0xFFFF,   // 0x0580 (1408) pixels
0xFFFF, 0x0000, 0x0000, 0x07E0, 0x0000, 0x0000, 0x0000, 0x0000, 0x0000, 0x0000, 0x0000, 0x0000, 0x0000, 0x0000, 0x0000, 0x0000,   // 0x0590 (1424) pixels
0x0000, 0x0000, 0x0000, 0x0000, 0x0000, 0x0000, 0x0000, 0x0000, 0x0000, 0x0000, 0x0000, 0x0000, 0x07E0, 0x0000, 0x0000, 0xFFFF,   // 0x05A0 (1440) pixels
0xFFFF, 0xFFFF, 0xFFFF, 0xFFFF, 0xFFFF, 0xFFFF, 0xFFFF, 0xFFFF, 0xFFFF, 0xFFFF, 0xFFFF, 0xFFFF, 0xFFFF, 0xFFFF, 0xFFFF, 0xFFFF,   // 0x05B0 (1456) pixels
0xFFFF, 0xFFFF, 0xFFFF, 0xFFFF, 0xFFFF, 0xFFFF, 0xFFFF, 0xFFFF, 0xFFFF, 0xFFFF, 0xFFFF, 0xFFFF, 0xFFFF, 0xFFFF, 0xFFFF, 0xFFFF,   // 0x05C0 (1472) pixels
0xFFFF, 0x0000, 0x0000, 0x0000, 0x0000, 0x0000, 0x0000, 0x0000, 0x0000, 0x0000, 0x0000, 0x0000, 0x0000, 0x0000, 0x0000, 0x0000,   // 0x05D0 (1488) pixels
0x0000, 0x0000, 0x0000, 0x0000, 0x0000, 0x0000, 0x0000, 0x0000, 0x0000, 0x0000, 0x0000, 0x0000, 0x0000, 0x0000, 0x0000, 0xFFFF,   // 0x05E0 (1504) pixels
0xFFFF, 0xFFFF, 0xFFFF, 0xFFFF, 0xFFFF, 0xFFFF, 0xFFFF, 0xFFFF, 0xFFFF, 0xFFFF, 0xFFFF, 0xFFFF, 0xFFFF, 0xFFFF, 0xFFFF, 0xFFFF,   // 0x05F0 (1520) pixels
0xFFFF, 0xFFFF, 0xFFFF, 0xFFFF, 0xFFFF, 0xFFFF, 0xFFFF, 0xFFFF, 0xFFFF, 0xFFFF, 0xFFFF, 0xFFFF, 0xFFFF, 0xFFFF, 0xFFFF, 0xFFFF,   // 0x0600 (1536) pixels
0xFFFF, 0xFFFF, 0x0000, 0x0000, 0x0000, 0x0000, 0x0000, 0x0000, 0x0000, 0x0000, 0x0000, 0x0000, 0x0000, 0x0000, 0x0000, 0x0000,   // 0x0610 (1552) pixels
0x0000, 0x0000, 0x0000, 0x0000, 0x0000, 0x0000, 0x0000, 0x0000, 0x0000, 0x0000, 0x0000, 0x0000, 0x0000, 0x0000, 0xFFFF, 0xFFFF,   // 0x0620 (1568) pixels
0xFFFF, 0xFFFF, 0xFFFF, 0xFFFF, 0xFFFF, 0xFFFF, 0xFFFF, 0xFFFF, 0xFFFF, 0xFFFF, 0xFFFF, 0xFFFF, 0xFFFF, 0xFFFF, 0xFFFF, 0xFFFF,   // 0x0630 (1584) pixels
0xFFFF, 0xFFFF, 0xFFFF, 0xFFFF, 0xFFFF, 0xFFFF, 0xFFFF, 0xFFFF, 0xFFFF, 0xFFFF, 0xFFFF, 0xFFFF, 0xFFFF, 0xFFFF, 0xFFFF, 0xFFFF,   // 0x0640 (1600) pixels
0xFFFF, 0xFFFF, 0x0000, 0x0000, 0x0000, 0x0000, 0x0000, 0x0000, 0x0000, 0x0000, 0x0000, 0x0000, 0x0000, 0x0000, 0x0000, 0x0000,   // 0x0650 (1616) pixels
0x0000, 0x0000, 0x0000, 0x0000, 0x0000, 0x0000, 0x0000, 0x0000, 0x0000, 0x0000, 0x0000, 0x0000, 0x0000, 0x0000, 0xFFFF, 0xFFFF,   // 0x0660 (1632) pixels
0xFFFF, 0xFFFF, 0xFFFF, 0xFFFF, 0xFFFF, 0xFFFF, 0xFFFF, 0xFFFF, 0xFFFF, 0xFFFF, 0xFFFF, 0xFFFF, 0xFFFF, 0xFFFF, 0xFFFF, 0xFFFF,   // 0x0670 (1648) pixels
0xFFFF, 0xFFFF, 0xFFFF, 0xFFFF, 0xFFFF, 0xFFFF, 0xFFFF, 0xFFFF, 0xFFFF, 0xFFFF, 0xFFFF, 0xFFFF, 0xFFFF, 0xFFFF, 0xFFFF, 0xFFFF,   // 0x0680 (1664) pixels
0xFFFF, 0xFFFF, 0xFFFF, 0x0000, 0x0000, 0x0000, 0x0000, 0x0000, 0x0000, 0x0000, 0x0000, 0x0000, 0x0000, 0x0000, 0x0000, 0x0000,   // 0x0690 (1680) pixels
0x0000, 0x0000, 0x0000, 0x0000, 0x0000, 0x0000, 0x0000, 0x0000, 0x0000, 0x0000, 0x0000, 0x0000, 0x0000, 0xFFFF, 0xFFFF, 0xFFFF,   // 0x06A0 (1696) pixels
0xFFFF, 0xFFFF, 0xFFFF, 0xFFFF, 0xFFFF, 0xFFFF, 0xFFFF, 0xFFFF, 0xFFFF, 0xFFFF, 0xFFFF, 0xFFFF, 0xFFFF, 0xFFFF, 0xFFFF, 0xFFFF,   // 0x06B0 (1712) pixels
0xFFFF, 0xFFFF, 0xFFFF, 0xFFFF, 0xFFFF, 0xFFFF, 0xFFFF, 0xFFFF, 0xFFFF, 0xFFFF, 0xFFFF, 0xFFFF, 0xFFFF, 0xFFFF, 0xFFFF, 0xFFFF,   // 0x06C0 (1728) pixels
0xFFFF, 0xFFFF, 0xFFFF, 0xFFFF, 0x0000, 0x0000, 0x0000, 0x0000, 0x0000, 0x0000, 0x0000, 0x0000, 0x0000, 0x0000, 0x0000, 0x0000,   // 0x06D0 (1744) pixels
0x0000, 0x0000, 0x0000, 0x0000, 0x0000, 0x0000, 0x0000, 0x0000, 0x0000, 0x0000, 0x0000, 0x0000, 0xFFFF, 0xFFFF, 0xFFFF, 0xFFFF,   // 0x06E0 (1760) pixels
0xFFFF, 0xFFFF, 0xFFFF, 0xFFFF, 0xFFFF, 0xFFFF, 0xFFFF, 0xFFFF, 0xFFFF, 0xFFFF, 0xFFFF, 0xFFFF, 0xFFFF, 0xFFFF, 0xFFFF, 0xFFFF,   // 0x06F0 (1776) pixels
0xFFFF, 0xFFFF, 0xFFFF, 0xFFFF, 0xFFFF, 0xFFFF, 0xFFFF, 0xFFFF, 0xFFFF, 0xFFFF, 0xFFFF, 0xFFFF, 0xFFFF, 0xFFFF, 0xFFFF, 0xFFFF,   // 0x0700 (1792) pixels
0xFFFF, 0xFFFF, 0xFFFF, 0xFFFF, 0xFFFF, 0x0000, 0x0000, 0x07E0, 0x0000, 0x0000, 0x0000, 0x0000, 0x0000, 0x0000, 0x0000, 0xF800,   // 0x0710 (1808) pixels
0x0000, 0x0000, 0x0000, 0x0000, 0x0000, 0x0000, 0x0000, 0x0000, 0x07E0, 0x0000, 0x0000, 0xFFFF, 0xFFFF, 0xFFFF, 0xFFFF, 0xFFFF,   // 0x0720 (1824) pixels
0xFFFF, 0xFFFF, 0xFFFF, 0xFFFF, 0xFFFF, 0xFFFF, 0xFFFF, 0xFFFF, 0xFFFF, 0xFFFF, 0xFFFF, 0xFFFF, 0xFFFF, 0xFFFF, 0xFFFF, 0xFFFF,   // 0x0730 (1840) pixels
0xFFFF, 0xFFFF, 0xFFFF, 0xFFFF, 0xFFFF, 0xFFFF, 0xFFFF, 0xFFFF, 0xFFFF, 0xFFFF, 0xFFFF, 0xFFFF, 0xFFFF, 0xFFFF, 0xFFFF, 0xFFFF,   // 0x0740 (1856) pixels
0xFFFF, 0xFFFF, 0xFFFF, 0xFFFF, 0xFFFF, 0xFFFF, 0x0000, 0x0000, 0x0000, 0x0000, 0x0000, 0x0000, 0x0000, 0x0000, 0x0000, 0xF800,   // 0x0750 (1872) pixels
0x0000, 0x0000, 0x0000, 0x0000, 0x0000, 0x0000, 0x0000, 0x0000, 0x0000, 0x0000, 0xFFFF, 0xFFFF, 0xFFFF, 0xFFFF, 0xFFFF, 0xFFFF,   // 0x0760 (1888) pixels
0xFFFF, 0xFFFF, 0xFFFF, 0xFFFF, 0xFFFF, 0xFFFF, 0xFFFF, 0xFFFF, 0xFFFF, 0xFFFF, 0xFFFF, 0xFFFF, 0xFFFF, 0xFFFF, 0xFFFF, 0xFFFF,   // 0x0770 (1904) pixels
0xFFFF, 0xFFFF, 0xFFFF, 0xFFFF, 0xFFFF, 0xFFFF, 0xFFFF, 0xFFFF, 0xFFFF, 0xFFFF, 0xFFFF, 0xFFFF, 0xFFFF, 0xFFFF, 0xFFFF, 0xFFFF,   // 0x0780 (1920) pixels
0xFFFF, 0xFFFF, 0xFFFF, 0xFFFF, 0xFFFF, 0xFFFF, 0xFFFF, 0x0000, 0x0000, 0x0000, 0x0000, 0x0000, 0x0000, 0x0000, 0x0000, 0xF800,   // 0x0790 (1936) pixels
0x0000, 0x0000, 0x0000, 0x0000, 0x0000, 0x0000, 0x0000, 0x0000, 0xFFFF, 0xFFFF, 0xFFFF, 0xFFFF, 0xFFFF, 0xFFFF, 0xFFFF, 0xFFFF,   // 0x07A0 (1952) pixels
0xFFFF, 0xFFFF, 0xFFFF, 0xFFFF, 0xFFFF, 0xFFFF, 0xFFFF, 0xFFFF, 0xFFFF, 0xFFFF, 0xFFFF, 0xFFFF, 0xFFFF, 0xFFFF, 0xFFFF, 0xFFFF,   // 0x07B0 (1968) pixels
0xFFFF, 0xFFFF, 0xFFFF, 0xFFFF, 0xFFFF, 0xFFFF, 0xFFFF, 0xFFFF, 0xFFFF, 0xFFFF, 0xFFFF, 0xFFFF, 0xFFFF, 0xFFFF, 0xFFFF, 0xFFFF,   // 0x07C0 (1984) pixels
0xFFFF, 0xFFFF, 0xFFFF, 0xFFFF, 0xFFFF, 0xFFFF, 0xFFFF, 0xFFFF, 0xFFFF, 0xFFFF, 0x0000, 0x0000, 0x0000, 0x0000, 0x0000, 0x0000,   // 0x07D0 (2000) pixels
0x0000, 0x0000, 0x0000, 0x0000, 0x0000, 0xFFFF, 0xFFFF, 0xFFFF, 0xFFFF, 0xFFFF, 0xFFFF, 0xFFFF, 0xFFFF, 0xFFFF, 0xFFFF, 0xFFFF,   // 0x07E0 (2016) pixels
0xFFFF, 0xFFFF, 0xFFFF, 0xFFFF, 0xFFFF, 0xFFFF, 0xFFFF, 0xFFFF, 0xFFFF, 0xFFFF, 0xFFFF, 0xFFFF, 0xFFFF, 0xFFFF, 0xFFFF, 0xFFFF,   // 0x07F0 (2032) pixels
0xFFFF, 0xFFFF, 0xFFFF, 0xFFFF, 0xFFFF, 0xFFFF, 0xFFFF, 0xFFFF, 0xFFFF, 0xFFFF, 0xFFFF, 0xFFFF, 0xFFFF, 0xFFFF, 0xFFFF, 0xFFFF,   // 0x0800 (2048) pixels
};

const unsigned short MASK_Clock[2048] PROGMEM={
0xFFFF, 0xFFFF, 0xFFFF, 0xFFFF, 0xFFFF, 0xFFFF, 0xFFFF, 0xFFFF, 0x0000, 0x0000, 0x0000, 0x0000, 0x0000, 0x0000, 0x0000, 0x0000,   // 0x0010 (16) pixels
0x0000, 0x0000, 0x0000, 0x0000, 0x0000, 0x0000, 0x0000, 0x0000, 0xFFFF, 0xFFFF, 0xFFFF, 0xFFFF, 0xFFFF, 0xFFFF, 0xFFFF, 0xFFFF,   // 0x0020 (32) pixels
0xFFFF, 0xFFFF, 0xFFFF, 0xFFFF, 0xFFFF, 0xFFFF, 0xFFFF, 0xFFFF, 0xFFFF, 0xFFFF, 0xFFFF, 0xFFFF, 0xFFFF, 0xFFFF, 0xFFFF, 0xFFFF,   // 0x0030 (48) pixels
0xFFFF, 0xFFFF, 0xFFFF, 0xFFFF, 0xFFFF, 0xFFFF, 0xFFFF, 0xFFFF, 0xFFFF, 0xFFFF, 0xFFFF, 0xFFFF, 0xFFFF, 0xFFFF, 0xFFFF, 0xFFFF,   // 0x0040 (64) pixels
0xFFFF, 0xFFFF, 0xFFFF, 0xFFFF, 0xFFFF, 0xFFFF, 0x0000, 0x0000, 0x0000, 0x0000, 0x0000, 0x0000, 0x0000, 0x0000, 0x0000, 0x0000,   // 0x0050 (80) pixels
0x0000, 0x0000, 0x0000, 0x0000, 0x0000, 0x0000, 0x0000, 0x0000, 0x0000, 0x0000, 0xFFFF, 0xFFFF, 0xFFFF, 0xFFFF, 0xFFFF, 0xFFFF,   // 0x0060 (96) pixels
0xFFFF, 0xFFFF, 0xFFFF, 0xFFFF, 0xFFFF, 0xFFFF, 0xFFFF, 0xFFFF, 0xFFFF, 0xFFFF, 0xFFFF, 0xFFFF, 0xFFFF, 0xFFFF, 0xFFFF, 0xFFFF,   // 0x0070 (112) pixels
0xFFFF, 0xFFFF, 0xFFFF, 0xFFFF, 0xFFFF, 0xFFFF, 0xFFFF, 0xFFFF, 0xFFFF, 0xFFFF, 0xFFFF, 0xFFFF, 0xFFFF, 0xFFFF, 0xFFFF, 0xFFFF,   // 0x0080 (128) pixels
0xFFFF, 0xFFFF, 0xFFFF, 0xFFFF, 0xFFFF, 0x0000, 0x0000, 0x0000, 0x0000, 0x0000, 0x0000, 0x0000, 0x0000, 0x0000, 0x0000, 0x0000,   // 0x0090 (144) pixels
0x0000, 0x0000, 0x0000, 0x0000, 0x0000, 0x0000, 0x0000, 0x0000, 0x0000, 0x0000, 0x0000, 0xFFFF, 0xFFFF, 0xFFFF, 0xFFFF, 0xFFFF,   // 0x00A0 (160) pixels
0xFFFF, 0xFFFF, 0xFFFF, 0xFFFF, 0xFFFF, 0xFFFF, 0xFFFF, 0xFFFF, 0xFFFF, 0xFFFF, 0xFFFF, 0xFFFF, 0xFFFF, 0xFFFF, 0xFFFF, 0xFFFF,   // 0x00B0 (176) pixels
0xFFFF, 0xFFFF, 0xFFFF, 0xFFFF, 0xFFFF, 0xFFFF, 0xFFFF, 0xFFFF, 0xFFFF, 0xFFFF, 0xFFFF, 0xFFFF, 0xFFFF, 0xFFFF, 0xFFFF, 0xFFFF,   // 0x00C0 (192) pixels
0xFFFF, 0xFFFF, 0xFFFF, 0xFFFF, 0x0000, 0x0000, 0x0000, 0x0000, 0x0000, 0x0000, 0x0000, 0x0000, 0x0000, 0x0000, 0x0000, 0x0000,   // 0x00D0 (208) pixels
0x0000, 0x0000, 0x0000, 0x0000, 0x0000, 0x0000, 0x0000, 0x0000, 0x0000, 0x0000, 0x0000, 0x0000, 0xFFFF, 0xFFFF, 0xFFFF, 0xFFFF,   // 0x00E0 (224) pixels
0xFFFF, 0xFFFF, 0xFFFF, 0xFFFF, 0xFFFF, 0xFFFF, 0xFFFF, 0xFFFF, 0xFFFF, 0xFFFF, 0xFFFF, 0xFFFF, 0xFFFF, 0xFFFF, 0xFFFF, 0xFFFF,   // 0x00F0 (240) pixels
0xFFFF, 0xFFFF, 0xFFFF, 0xFFFF, 0xFFFF, 0xFFFF, 0xFFFF, 0xFFFF, 0xFFFF, 0xFFFF, 0xFFFF, 0xFFFF, 0xFFFF, 0xFFFF, 0xFFFF, 0xFFFF,   // 0x0100 (256) pixels
0xFFFF, 0xFFFF, 0xFFFF, 0x0000, 0x0000, 0x0000, 0x0000, 0x0000, 0x0000, 0x0000, 0x0000, 0x0000, 0x0000, 0x0000, 0x0000, 0x0000,   // 0x0110 (272) pixels
0x0000, 0x0000, 0x0000, 0x0000, 0x0000, 0x0000, 0x0000, 0x0000, 0x0000, 0x0000, 0x0000, 0x0000, 0x0000, 0xFFFF, 0xFFFF, 0xFFFF,   // 0x0120 (288) pixels
0xFFFF, 0xFFFF, 0xFFFF, 0xFFFF, 0xFFFF, 0xFFFF, 0xFFFF, 0xFFFF, 0xFFFF, 0xFFFF, 0xFFFF, 0xFFFF, 0xFFFF, 0xFFFF, 0xFFFF, 0xFFFF,   // 0x0130 (304) pixels
0xFFFF, 0xFFFF, 0xFFFF, 0xFFFF, 0xFFFF, 0xFFFF, 0xFFFF, 0xFFFF, 0xFFFF, 0xFFFF, 0xFFFF, 0xFFFF, 0xFFFF, 0xFFFF, 0xFFFF, 0xFFFF,   // 0x0140 (320) pixels
0xFFFF, 0xFFFF, 0x0000, 0x0000, 0x0000, 0x0000, 0x0000, 0x0000, 0x0000, 0x0000, 0x0000, 0x0000, 0x0000, 0x0000, 0x0000, 0x0000,   // 0x0150 (336) pixels
0x0000, 0x0000, 0x0000, 0x0000, 0x0000, 0x0000, 0x0000, 0x0000, 0x0000, 0x0000, 0x0000, 0x0000, 0x0000, 0x0000, 0xFFFF, 0xFFFF,   // 0x0160 (352) pixels
0xFFFF, 0xFFFF, 0xFFFF, 0xFFFF, 0xFFFF, 0xFFFF, 0xFFFF, 0xFFFF, 0xFFFF, 0xFFFF, 0xFFFF, 0xFFFF, 0xFFFF, 0xFFFF, 0xFFFF, 0xFFFF,   // 0x0170 (368) pixels
0xFFFF, 0xFFFF, 0xFFFF, 0xFFFF, 0xFFFF, 0xFFFF, 0xFFFF, 0xFFFF, 0xFFFF, 0xFFFF, 0xFFFF, 0xFFFF, 0xFFFF, 0xFFFF, 0xFFFF, 0xFFFF,   // 0x0180 (384) pixels
0xFFFF, 0xFFFF, 0x0000, 0x0000, 0x0000, 0x0000, 0x0000, 0x0000, 0x0000, 0x0000, 0x0000, 0x0000, 0x0000, 0x0000, 0x0000, 0x0000,   // 0x0190 (400) pixels
0x0000, 0x0000, 0x0000, 0x0000, 0x0000, 0x0000, 0x0000, 0x0000, 0x0000, 0x0000, 0x0000, 0x0000, 0x0000, 0x0000, 0xFFFF, 0xFFFF,   // 0x01A0 (416) pixels
0xFFFF, 0xFFFF, 0xFFFF, 0xFFFF, 0xFFFF, 0xFFFF, 0xFFFF, 0xFFFF, 0xFFFF, 0xFFFF, 0xFFFF, 0xFFFF, 0xFFFF, 0xFFFF, 0xFFFF, 0xFFFF,   // 0x01B0 (432) pixels
0xFFFF, 0xFFFF, 0xFFFF, 0xFFFF, 0xFFFF, 0xFFFF, 0xFFFF, 0xFFFF, 0xFFFF, 0xFFFF, 0xFFFF, 0xFFFF, 0xFFFF, 0xFFFF, 0xFFFF, 0xFFFF,   // 0x01C0 (448) pixels
0xFFFF, 0x0000, 0x0000, 0x0000, 0x0000, 0x0000, 0x0000, 0x0000, 0x0000, 0x0000, 0x0000, 0x0000, 0x0000, 0x0000, 0x0000, 0x0000,   // 0x01D0 (464) pixels
0x0000, 0x0000, 0x0000, 0x0000, 0x0000, 0x0000, 0x0000, 0x0000, 0x0000, 0x0000, 0x0000, 0x0000, 0x0000, 0x0000, 0x0000, 0xFFFF,   // 0x01E0 (480) pixels
0xFFFF, 0xFFFF, 0xFFFF, 0xFFFF, 0xFFFF, 0xFFFF, 0xFFFF, 0xFFFF, 0xFFFF, 0xFFFF, 0xFFFF, 0xFFFF, 0xFFFF, 0xFFFF, 0xFFFF, 0xFFFF,   // 0x01F0 (496) pixels
0xFFFF, 0xFFFF, 0xFFFF, 0xFFFF, 0xFFFF, 0xFFFF, 0xFFFF, 0xFFFF, 0xFFFF, 0xFFFF, 0xFFFF, 0xFFFF, 0xFFFF, 0xFFFF, 0xFFFF, 0xFFFF,   // 0x0200 (512) pixels
0xFFFF, 0x0000, 0x0000, 0x0000, 0x0000, 0x0000, 0x0000, 0x0000, 0x0000, 0x0000, 0x0000, 0x0000, 0x0000, 0x0000, 0x0000, 0x0000,   // 0x0210 (528) pixels
0x0000, 0x0000, 0x0000, 0x0000, 0x0000, 0x0000, 0x0000, 0x0000, 0x0000, 0x0000, 0x0000, 0x0000, 0x0000, 0x0000, 0x0000, 0xFFFF,   // 0x0220 (544) pixels
0xFFFF, 0xFFFF, 0xFFFF, 0xFFFF, 0xFFFF, 0xFFFF, 0xFFFF, 0xFFFF, 0xFFFF, 0xFFFF, 0xFFFF, 0xFFFF, 0xFFFF, 0xFFFF, 0xFFFF, 0xFFFF,   // 0x0230 (560) pixels
0xFFFF, 0xFFFF, 0xFFFF, 0xFFFF, 0xFFFF, 0xFFFF, 0xFFFF, 0xFFFF, 0xFFFF, 0xFFFF, 0xFFFF, 0xFFFF, 0xFFFF, 0xFFFF, 0xFFFF, 0xFFFF,   // 0x0240 (576) pixels
0x0000, 0x0000, 0x0000, 0x0000, 0x0000, 0x0000, 0x0000, 0x0000, 0x0000, 0x0000, 0x0000, 0x0000, 0x0000, 0x0000, 0x0000, 0x0000,   // 0x0250 (592) pixels
0x0000, 0x0000, 0x0000, 0x0000, 0x0000, 0x0000, 0x0000, 0x0000, 0x0000, 0x0000, 0x0000, 0x0000, 0x0000, 0x0000, 0x0000, 0x0000,   // 0x0260 (608) pixels
0xFFFF, 0xFFFF, 0xFFFF, 0xFFFF, 0xFFFF, 0xFFFF, 0xFFFF, 0xFFFF, 0xFFFF, 0xFFFF, 0xFFFF, 0xFFFF, 0xFFFF, 0xFFFF, 0xFFFF, 0xFFFF,   // 0x0270 (624) pixels
0xFFFF, 0xFFFF, 0xFFFF, 0xFFFF, 0xFFFF, 0xFFFF, 0xFFFF, 0xFFFF, 0xFFFF, 0xFFFF, 0xFFFF, 0xFFFF, 0xFFFF, 0xFFFF, 0xFFFF, 0xFFFF,   // 0x0280 (640) pixels
0x0000, 0x0000, 0x0000, 0x0000, 0x0000, 0x0000, 0x0000, 0x0000, 0x0000, 0x0000, 0x0000, 0x0000, 0x0000, 0x0000, 0x0000, 0x0000,   // 0x0290 (656) pixels
0x0000, 0x0000, 0x0000, 0x0000, 0x0000, 0x0000, 0x0000, 0x0000, 0x0000, 0x0000, 0x0000, 0x0000, 0x0000, 0x0000, 0x0000, 0x0000,   // 0x02A0 (672) pixels
0xFFFF, 0xFFFF, 0xFFFF, 0xFFFF, 0xFFFF, 0xFFFF, 0xFFFF, 0xFFFF, 0xFFFF, 0xFFFF, 0xFFFF, 0xFFFF, 0xFFFF, 0xFFFF, 0xFFFF, 0xFFFF,   // 0x02B0 (688) pixels
0xFFFF, 0xFFFF, 0xFFFF, 0xFFFF, 0xFFFF, 0xFFFF, 0xFFFF, 0xFFFF, 0xFFFF, 0xFFFF, 0xFFFF, 0xFFFF, 0xFFFF, 0xFFFF, 0xFFFF, 0xFFFF,   // 0x02C0 (704) pixels
0x0000, 0x0000, 0x0000, 0x0000, 0x0000, 0x0000, 0x0000, 0x0000, 0x0000, 0x0000, 0x0000, 0x0000, 0x0000, 0x0000, 0x0000, 0x0000,   // 0x02D0 (720) pixels
0x0000, 0x0000, 0x0000, 0x0000, 0x0000, 0x0000, 0x0000, 0x0000, 0x0000, 0x0000, 0x0000, 0x0000, 0x0000, 0x0000, 0x0000, 0x0000,   // 0x02E0 (736) pixels
0xFFFF, 0xFFFF, 0xFFFF, 0xFFFF, 0xFFFF, 0xFFFF, 0xFFFF, 0xFFFF, 0xFFFF, 0xFFFF, 0xFFFF, 0xFFFF, 0xFFFF, 0xFFFF, 0xFFFF, 0xFFFF,   // 0x02F0 (752) pixels
0xFFFF, 0xFFFF, 0xFFFF, 0xFFFF, 0xFFFF, 0xFFFF, 0xFFFF, 0xFFFF, 0xFFFF, 0xFFFF, 0xFFFF, 0xFFFF, 0xFFFF, 0xFFFF, 0xFFFF, 0xFFFF,   // 0x0300 (768) pixels
0x0000, 0x0000, 0x0000, 0x0000, 0x0000, 0x0000, 0x0000, 0x0000, 0x0000, 0x0000, 0x0000, 0x0000, 0x0000, 0x0000, 0x0000, 0x0000,   // 0x0310 (784) pixels
0x0000, 0x0000, 0x0000, 0x0000, 0x0000, 0x0000, 0x0000, 0x0000, 0x0000, 0x0000, 0x0000, 0x0000, 0x0000, 0x0000, 0x0000, 0x0000,   // 0x0320 (800) pixels
0xFFFF, 0xFFFF, 0xFFFF, 0xFFFF, 0xFFFF, 0xFFFF, 0xFFFF, 0xFFFF, 0xFFFF, 0xFFFF, 0xFFFF, 0xFFFF, 0xFFFF, 0xFFFF, 0xFFFF, 0xFFFF,   // 0x0330 (816) pixels
0xFFFF, 0xFFFF, 0xFFFF, 0xFFFF, 0xFFFF, 0xFFFF, 0xFFFF, 0xFFFF, 0xFFFF, 0xFFFF, 0xFFFF, 0xFFFF, 0xFFFF, 0xFFFF, 0xFFFF, 0xFFFF,   // 0x0340 (832) pixels
0x0000, 0x0000, 0x0000, 0x0000, 0x0000, 0x0000, 0x0000, 0x0000, 0x0000, 0x0000, 0x0000, 0x0000, 0x0000, 0x0000, 0x0000, 0x0000,   // 0x0350 (848) pixels
0x0000, 0x0000, 0x0000, 0x0000, 0x0000, 0x0000, 0x0000, 0x0000, 0x0000, 0x0000, 0x0000, 0x0000, 0x0000, 0x0000, 0x0000, 0x0000,   // 0x0360 (864) pixels
0xFFFF, 0xFFFF, 0xFFFF, 0xFFFF, 0xFFFF, 0xFFFF, 0xFFFF, 0xFFFF, 0xFFFF, 0xFFFF, 0xFFFF, 0xFFFF, 0xFFFF, 0xFFFF, 0xFFFF, 0xFFFF,   // 0x0370 (880) pixels
0xFFFF, 0xFFFF, 0xFFFF, 0xFFFF, 0xFFFF, 0xFFFF, 0xFFFF, 0xFFFF, 0xFFFF, 0xFFFF, 0xFFFF, 0xFFFF, 0xFFFF, 0xFFFF, 0xFFFF, 0xFFFF,   // 0x0380 (896) pixels
0x0000, 0x0000, 0x0000, 0x0000, 0x0000, 0x0000, 0x0000, 0x0000, 0x0000, 0x0000, 0x0000, 0x0000, 0x0000, 0x0000, 0x0000, 0x0000,   // 0x0390 (912) pixels
0x0000, 0x0000, 0x0000, 0x0000, 0x0000, 0x0000, 0x0000, 0x0000, 0x0000, 0x0000, 0x0000, 0x0000, 0x0000, 0x0000, 0x0000, 0x0000,   // 0x03A0 (928) pixels
0xFFFF, 0xFFFF, 0xFFFF, 0xFFFF, 0xFFFF, 0xFFFF, 0xFFFF, 0xFFFF, 0xFFFF, 0xFFFF, 0xFFFF, 0xFFFF, 0xFFFF, 0xFFFF, 0xFFFF, 0xFFFF,   // 0x03B0 (944) pixels
0xFFFF, 0xFFFF, 0xFFFF, 0xFFFF, 0xFFFF, 0xFFFF, 0xFFFF, 0xFFFF, 0xFFFF, 0xFFFF, 0xFFFF, 0xFFFF, 0xFFFF, 0xFFFF, 0xFFFF, 0xFFFF,   // 0x03C0 (960) pixels
0x0000, 0x0000, 0x0000, 0x0000, 0x0000, 0x0000, 0x0000, 0x0000, 0x0000, 0x0000, 0x0000, 0x0000, 0x0000, 0x0000, 0x0000, 0x0000,   // 0x03D0 (976) pixels
0x0000, 0x0000, 0x0000, 0x0000, 0x0000, 0x0000, 0x0000, 0x0000, 0x0000, 0x0000, 0x0000, 0x0000, 0x0000, 0x0000, 0x0000, 0x0000,   // 0x03E0 (992) pixels
0xFFFF, 0xFFFF, 0xFFFF, 0xFFFF, 0xFFFF, 0xFFFF, 0xFFFF, 0xFFFF, 0xFFFF, 0xFFFF, 0xFFFF, 0xFFFF, 0xFFFF, 0xFFFF, 0xFFFF, 0xFFFF,   // 0x03F0 (1008) pixels
0xFFFF, 0xFFFF, 0xFFFF, 0xFFFF, 0xFFFF, 0xFFFF, 0xFFFF, 0xFFFF, 0xFFFF, 0xFFFF, 0xFFFF, 0xFFFF, 0xFFFF, 0xFFFF, 0xFFFF, 0xFFFF,   // 0x0400 (1024) pixels
0x0000, 0x0000, 0x0000, 0x0000, 0x0000, 0x0000, 0x0000, 0x0000, 0x0000, 0x0000, 0x0000, 0x0000, 0x0000, 0x0000, 0x0000, 0x0000,   // 0x0410 (1040) pixels
0x0000, 0x0000, 0x0000, 0x0000, 0x0000, 0x0000, 0x0000, 0x0000, 0x0000, 0x0000, 0x0000, 0x0000, 0x0000, 0x0000, 0x0000, 0x0000,   // 0x0420 (1056) pixels
0xFFFF, 0xFFFF, 0xFFFF, 0xFFFF, 0xFFFF, 0xFFFF, 0xFFFF, 0xFFFF, 0xFFFF, 0xFFFF, 0xFFFF, 0xFFFF, 0xFFFF, 0xFFFF, 0xFFFF, 0xFFFF,   // 0x0430 (1072) pixels
0xFFFF, 0xFFFF, 0xFFFF, 0xFFFF, 0xFFFF, 0xFFFF, 0xFFFF, 0xFFFF, 0xFFFF, 0xFFFF, 0xFFFF, 0xFFFF, 0xFFFF, 0xFFFF, 0xFFFF, 0xFFFF,   // 0x0440 (1088) pixels
0x0000, 0x0000, 0x0000, 0x0000, 0x0000, 0x0000, 0x0000, 0x0000, 0x0000, 0x0000, 0x0000, 0x0000, 0x0000, 0x0000, 0x0000, 0x0000,   // 0x0450 (1104) pixels
0x0000, 0x0000, 0x0000, 0x0000, 0x0000, 0x0000, 0x0000, 0x0000, 0x0000, 0x0000, 0x0000, 0x0000, 0x0000, 0x0000, 0x0000, 0x0000,   // 0x0460 (1120) pixels
0xFFFF, 0xFFFF, 0xFFFF, 0xFFFF, 0xFFFF, 0xFFFF, 0xFFFF, 0xFFFF, 0xFFFF, 0xFFFF, 0xFFFF, 0xFFFF, 0xFFFF, 0xFFFF, 0xFFFF, 0xFFFF,   // 0x0470 (1136) pixels
0xFFFF, 0xFFFF, 0xFFFF, 0xFFFF, 0xFFFF, 0xFFFF, 0xFFFF, 0xFFFF, 0xFFFF, 0xFFFF, 0xFFFF, 0xFFFF, 0xFFFF, 0xFFFF, 0xFFFF, 0xFFFF,   // 0x0480 (1152) pixels
0x0000, 0x0000, 0x0000, 0x0000, 0x0000, 0x0000, 0x0000, 0x0000, 0x0000, 0x0000, 0x0000, 0x0000, 0x0000, 0x0000, 0x0000, 0x0000,   // 0x0490 (1168) pixels
0x0000, 0x0000, 0x0000, 0x0000, 0x0000, 0x0000, 0x0000, 0x0000, 0x0000, 0x0000, 0x0000, 0x0000, 0x0000, 0x0000, 0x0000, 0x0000,   // 0x04A0 (1184) pixels
0xFFFF, 0xFFFF, 0xFFFF, 0xFFFF, 0xFFFF, 0xFFFF, 0xFFFF, 0xFFFF, 0xFFFF, 0xFFFF, 0xFFFF, 0xFFFF, 0xFFFF, 0xFFFF, 0xFFFF, 0xFFFF,   // 0x04B0 (1200) pixels
0xFFFF, 0xFFFF, 0xFFFF, 0xFFFF, 0xFFFF, 0xFFFF, 0xFFFF, 0xFFFF, 0xFFFF, 0xFFFF, 0xFFFF, 0xFFFF, 0xFFFF, 0xFFFF, 0xFFFF, 0xFFFF,   // 0x04C0 (1216) pixels
0x0000, 0x0000, 0x0000, 0x0000, 0x0000, 0x0000, 0x0000, 0x0000, 0x0000, 0x0000, 0x0000, 0x0000, 0x0000, 0x0000, 0x0000, 0x0000,   // 0x04D0 (1232) pixels
0x0000, 0x0000, 0x0000, 0x0000, 0x0000, 0x0000, 0x0000, 0x0000, 0x0000, 0x0000, 0x0000, 0x0000, 0x0000, 0x0000, 0x0000, 0x0000,   // 0x04E0 (1248) pixels
0xFFFF, 0xFFFF, 0xFFFF, 0xFFFF, 0xFFFF, 0xFFFF, 0xFFFF, 0xFFFF, 0xFFFF, 0xFFFF, 0xFFFF, 0xFFFF, 0xFFFF, 0xFFFF, 0xFFFF, 0xFFFF,   // 0x04F0 (1264) pixels
0xFFFF, 0xFFFF, 0xFFFF, 0xFFFF, 0xFFFF, 0xFFFF, 0xFFFF, 0xFFFF, 0xFFFF, 0xFFFF, 0xFFFF, 0xFFFF, 0xFFFF, 0xFFFF, 0xFFFF, 0xFFFF,   // 0x0500 (1280) pixels
0x0000, 0x0000, 0x0000, 0x0000, 0x0000, 0x0000, 0x0000, 0x0000, 0x0000, 0x0000, 0x0000, 0x0000, 0x0000, 0x0000, 0x0000, 0x0000,   // 0x0510 (1296) pixels
0x0000, 0x0000, 0x0000, 0x0000, 0x0000, 0x0000, 0x0000, 0x0000, 0x0000, 0x0000, 0x0000, 0x0000, 0x0000, 0x0000, 0x0000, 0x0000,   // 0x0520 (1312) pixels
0xFFFF, 0xFFFF, 0xFFFF, 0xFFFF, 0xFFFF, 0xFFFF, 0xFFFF, 0xFFFF, 0xFFFF, 0xFFFF, 0xFFFF, 0xFFFF, 0xFFFF, 0xFFFF, 0xFFFF, 0xFFFF,   // 0x0530 (1328) pixels
0xFFFF, 0xFFFF, 0xFFFF, 0xFFFF, 0xFFFF, 0xFFFF, 0xFFFF, 0xFFFF, 0xFFFF, 0xFFFF, 0xFFFF, 0xFFFF, 0xFFFF, 0xFFFF, 0xFFFF, 0xFFFF,   // 0x0540 (1344) pixels
0x0000, 0x0000, 0x0000, 0x0000, 0x0000, 0x0000, 0x0000, 0x0000, 0x0000, 0x0000, 0x0000, 0x0000, 0x0000, 0x0000, 0x0000, 0x0000,   // 0x0550 (1360) pixels
0x0000, 0x0000, 0x0000, 0x0000, 0x0000, 0x0000, 0x0000, 0x0000, 0x0000, 0x0000, 0x0000, 0x0000, 0x0000, 0x0000, 0x0000, 0x0000,   // 0x0560 (1376) pixels
0xFFFF, 0xFFFF, 0xFFFF, 0xFFFF, 0xFFFF, 0xFFFF, 0xFFFF, 0xFFFF, 0xFFFF, 0xFFFF, 0xFFFF, 0xFFFF, 0xFFFF, 0xFFFF, 0xFFFF, 0xFFFF,   // 0x0570 (1392) pixels
0xFFFF, 0xFFFF, 0xFFFF, 0xFFFF, 0xFFFF, 0xFFFF, 0xFFFF, 0xFFFF, 0xFFFF, 0xFFFF, 0xFFFF, 0xFFFF, 0xFFFF, 0xFFFF, 0xFFFF, 0xFFFF,   // 0x0580 (1408) pixels
0xFFFF, 0x0000, 0x0000, 0x0000, 0x0000, 0x0000, 0x0000, 0x0000, 0x0000, 0x0000, 0x0000, 0x0000, 0x0000, 0x0000, 0x0000, 0x0000,   // 0x0590 (1424) pixels
0x0000, 0x0000, 0x0000, 0x0000, 0x0000, 0x0000, 0x0000, 0x0000, 0x0000, 0x0000, 0x0000, 0x0000, 0x0000, 0x0000, 0x0000, 0xFFFF,   // 0x05A0 (1440) pixels
0xFFFF, 0xFFFF, 0xFFFF, 0xFFFF, 0xFFFF, 0xFFFF, 0xFFFF, 0xFFFF, 0xFFFF, 0xFFFF, 0xFFFF, 0xFFFF, 0xFFFF, 0xFFFF, 0xFFFF, 0xFFFF,   // 0x05B0 (1456) pixels
0xFFFF, 0xFFFF, 0xFFFF, 0xFFFF, 0xFFFF, 0xFFFF, 0xFFFF, 0xFFFF, 0xFFFF, 0xFFFF, 0xFFFF, 0xFFFF, 0xFFFF, 0xFFFF, 0xFFFF, 0xFFFF,   // 0x05C0 (1472) pixels
0xFFFF, 0x0000, 0x0000, 0x0000, 0x0000, 0x0000, 0x0000, 0x0000, 0x0000, 0x0000, 0x0000, 0x0000, 0x0000, 0x0000, 0x0000, 0x0000,   // 0x05D0 (1488) pixels
0x0000, 0x0000, 0x0000, 0x0000, 0x0000, 0x0000, 0x0000, 0x0000, 0x0000, 0x0000, 0x0000, 0x0000, 0x0000, 0x0000, 0x0000, 0xFFFF,   // 0x05E0 (1504) pixels
0xFFFF, 0xFFFF, 0xFFFF, 0xFFFF, 0xFFFF, 0xFFFF, 0xFFFF, 0xFFFF, 0xFFFF, 0xFFFF, 0xFFFF, 0xFFFF, 0xFFFF, 0xFFFF, 0xFFFF, 0xFFFF,   // 0x05F0 (1520) pixels
0xFFFF, 0xFFFF, 0xFFFF, 0xFFFF, 0xFFFF, 0xFFFF, 0xFFFF, 0xFFFF, 0xFFFF, 0xFFFF, 0xFFFF, 0xFFFF, 0xFFFF, 0xFFFF, 0xFFFF, 0xFFFF,   // 0x0600 (1536) pixels
0xFFFF, 0xFFFF, 0x0000, 0x0000, 0x0000, 0x0000, 0x0000, 0x0000, 0x0000, 0x0000, 0x0000, 0x0000, 0x0000, 0x0000, 0x0000, 0x0000,   // 0x0610 (1552) pixels
0x0000, 0x0000, 0x0000, 0x0000, 0x0000, 0x0000, 0x0000, 0x0000, 0x0000, 0x0000, 0x0000, 0x0000, 0x0000, 0x0000, 0xFFFF, 0xFFFF,   // 0x0620 (1568) pixels
0xFFFF, 0xFFFF, 0xFFFF, 0xFFFF, 0xFFFF, 0xFFFF, 0xFFFF, 0xFFFF, 0xFFFF, 0xFFFF, 0xFFFF, 0xFFFF, 0xFFFF, 0xFFFF, 0xFFFF, 0xFFFF,   // 0x0630 (1584) pixels
0xFFFF, 0xFFFF, 0xFFFF, 0xFFFF, 0xFFFF, 0xFFFF, 0xFFFF, 0xFFFF, 0xFFFF, 0xFFFF, 0xFFFF, 0xFFFF, 0xFFFF, 0xFFFF, 0xFFFF, 0xFFFF,   // 0x0640 (1600) pixels
0xFFFF, 0xFFFF, 0x0000, 0x0000, 0x0000, 0x0000, 0x0000, 0x0000, 0x0000, 0x0000, 0x0000, 0x0000, 0x0000, 0x0000, 0x0000, 0x0000,   // 0x0650 (1616) pixels
0x0000, 0x0000, 0x0000, 0x0000, 0x0000, 0x0000, 0x0000, 0x0000, 0x0000, 0x0000, 0x0000, 0x0000, 0x0000, 0x0000, 0xFFFF, 0xFFFF,   // 0x0660 (1632) pixels
0xFFFF, 0xFFFF, 0xFFFF, 0xFFFF, 0xFFFF, 0xFFFF, 0xFFFF, 0xFFFF, 0xFFFF, 0xFFFF, 0xFFFF, 0xFFFF, 0xFFFF, 0xFFFF, 0xFFFF, 0xFFFF,   // 0x0670 (1648) pixels
0xFFFF, 0xFFFF, 0xFFFF, 0xFFFF, 0xFFFF, 0xFFFF, 0xFFFF, 0xFFFF, 0xFFFF, 0xFFFF, 0xFFFF, 0xFFFF, 0xFFFF, 0xFFFF, 0xFFFF, 0xFFFF,   // 0x0680 (1664) pixels
0xFFFF, 0xFFFF, 0xFFFF, 0x0000, 0x0000, 0x0000, 0x0000, 0x0000, 0x0000, 0x0000, 0x0000, 0x0000, 0x0000, 0x0000, 0x0000, 0x0000,   // 0x0690 (1680) pixels
0x0000, 0x0000, 0x0000, 0x0000, 0x0000, 0x0000, 0x0000, 0x0000, 0x0000, 0x0000, 0x0000, 0x0000, 0x0000, 0xFFFF, 0xFFFF, 0xFFFF,   // 0x06A0 (1696) pixels
0xFFFF, 0xFFFF, 0xFFFF, 0xFFFF, 0xFFFF, 0xFFFF, 0xFFFF, 0xFFFF, 0xFFFF, 0xFFFF, 0xFFFF, 0xFFFF, 0xFFFF, 0xFFFF, 0xFFFF, 0xFFFF,   // 0x06B0 (1712) pixels
0xFFFF, 0xFFFF, 0xFFFF, 0xFFFF, 0xFFFF, 0xFFFF, 0xFFFF, 0xFFFF, 0xFFFF, 0xFFFF, 0xFFFF, 0xFFFF, 0xFFFF, 0xFFFF, 0xFFFF, 0xFFFF,   // 0x06C0 (1728) pixels
0xFFFF, 0xFFFF, 0xFFFF, 0xFFFF, 0x0000, 0x0000, 0x0000, 0x0000, 0x0000, 0x0000, 0x0000, 0x0000, 0x0000, 0x0000, 0x0000, 0x0000,   // 0x06D0 (1744) pixels
0x0000, 0x0000, 0x0000, 0x0000, 0x0000, 0x0000, 0x0000, 0x0000, 0x0000, 0x0000, 0x0000, 0x0000, 0xFFFF, 0xFFFF, 0xFFFF, 0xFFFF,   // 0x06E0 (1760) pixels
0xFFFF, 0xFFFF, 0xFFFF, 0xFFFF, 0xFFFF, 0xFFFF, 0xFFFF, 0xFFFF, 0xFFFF, 0xFFFF, 0xFFFF, 0xFFFF, 0xFFFF, 0xFFFF, 0xFFFF, 0xFFFF,   // 0x06F0 (1776) pixels
0xFFFF, 0xFFFF, 0xFFFF, 0xFFFF, 0xFFFF, 0xFFFF, 0xFFFF, 0xFFFF, 0xFFFF, 0xFFFF, 0xFFFF, 0xFFFF, 0xFFFF, 0xFFFF, 0xFFFF, 0xFFFF,   // 0x0700 (1792) pixels
0xFFFF, 0xFFFF, 0xFFFF, 0xFFFF, 0xFFFF, 0x0000, 0x0000, 0x0000, 0x0000, 0x0000, 0x0000, 0x0000, 0x0000, 0x0000, 0x0000, 0x0000,   // 0x0710 (1808) pixels
0x0000, 0x0000, 0x0000, 0x0000, 0x0000, 0x0000, 0x0000, 0x0000, 0x0000, 0x0000, 0x0000, 0xFFFF, 0xFFFF, 0xFFFF, 0xFFFF, 0xFFFF,   // 0x0720 (1824) pixels
0xFFFF, 0xFFFF, 0xFFFF, 0xFFFF, 0xFFFF, 0xFFFF, 0xFFFF, 0xFFFF, 0xFFFF, 0xFFFF, 0xFFFF, 0xFFFF, 0xFFFF, 0xFFFF, 0xFFFF, 0xFFFF,   // 0x0730 (1840) pixels
0xFFFF, 0xFFFF, 0xFFFF, 0xFFFF, 0xFFFF, 0xFFFF, 0xFFFF, 0xFFFF, 0xFFFF, 0xFFFF, 0xFFFF, 0xFFFF, 0xFFFF, 0xFFFF, 0xFFFF, 0xFFFF,   // 0x0740 (1856) pixels
0xFFFF, 0xFFFF, 0xFFFF, 0xFFFF, 0xFFFF, 0xFFFF, 0x0000, 0x0000, 0x0000, 0x0000, 0x0000, 0x0000, 0x0000, 0x0000, 0x0000, 0x0000,   // 0x0750 (1872) pixels
0x0000, 0x0000, 0x0000, 0x0000, 0x0000, 0x0000, 0x0000, 0x0000, 0x0000, 0x0000, 0xFFFF, 0xFFFF, 0xFFFF, 0xFFFF, 0xFFFF, 0xFFFF,   // 0x0760 (1888) pixels
0xFFFF, 0xFFFF, 0xFFFF, 0xFFFF, 0xFFFF, 0xFFFF, 0xFFFF, 0xFFFF, 0xFFFF, 0xFFFF, 0xFFFF, 0xFFFF, 0xFFFF, 0xFFFF, 0xFFFF, 0xFFFF,   // 0x0770 (1904) pixels
0xFFFF, 0xFFFF, 0xFFFF, 0xFFFF, 0xFFFF, 0xFFFF, 0xFFFF, 0xFFFF, 0xFFFF, 0xFFFF, 0xFFFF, 0xFFFF, 0xFFFF, 0xFFFF, 0xFFFF, 0xFFFF,   // 0x0780 (1920) pixels
0xFFFF, 0xFFFF, 0xFFFF, 0xFFFF, 0xFFFF, 0xFFFF, 0xFFFF, 0x0000, 0x0000, 0x0000, 0x0000, 0x0000, 0x0000, 0x0000, 0x0000, 0x0000,   // 0x0790 (1936) pixels
0x0000, 0x0000, 0x0000, 0x0000, 0x0000, 0x0000, 0x0000, 0x0000, 0xFFFF, 0xFFFF, 0xFFFF, 0xFFFF, 0xFFFF, 0xFFFF, 0xFFFF, 0xFFFF,   // 0x07A0 (1952) pixels
0xFFFF, 0xFFFF, 0xFFFF, 0xFFFF, 0xFFFF, 0xFFFF, 0xFFFF, 0xFFFF, 0xFFFF, 0xFFFF, 0xFFFF, 0xFFFF, 0xFFFF, 0xFFFF, 0xFFFF, 0xFFFF,   // 0x07B0 (1968) pixels
0xFFFF, 0xFFFF, 0xFFFF, 0xFFFF, 0xFFFF, 0xFFFF, 0xFFFF, 0xFFFF, 0xFFFF, 0xFFFF, 0xFFFF, 0xFFFF, 0xFFFF, 0xFFFF, 0xFFFF, 0xFFFF,   // 0x07C0 (1984) pixels
0xFFFF, 0xFFFF, 0xFFFF, 0xFFFF, 0xFFFF, 0xFFFF, 0xFFFF, 0xFFFF, 0xFFFF, 0xFFFF, 0x0000, 0x0000, 0x0000, 0x0000, 0x0000, 0x0000,   // 0x07D0 (2000) pixels
0x0000, 0x0000, 0x0000, 0x0000, 0x0000, 0xFFFF, 0xFFFF, 0xFFFF, 0xFFFF, 0xFFFF, 0xFFFF, 0xFFFF, 0xFFFF, 0xFFFF, 0xFFFF, 0xFFFF,   // 0x07E0 (2016) pixels
0xFFFF, 0xFFFF, 0xFFFF, 0xFFFF, 0xFFFF, 0xFFFF, 0xFFFF, 0xFFFF, 0xFFFF, 0xFFFF, 0xFFFF, 0xFFFF, 0xFFFF, 0xFFFF, 0xFFFF, 0xFFFF,   // 0x07F0 (2032) pixels
0xFFFF, 0xFFFF, 0xFFFF, 0xFFFF, 0xFFFF, 0xFFFF, 0xFFFF, 0xFFFF, 0xFFFF, 0xFFFF, 0xFFFF, 0xFFFF, 0xFFFF, 0xFFFF, 0xFFFF, 0xFFFF,   // 0x0800 (2048) pixels
};

const unsigned short Ring_Blue[2048] PROGMEM={
0x08E9, 0x08EA, 0x08EA, 0x090B, 0x08EB, 0x08CB, 0x08CC, 0x0990, 0x12D5, 0x13B8, 0x1C7B, 0x1CBC, 0x1C9C, 0x145B, 0x141B, 0x13FB,   // 0x0010 (16) pixels
0x13FB, 0x13FB, 0x143B, 0x147C, 0x14DC, 0x14BC, 0x13F9, 0x1336, 0x09F1, 0x08ED, 0x00CB, 0x08EB, 0x090B, 0x090A, 0x08EA, 0x00E9,   // 0x0020 (32) pixels
0x00C9, 0x08C9, 0x08C8, 0x08C7, 0x08C7, 0x08A7, 0x08C6, 0x08A6, 0x00A6, 0x00A5, 0x00A5, 0x00A5, 0x00A5, 0x00A5, 0x08A4, 0x08A5,   // 0x0030 (48) pixels
0x08A5, 0x0884, 0x0884, 0x0884, 0x0884, 0x0884, 0x0884, 0x0884, 0x0884, 0x0884, 0x0884, 0x0884, 0x0884, 0x0883, 0x0883, 0x0883,   // 0x0040 (64) pixels
0x08EA, 0x08EA, 0x08EB, 0x08EB, 0x08EC, 0x094F, 0x0A12, 0x1378, 0x1CBC, 0x1CFD, 0x1CDC, 0x1419, 0x1316, 0x0A74, 0x09F2, 0x09D2,   // 0x0050 (80) pixels
0x09D2, 0x09D2, 0x0A33, 0x0AD5, 0x13B8, 0x14BB, 0x14FD, 0x1CFD, 0x13F9, 0x0A74, 0x096F, 0x08EC, 0x08EB, 0x090B, 0x090A, 0x00EA,   // 0x0060 (96) pixels
0x00E9, 0x00C9, 0x08C8, 0x08C8, 0x08C8, 0x08C7, 0x08C7, 0x08A6, 0x00A6, 0x00A6, 0x00A5, 0x00A5, 0x00A5, 0x00A5, 0x08A5, 0x08A5,   // 0x0070 (112) pixels
0x08A5, 0x0884, 0x0884, 0x0884, 0x0884, 0x0884, 0x0884, 0x0884, 0x0884, 0x0884, 0x0884, 0x0884, 0x0884, 0x0883, 0x0883, 0x0883,   // 0x0080 (128) pixels
0x08EA, 0x08EB, 0x090C, 0x08CB, 0x092F, 0x0AD5, 0x14DC, 0x1D5E, 0x143B, 0x1296, 0x0992, 0x090E, 0x08EC, 0x08EB, 0x08CB, 0x08CB,   // 0x0090 (144) pixels
0x08CB, 0x08CB, 0x08CB, 0x08EC, 0x090E, 0x0970, 0x0A34, 0x13B9, 0x153D, 0x153D, 0x1357, 0x0970, 0x00AC, 0x090B, 0x090B, 0x00EA,   // 0x00A0 (160) pixels
0x00E9, 0x00E9, 0x00C9, 0x08C8, 0x08C8, 0x08C7, 0x08C7, 0x08A7, 0x00A6, 0x00A6, 0x00A6, 0x00A5, 0x00A5, 0x00A5, 0x08A5, 0x08A5,   // 0x00B0 (176) pixels
0x00A5, 0x00A4, 0x08A4, 0x08A4, 0x0884, 0x0884, 0x0884, 0x0884, 0x0884, 0x0884, 0x0884, 0x0884, 0x0884, 0x0883, 0x0883, 0x0883,   // 0x00C0 (192) pixels
0x08EA, 0x08CB, 0x08CC, 0x0970, 0x1378, 0x14FD, 0x147C, 0x1338, 0x09F2, 0x092E, 0x08AB, 0x0889, 0x0889, 0x0888, 0x08A8, 0x0888,   // 0x00D0 (208) pixels
0x0888, 0x0888, 0x0888, 0x0889, 0x0889, 0x08AB, 0x08ED, 0x0990, 0x12D6, 0x141B, 0x1D1D, 0x13F9, 0x09D1, 0x08CC, 0x08CA, 0x090A,   // 0x00E0 (224) pixels
0x08EA, 0x00E9, 0x00E9, 0x08C8, 0x08C8, 0x08C8, 0x08C7, 0x08C7, 0x08A6, 0x00A6, 0x00A6, 0x00A6, 0x00A5, 0x00A5, 0x00A5, 0x00A5,   // 0x00F0 (240) pixels
0x00A4, 0x00A4, 0x00A4, 0x08A4, 0x0884, 0x0884, 0x0884, 0x0884, 0x0884, 0x0884, 0x0884, 0x0884, 0x0884, 0x0883, 0x0883, 0x0883,   // 0x0100 (256) pixels
0x08EB, 0x08EC, 0x0991, 0x1378, 0x14FE, 0x149C, 0x0A75, 0x08EF, 0x086A, 0x08A9, 0x08A8, 0x08A8, 0x08A8, 0x08A8, 0x08A8, 0x08A8,   // 0x0110 (272) pixels
0x08A7, 0x08A7, 0x08A7, 0x08A8, 0x08A8, 0x08A8, 0x08A8, 0x0849, 0x088C, 0x09D2, 0x141A, 0x1D3D, 0x13F9, 0x09D1, 0x08EC, 0x08EA,   // 0x0120 (288) pixels
0x090A, 0x08EA, 0x00E9, 0x00C9, 0x08C8, 0x08C8, 0x08C7, 0x08C7, 0x08A7, 0x08A6, 0x00A6, 0x00A6, 0x00A5, 0x00A5, 0x00A5, 0x00A5,   // 0x0130 (304) pixels
0x00A4, 0x00A4, 0x00A4, 0x08A4, 0x0884, 0x0884, 0x0884, 0x0884, 0x0884, 0x0884, 0x0884, 0x0884, 0x0884, 0x0883, 0x0883, 0x0883,   // 0x0140 (320) pixels
0x08CB, 0x0970, 0x0B17, 0x1D5E, 0x145B, 0x09B3, 0x08EE, 0x08AB, 0x08C9, 0x08C8, 0x08A8, 0x08A7, 0x08A7, 0x08A7, 0x08A7, 0x08A7,   // 0x0150 (336) pixels
0x08A7, 0x08A7, 0x08A7, 0x08A7, 0x08A7, 0x08A8, 0x08A8, 0x08A8, 0x08A9, 0x08AC, 0x0930, 0x13D9, 0x1D5D, 0x1398, 0x09B0, 0x08AB,   // 0x0160 (352) pixels
0x090A, 0x08EA, 0x00E9, 0x00E9, 0x08C8, 0x08C8, 0x08C8, 0x08C7, 0x08A7, 0x08A6, 0x00A6, 0x00A6, 0x00A5, 0x00A5, 0x00A5, 0x00A5,   // 0x0170 (368) pixels
0x00A4, 0x00A4, 0x0084, 0x0884, 0x0884, 0x0884, 0x0884, 0x0884, 0x0884, 0x0884, 0x0884, 0x0884, 0x0884, 0x0883, 0x0883, 0x0883,   // 0x0180 (384) pixels
0x08CE, 0x0AD6, 0x14FD, 0x143C, 0x0A55, 0x08CD, 0x08AB, 0x08A9, 0x08A8, 0x08A8, 0x08A7, 0x08A7, 0x08A7, 0x08A7, 0x08A7, 0x08A7,   // 0x0190 (400) pixels
0x08A7, 0x08A7, 0x08A7, 0x08A7, 0x08A7, 0x08A7, 0x08A7, 0x08A7, 0x08A8, 0x08A9, 0x08AC, 0x11D2, 0x1BD9, 0x155E, 0x0B37, 0x092E,   // 0x01A0 (416) pixels
0x08EB, 0x08EA, 0x00EA, 0x00E9, 0x00C9, 0x08C8, 0x08C8, 0x08C7, 0x08A7, 0x08A6, 0x00A6, 0x00A6, 0x00A5, 0x00A5, 0x00A5, 0x00A5,   // 0x01B0 (432) pixels
0x0085, 0x0084, 0x0084, 0x0884, 0x0884, 0x0884, 0x0884, 0x0884, 0x0884, 0x0884, 0x0884, 0x0884, 0x0884, 0x0883, 0x0883, 0x0883,   // 0x01C0 (448) pixels
0x09F3, 0x143B, 0x151D, 0x0A76, 0x08CE, 0x08AA, 0x08C9, 0x08A8, 0x08A8, 0x08A8, 0x08A8, 0x08A7, 0x08A7, 0x08A7, 0x08A7, 0x08A7,   // 0x01D0 (464) pixels
0x08A7, 0x08A6, 0x08A6, 0x08A7, 0x08A7, 0x08A7, 0x08A7, 0x08A7, 0x00A7, 0x08A8, 0x08A9, 0x088C, 0x11F3, 0x14DC, 0x149C, 0x0A94,   // 0x01E0 (480) pixels
0x08CC, 0x08CA, 0x00EA, 0x00E9, 0x00E9, 0x08C8, 0x08C8, 0x08C8, 0x08A7, 0x08A7, 0x00A6, 0x00A6, 0x00A5, 0x00A5, 0x00A5, 0x00A5,   // 0x01F0 (496) pixels
0x0085, 0x0085, 0x0085, 0x0884, 0x0884, 0x0884, 0x0884, 0x0884, 0x0884, 0x0884, 0x0884, 0x0884, 0x0884, 0x0883, 0x0883, 0x0883,   // 0x0200 (512) pixels
0x1398, 0x14BD, 0x1379, 0x0971, 0x088B, 0x08C9, 0x08A8, 0x08A8, 0x08A8, 0x08A8, 0x08A8, 0x08A7, 0x08A7, 0x08A7, 0x08A7, 0x08A7,   // 0x0210 (528) pixels
0x08A7, 0x08A7, 0x08A7, 0x08A7, 0x08A7, 0x08A7, 0x08A7, 0x08A8, 0x08A8, 0x08C8, 0x08C8, 0x0889, 0x090E, 0x12B6, 0x14FD, 0x1439,   // 0x0220 (544) pixels
0x092E, 0x08EB, 0x08EA, 0x00EA, 0x00E9, 0x08C8, 0x08C8, 0x08C8, 0x08C7, 0x08C7, 0x08A6, 0x00A6, 0x00A5, 0x00A5, 0x00A5, 0x00A5,   // 0x0230 (560) pixels
0x0085, 0x0085, 0x0085, 0x0884, 0x0884, 0x0884, 0x0884, 0x0884, 0x0884, 0x0884, 0x0884, 0x0884, 0x0884, 0x0883, 0x0883, 0x0883,   // 0x0240 (576) pixels
0x147B, 0x147C, 0x09F5, 0x090E, 0x08AA, 0x08A8, 0x08A7, 0x08A7, 0x08A7, 0x08A7, 0x08A7, 0x08A7, 0x08A7, 0x08A7, 0x08A7, 0x08A7,   // 0x0250 (592) pixels
0x08A7, 0x08A7, 0x08A7, 0x08A7, 0x08A7, 0x08A7, 0x08A7, 0x08A8, 0x08A8, 0x08A8, 0x08A8, 0x08A9, 0x08CC, 0x0971, 0x145B, 0x14BC,   // 0x0260 (608) pixels
0x0A12, 0x090C, 0x08CA, 0x00EA, 0x00E9, 0x08C8, 0x08C8, 0x08C8, 0x08C7, 0x08A7, 0x08A6, 0x00A6, 0x00A6, 0x00A5, 0x00A5, 0x00A5,   // 0x0270 (624) pixels
0x00A5, 0x00A5, 0x08A5, 0x0884, 0x0884, 0x0884, 0x0884, 0x0884, 0x0884, 0x0884, 0x0884, 0x0884, 0x0884, 0x0884, 0x0884, 0x0883,   // 0x0280 (640) pixels
0x14DD, 0x13DA, 0x0911, 0x08EC, 0x08C9, 0x08A8, 0x08A7, 0x08A7, 0x08A7, 0x08A7, 0x08A7, 0x08A7, 0x08A7, 0x08A7, 0x08A7, 0x08A7,   // 0x0290 (656) pixels
0x08A7, 0x08A7, 0x08A7, 0x08A7, 0x08A7, 0x08A7, 0x08A8, 0x08A8, 0x08A8, 0x08A8, 0x08A7, 0x08A8, 0x08AA, 0x08AD, 0x1357, 0x14BC,   // 0x02A0 (672) pixels
0x1357, 0x096F, 0x08AA, 0x08EA, 0x00E9, 0x00C9, 0x08C8, 0x08C8, 0x08C7, 0x08A7, 0x08A6, 0x00A6, 0x00A6, 0x00A5, 0x00A5, 0x00A5,   // 0x02B0 (688) pixels
0x00A5, 0x00A5, 0x08A5, 0x0884, 0x0884, 0x0884, 0x0884, 0x0884, 0x0884, 0x0884, 0x0884, 0x0884, 0x0884, 0x0884, 0x0884, 0x0883,   // 0x02C0 (704) pixels
0x147C, 0x0B17, 0x08CE, 0x08CB, 0x08C9, 0x08A8, 0x08A7, 0x08A7, 0x08A7, 0x08A7, 0x08A7, 0x08A7, 0x08A7, 0x08A7, 0x08A7, 0x08A7,   // 0x02D0 (720) pixels
0x08A7, 0x08A7, 0x08A7, 0x08A7, 0x08A7, 0x08A7, 0x08A8, 0x08A8, 0x08A8, 0x08A8, 0x08A8, 0x08C8, 0x08A9, 0x08AB, 0x1254, 0x141B,   // 0x02E0 (736) pixels
0x143A, 0x09D1, 0x08AA, 0x08EA, 0x00E9, 0x00C9, 0x08C8, 0x08C8, 0x08C7, 0x08A7, 0x08A6, 0x00A6, 0x00A6, 0x00A5, 0x00A5, 0x00A5,   // 0x02F0 (752) pixels
0x00A5, 0x00A5, 0x08A5, 0x0884, 0x0884, 0x0884, 0x0884, 0x0884, 0x0884, 0x0884, 0x0884, 0x0884, 0x0884, 0x0884, 0x0884, 0x0883,   // 0x0300 (768) pixels
0x141C, 0x0A75, 0x08CD, 0x08CA, 0x08A8, 0x08A8, 0x08A7, 0x08A7, 0x08A7, 0x08A7, 0x08A7, 0x08A7, 0x08A7, 0x08A7, 0x08A7, 0x08A7,   // 0x0310 (784) pixels
0x08A7, 0x08A7, 0x08A7, 0x08A7, 0x08A7, 0x08A7, 0x08A8, 0x08A8, 0x08A8, 0x08A8, 0x08A7, 0x08A8, 0x08A9, 0x08AA, 0x1191, 0x1399,   // 0x0320 (800) pixels
0x14BC, 0x0A32, 0x08AB, 0x08EA, 0x00C9, 0x00C9, 0x08C8, 0x08C8, 0x08C7, 0x08A7, 0x08A6, 0x00A6, 0x00A6, 0x00A5, 0x00A5, 0x00A5,   // 0x0330 (816) pixels
0x00A5, 0x00A5, 0x08A5, 0x0884, 0x0884, 0x0884, 0x0884, 0x0884, 0x0884, 0x0884, 0x0884, 0x0884, 0x0884, 0x0884, 0x0883, 0x0863,   // 0x0340 (832) pixels
0x0BBB, 0x09F4, 0x08CD, 0x08CA, 0x08A8, 0x08A8, 0x08A7, 0x08A7, 0x08A7, 0x08A7, 0x08A7, 0x08A7, 0x08A7, 0x08A7, 0x08A7, 0x08A7,   // 0x0350 (848) pixels
0x08A7, 0x08A7, 0x08A7, 0x08A7, 0x08A7, 0x08A7, 0x08A7, 0x08A8, 0x08A7, 0x08A7, 0x08A7, 0x08A8, 0x08A9, 0x08CA, 0x112F, 0x1338,   // 0x0360 (864) pixels
0x14FD, 0x0A74, 0x08CC, 0x08EA, 0x00C9, 0x00C9, 0x08C8, 0x08C8, 0x08C7, 0x08A7, 0x08A6, 0x00A6, 0x00A6, 0x00A6, 0x00A5, 0x00A5,   // 0x0370 (880) pixels
0x00A5, 0x00A5, 0x0885, 0x0884, 0x0884, 0x0884, 0x0884, 0x0884, 0x0884, 0x0884, 0x0884, 0x0884, 0x0884, 0x0883, 0x0883, 0x0883,   // 0x0380 (896) pixels
0x0B9A, 0x09D3, 0x08EC, 0x08CA, 0x08A8, 0x08A8, 0x08A7, 0x08A7, 0x08A7, 0x08A7, 0x08A7, 0x08A7, 0x08A7, 0x08A7, 0x08A7, 0x08A7,   // 0x0390 (912) pixels
0x08A7, 0x08A7, 0x08A7, 0x08A7, 0x08A7, 0x08A7, 0x08A7, 0x08A7, 0x08A7, 0x08A7, 0x08A7, 0x08A8, 0x08A8, 0x08CA, 0x10EE, 0x1317,   // 0x03A0 (928) pixels
0x151D, 0x0AB5, 0x08ED, 0x08EA, 0x00C9, 0x00C9, 0x08C8, 0x08C8, 0x08C7, 0x08A7, 0x08A6, 0x00A6, 0x00A6, 0x00A6, 0x00A5, 0x00A5,   // 0x03B0 (944) pixels
0x00A5, 0x00A5, 0x0885, 0x0884, 0x0884, 0x0884, 0x0884, 0x0884, 0x0884, 0x0884, 0x0884, 0x0884, 0x0884, 0x0883, 0x0883, 0x0883,   // 0x03C0 (960) pixels
0x0B9A, 0x09D3, 0x08EC, 0x08CA, 0x08A8, 0x08A8, 0x08A7, 0x08A7, 0x08A7, 0x08A7, 0x08A7, 0x08A7, 0x08A7, 0x08A7, 0x08A6, 0x08A6,   // 0x03D0 (976) pixels
0x08A6, 0x08A7, 0x08A7, 0x08A7, 0x08A7, 0x08A7, 0x08A7, 0x08A7, 0x08A7, 0x08A7, 0x08A7, 0x08A8, 0x08A8, 0x08CA, 0x08EE, 0x1317,   // 0x03E0 (992) pixels
0x153D, 0x0AD5, 0x090D, 0x08EA, 0x00C9, 0x00C9, 0x08C8, 0x08C8, 0x08C7, 0x08C7, 0x08C6, 0x08A6, 0x00A6, 0x00A6, 0x00A6, 0x00A5,   // 0x03F0 (1008) pixels
0x0085, 0x0885, 0x08A5, 0x08A4, 0x0884, 0x0884, 0x0884, 0x0884, 0x0884, 0x0884, 0x0884, 0x0884, 0x0884, 0x0883, 0x0883, 0x0883,   // 0x0400 (1024) pixels
0x0B9A, 0x09D3, 0x08ED, 0x08CA, 0x08A8, 0x08A8, 0x08A7, 0x08A7, 0x08A7, 0x08A7, 0x0887, 0x0887, 0x0886, 0x08A6, 0x08A6, 0x08A6,   // 0x0410 (1040) pixels
0x08A6, 0x08A6, 0x08A6, 0x08A7, 0x08A7, 0x08A7, 0x08A7, 0x08A7, 0x08A7, 0x08A7, 0x08A8, 0x08A8, 0x08C8, 0x08CA, 0x090E, 0x1317,   // 0x0420 (1056) pixels
0x151D, 0x0AB5, 0x08ED, 0x08EA, 0x00C9, 0x00C9, 0x08C8, 0x08C8, 0x08C7, 0x08C7, 0x08C6, 0x08A6, 0x00A6, 0x00A6, 0x00A5, 0x00A5,   // 0x0430 (1072) pixels
0x00A5, 0x0885, 0x08A5, 0x08A4, 0x0884, 0x0884, 0x0884, 0x0884, 0x0884, 0x0884, 0x0884, 0x0884, 0x0884, 0x0883, 0x0883, 0x0883,   // 0x0440 (1088) pixels
0x13DB, 0x0A34, 0x08ED, 0x08CA, 0x08A9, 0x08A8, 0x08A8, 0x08A7, 0x08A7, 0x08A7, 0x0887, 0x0887, 0x0886, 0x08A6, 0x08A6, 0x08A6,   // 0x0450 (1104) pixels
0x08A6, 0x08A6, 0x0886, 0x0886, 0x08A6, 0x08A6, 0x08A6, 0x08A7, 0x08A7, 0x08A7, 0x08A8, 0x08A8, 0x08C9, 0x08CA, 0x092F, 0x1338,   // 0x0460 (1120) pixels
0x14FD, 0x0A74, 0x08CC, 0x08EA, 0x00C9, 0x00C9, 0x08C8, 0x08C8, 0x08C7, 0x08C7, 0x08C6, 0x08A6, 0x08A6, 0x00A6, 0x00A6, 0x00A5,   // 0x0470 (1136) pixels
0x00A5, 0x0885, 0x08A5, 0x08A4, 0x0884, 0x0884, 0x0884, 0x0884, 0x0884, 0x0884, 0x0884, 0x0884, 0x0884, 0x0883, 0x0883, 0x0883,   // 0x0480 (1152) pixels
0x141C, 0x0AB6, 0x08ED, 0x08CB, 0x08C9, 0x08A8, 0x08A8, 0x08A7, 0x08A7, 0x08A7, 0x08A7, 0x0886, 0x0886, 0x08A6, 0x08A6, 0x08A6,   // 0x0490 (1168) pixels
0x08A6, 0x0886, 0x0886, 0x0886, 0x0886, 0x0886, 0x08A6, 0x08A7, 0x08A7, 0x08A7, 0x08A8, 0x08A8, 0x08A9, 0x08CA, 0x09B1, 0x1399,   // 0x04A0 (1184) pixels
0x149C, 0x0A13, 0x08AB, 0x08EA, 0x00E9, 0x00C8, 0x08C8, 0x08C8, 0x08C7, 0x08C7, 0x08C6, 0x08A6, 0x08A6, 0x00A6, 0x00A6, 0x00A5,   // 0x04B0 (1200) pixels
0x00A5, 0x0885, 0x08A5, 0x08A4, 0x0884, 0x0884, 0x0884, 0x0884, 0x0884, 0x0884, 0x0884, 0x0884, 0x0884, 0x0883, 0x0883, 0x0883,   // 0x04C0 (1216) pixels
0x14BD, 0x0B78, 0x08EF, 0x08CB, 0x08C9, 0x08A8, 0x08A8, 0x08A7, 0x08A7, 0x08A7, 0x0887, 0x0886, 0x08A6, 0x08A6, 0x08A6, 0x08A6,   // 0x04D0 (1232) pixels
0x08A6, 0x08A6, 0x08A6, 0x08A6, 0x0886, 0x0886, 0x08A7, 0x08A7, 0x08A7, 0x08A8, 0x08A8, 0x08A8, 0x08A9, 0x08AB, 0x1274, 0x141B,   // 0x04E0 (1248) pixels
0x141A, 0x09D1, 0x08AA, 0x08EA, 0x08C9, 0x08C8, 0x08C8, 0x08C7, 0x08C7, 0x08C7, 0x08A6, 0x00A6, 0x00A6, 0x00A6, 0x08A5, 0x08A5,   // 0x04F0 (1264) pixels
0x08A5, 0x08A5, 0x08A4, 0x0884, 0x0884, 0x0884, 0x0884, 0x0884, 0x0884, 0x0884, 0x0884, 0x0884, 0x0884, 0x0883, 0x0883, 0x0883,   // 0x0500 (1280) pixels
0x14FD, 0x143B, 0x0931, 0x08ED, 0x08C9, 0x08A8, 0x08A8, 0x08A7, 0x08A7, 0x08A7, 0x0887, 0x0886, 0x08A6, 0x08A6, 0x08A6, 0x08A6,   // 0x0510 (1296) pixels
0x08A6, 0x08A6, 0x08A6, 0x0886, 0x0886, 0x0886, 0x08A7, 0x08A7, 0x08A7, 0x08A8, 0x08A8, 0x08A8, 0x08AA, 0x08AD, 0x1378, 0x14BD,   // 0x0520 (1312) pixels
0x1317, 0x094F, 0x08AA, 0x08EA, 0x08C9, 0x08C8, 0x08C8, 0x08C7, 0x08C7, 0x08C6, 0x08A6, 0x00A6, 0x00A6, 0x00A5, 0x0885, 0x0885,   // 0x0530 (1328) pixels
0x08A5, 0x08A4, 0x08A4, 0x0884, 0x0884, 0x0884, 0x0884, 0x0884, 0x0884, 0x0884, 0x0884, 0x0884, 0x0884, 0x0884, 0x0883, 0x0883,   // 0x0540 (1344) pixels
0x147B, 0x14BD, 0x0A56, 0x092F, 0x08AA, 0x08C8, 0x08A8, 0x08A8, 0x08A7, 0x08A7, 0x0887, 0x0886, 0x08A6, 0x08A6, 0x08A6, 0x08A6,   // 0x0550 (1360) pixels
0x08A6, 0x08A6, 0x08A6, 0x0886, 0x0886, 0x08A7, 0x08A7, 0x08A7, 0x08A7, 0x08A8, 0x08A8, 0x08A9, 0x08CC, 0x0991, 0x1C7B, 0x14BC,   // 0x0560 (1376) pixels
0x09F3, 0x090C, 0x08C9, 0x08E9, 0x08C9, 0x08C8, 0x08C8, 0x08C7, 0x08C7, 0x08C6, 0x08A6, 0x00A6, 0x00A6, 0x00A5, 0x0085, 0x0085,   // 0x0570 (1392) pixels
0x08A4, 0x0884, 0x0884, 0x0884, 0x0884, 0x0884, 0x0884, 0x0884, 0x0864, 0x0864, 0x0884, 0x0884, 0x0884, 0x0883, 0x0883, 0x0883,   // 0x0580 (1408) pixels
0x1357, 0x14FD, 0x141A, 0x0992, 0x088C, 0x08C9, 0x08C8, 0x08A8, 0x08A8, 0x08A7, 0x08A7, 0x08A7, 0x08A6, 0x0886, 0x0886, 0x0886,   // 0x0590 (1424) pixels
0x0886, 0x08A6, 0x08A6, 0x00A6, 0x00A7, 0x08A7, 0x08A7, 0x08A7, 0x08A7, 0x08A8, 0x08A8, 0x1069, 0x110E, 0x12F6, 0x14FD, 0x13F9,   // 0x05A0 (1440) pixels
0x090F, 0x08CB, 0x08E9, 0x00E9, 0x08C9, 0x08C8, 0x08C7, 0x08C7, 0x08A6, 0x08A6, 0x00A6, 0x00A6, 0x00A5, 0x00A5, 0x00A5, 0x0084,   // 0x05B0 (1456) pixels
0x0884, 0x0884, 0x0884, 0x0884, 0x0884, 0x0884, 0x0884, 0x0864, 0x0864, 0x0864, 0x0884, 0x0884, 0x0884, 0x0883, 0x0883, 0x0883,   // 0x05C0 (1472) pixels
0x09B2, 0x141A, 0x157E, 0x0AF7, 0x0910, 0x088B, 0x08C9, 0x08C8, 0x08A8, 0x08A8, 0x08A7, 0x08A7, 0x08A7, 0x0887, 0x0887, 0x0886,   // 0x05D0 (1488) pixels
0x08A6, 0x08A7, 0x08A7, 0x00A7, 0x00A7, 0x08A7, 0x08A7, 0x08A7, 0x08A8, 0x08A8, 0x0888, 0x106B, 0x1213, 0x14FD, 0x147C, 0x0A54,   // 0x05E0 (1504) pixels
0x08CB, 0x08CA, 0x08E9, 0x08C9, 0x08C8, 0x08C8, 0x08C7, 0x08A7, 0x08A6, 0x08A6, 0x00A6, 0x00A5, 0x00A5, 0x00A5, 0x08A5, 0x0884,   // 0x05F0 (1520) pixels
0x0884, 0x0884, 0x0884, 0x0884, 0x0884, 0x0884, 0x0884, 0x0864, 0x0864, 0x0864, 0x0884, 0x0884, 0x0884, 0x0884, 0x0883, 0x0884,   // 0x0600 (1536) pixels
0x08AD, 0x0A95, 0x14DD, 0x14BC, 0x0AD6, 0x08EF, 0x08CB, 0x08A9, 0x08A8, 0x08A8, 0x08A8, 0x08A7, 0x08A7, 0x08A7, 0x08A7, 0x08A7,   // 0x0610 (1552) pixels
0x08A7, 0x08A7, 0x08A7, 0x08A7, 0x08A7, 0x08A7, 0x08A7, 0x08A8, 0x08A8, 0x0889, 0x088A, 0x11D2, 0x13DA, 0x153E, 0x0B17, 0x00ED,   // 0x0620 (1568) pixels
0x08CA, 0x08C9, 0x08C9, 0x08C8, 0x08C8, 0x08C7, 0x08C7, 0x08A7, 0x08A6, 0x08A6, 0x00A5, 0x00A5, 0x00A5, 0x08A5, 0x0885, 0x0884,   // 0x0630 (1584) pixels
0x0884, 0x0884, 0x0884, 0x0884, 0x0884, 0x0884, 0x0884, 0x0864, 0x0884, 0x0864, 0x0884, 0x0884, 0x0864, 0x0884, 0x0884, 0x0883,   // 0x0640 (1600) pixels
0x08CB, 0x0950, 0x0AD7, 0x1D5E, 0x14BC, 0x0A35, 0x090F, 0x08AB, 0x08C9, 0x08C8, 0x08A8, 0x08A8, 0x08A8, 0x08A8, 0x08A8, 0x08A7,   // 0x0650 (1616) pixels
0x08A7, 0x08A7, 0x08A7, 0x08A7, 0x08A8, 0x08A8, 0x08A8, 0x08A8, 0x0889, 0x10AB, 0x0950, 0x13F9, 0x153E, 0x1379, 0x09B0, 0x08AA,   // 0x0660 (1632) pixels
0x08EA, 0x08C9, 0x08C8, 0x08C8, 0x08C8, 0x08C7, 0x08C7, 0x08A6, 0x08A6, 0x08A6, 0x08A5, 0x08A5, 0x08A5, 0x08A5, 0x0884, 0x0884,   // 0x0670 (1648) pixels
0x0884, 0x0884, 0x0884, 0x0884, 0x0884, 0x0884, 0x0884, 0x0884, 0x0884, 0x0884, 0x0884, 0x0884, 0x0884, 0x0863, 0x0863, 0x0863,   // 0x0680 (1664) pixels
0x10EB, 0x08CC, 0x0970, 0x1338, 0x151E, 0x14FD, 0x0B17, 0x0951, 0x086C, 0x088A, 0x0889, 0x08A8, 0x08A8, 0x08A8, 0x08A8, 0x08A8,   // 0x0690 (1680) pixels
0x08A8, 0x08A8, 0x08A8, 0x08A8, 0x08A8, 0x08A8, 0x0888, 0x0849, 0x08AD, 0x1213, 0x145A, 0x151E, 0x13BA, 0x09B1, 0x08EC, 0x08C9,   // 0x06A0 (1696) pixels
0x08E9, 0x08C9, 0x08C8, 0x08C7, 0x08C7, 0x08C7, 0x08C7, 0x08A6, 0x08A6, 0x08A6, 0x08A5, 0x08A5, 0x0885, 0x0885, 0x0884, 0x0884,   // 0x06B0 (1712) pixels
0x0884, 0x0884, 0x0884, 0x0884, 0x0884, 0x0884, 0x0884, 0x0884, 0x0884, 0x0884, 0x0884, 0x0883, 0x0883, 0x0863, 0x0863, 0x0863,   // 0x06C0 (1728) pixels
0x10EA, 0x10CB, 0x08CC, 0x0930, 0x0B37, 0x14FD, 0x14DD, 0x13BA, 0x0A54, 0x0990, 0x08ED, 0x08AB, 0x088A, 0x0889, 0x0889, 0x0889,   // 0x06D0 (1744) pixels
0x0889, 0x0889, 0x0889, 0x0889, 0x088A, 0x08AB, 0x092D, 0x11B1, 0x12F7, 0x145C, 0x151E, 0x13DA, 0x09B1, 0x08CB, 0x08C9, 0x08E9,   // 0x06E0 (1760) pixels
0x08C9, 0x08C8, 0x08C7, 0x08C7, 0x08C7, 0x08C7, 0x08C6, 0x08A6, 0x08A6, 0x08A5, 0x08A5, 0x08A5, 0x0885, 0x0884, 0x0884, 0x0884,   // 0x06F0 (1776) pixels
0x0884, 0x0884, 0x0884, 0x0884, 0x0884, 0x0884, 0x0884, 0x0864, 0x0864, 0x0884, 0x0884, 0x0884, 0x0863, 0x0864, 0x0863, 0x0863,   // 0x0700 (1792) pixels
0x10EA, 0x10EA, 0x10EB, 0x08CB, 0x090F, 0x0A75, 0x149B, 0x1D9E, 0x1CFD, 0x1379, 0x0A55, 0x0971, 0x092F, 0x090E, 0x08ED, 0x08EC,   // 0x0710 (1808) pixels
0x08EC, 0x08EC, 0x08ED, 0x090E, 0x092F, 0x09B2, 0x12B6, 0x141A, 0x155E, 0x151D, 0x1318, 0x0970, 0x08AB, 0x08EA, 0x08E9, 0x08C9,   // 0x0720 (1824) pixels
0x08C8, 0x08C7, 0x08C7, 0x08A7, 0x08C7, 0x08C7, 0x08A6, 0x08A6, 0x08A6, 0x08A5, 0x08A5, 0x08A5, 0x0885, 0x0885, 0x0884, 0x0884,   // 0x0730 (1840) pixels
0x0884, 0x0884, 0x0864, 0x0864, 0x0884, 0x0884, 0x0884, 0x0884, 0x0864, 0x0864, 0x0864, 0x0884, 0x0863, 0x0863, 0x0863, 0x0863,   // 0x0740 (1856) pixels
0x08C9, 0x08CA, 0x10EA, 0x08EB, 0x08EB, 0x092E, 0x09D2, 0x1317, 0x147C, 0x1D1E, 0x1D1E, 0x149C, 0x0BF9, 0x0B77, 0x0AD5, 0x12B5,   // 0x0750 (1872) pixels
0x0A95, 0x0AB5, 0x0B16, 0x1398, 0x143A, 0x14DD, 0x151E, 0x14DE, 0x13BA, 0x0A54, 0x094F, 0x08CB, 0x08CA, 0x08C9, 0x08C9, 0x08A8,   // 0x0760 (1888) pixels
0x08A7, 0x08A7, 0x08A7, 0x08A6, 0x08A6, 0x08A6, 0x08A5, 0x08A5, 0x08A5, 0x08A5, 0x0884, 0x0884, 0x0884, 0x0884, 0x0884, 0x0884,   // 0x0770 (1904) pixels
0x0884, 0x0864, 0x0884, 0x0884, 0x0864, 0x0884, 0x0884, 0x0884, 0x0884, 0x0884, 0x0884, 0x0884, 0x0864, 0x0864, 0x0864, 0x0864,   // 0x0780 (1920) pixels
0x10A8, 0x10A9, 0x10A9, 0x10CA, 0x10CA, 0x08AA, 0x088B, 0x090E, 0x0A33, 0x1337, 0x13D9, 0x143B, 0x147C, 0x147B, 0x145B, 0x143B,   // 0x0790 (1936) pixels
0x143B, 0x145B, 0x145C, 0x145C, 0x147C, 0x141B, 0x1399, 0x0AD5, 0x0990, 0x08AB, 0x0889, 0x08A9, 0x08C9, 0x08A9, 0x08A8, 0x08A7,   // 0x07A0 (1952) pixels
0x08A7, 0x08A7, 0x08A6, 0x08A6, 0x08A6, 0x08A6, 0x08A6, 0x08A6, 0x08A5, 0x08A5, 0x08A5, 0x08A4, 0x0884, 0x0884, 0x0885, 0x0884,   // 0x07B0 (1968) pixels
0x0884, 0x0884, 0x0884, 0x0885, 0x0885, 0x08A5, 0x08A5, 0x08A5, 0x08A5, 0x08A5, 0x08A5, 0x08A5, 0x08A5, 0x08A5, 0x0884, 0x0884,   // 0x07C0 (1984) pixels
0x190B, 0x190B, 0x190C, 0x112C, 0x112D, 0x112D, 0x092D, 0x090D, 0x090E, 0x0930, 0x09B3, 0x12D6, 0x13D9, 0x147B, 0x14FD, 0x151D,   // 0x07D0 (2000) pixels
0x151D, 0x151D, 0x14BC, 0x143B, 0x1379, 0x0A55, 0x0992, 0x092F, 0x090D, 0x092C, 0x092C, 0x092C, 0x092C, 0x092C, 0x092C, 0x092B,   // 0x07E0 (2016) pixels
0x092B, 0x092B, 0x090A, 0x090A, 0x090A, 0x090A, 0x0909, 0x0909, 0x08E9, 0x08E8, 0x08E8, 0x08E8, 0x08E8, 0x08E8, 0x08E8, 0x08E8,   // 0x07F0 (2032) pixels
0x08E7, 0x08E7, 0x08C7, 0x08C7, 0x08C6, 0x08C6, 0x08C6, 0x08C6, 0x08C6, 0x08A6, 0x08A6, 0x08A6, 0x08A5, 0x08A5, 0x08A5, 0x0885,   // 0x0800 (2048) pixels
};

const unsigned short Ring_Cyberpunk[2048] PROGMEM={
0x0063, 0x0043, 0x0864, 0x0843, 0x0023, 0x0804, 0x38E7, 0x824C, 0xBB2F, 0xCB51, 0xBAF2, 0xA273, 0x9213, 0x81D5, 0x89D7, 0x91D8,   // 0x0010 (16) pixels
0x81D6, 0x8A15, 0xA2D8, 0xBB7C, 0xD43E, 0xDC9F, 0xDC1F, 0xB27D, 0x68B7, 0x384F, 0x2069, 0x1087, 0x00A6, 0x00A5, 0x0044, 0x0145,   // 0x0020 (32) pixels
0x1C0A, 0x24AC, 0x226A, 0x52CD, 0x2128, 0x00C6, 0x0969, 0x2A4C, 0x2A2B, 0x0086, 0x0108, 0x118A, 0x0107, 0x10A4, 0x49A8, 0x5AEE,   // 0x0030 (48) pixels
0x1105, 0x0043, 0x0022, 0x0022, 0x0022, 0x0042, 0x0042, 0x0042, 0x0042, 0x0042, 0x0042, 0x0042, 0x0042, 0x0042, 0x0021, 0x0021,   // 0x0040 (64) pixels
0x0063, 0x0064, 0x0864, 0x0824, 0x1844, 0x69CA, 0xAB0E, 0xD370, 0xCACF, 0x99CD, 0x68EB, 0x4849, 0x3008, 0x2809, 0x402E, 0x484F,   // 0x0050 (80) pixels
0x302C, 0x302B, 0x404E, 0x58F1, 0x71F3, 0x9356, 0xC47B, 0xDC9F, 0xC31F, 0x7116, 0x304C, 0x1887, 0x08A6, 0x0084, 0x0064, 0x0083,   // 0x0060 (96) pixels
0x0144, 0x01C6, 0x19A8, 0x59EA, 0x5148, 0x1107, 0x0169, 0x21EA, 0x31C9, 0x1926, 0x09E9, 0x09CA, 0x00C6, 0x28E5, 0x8A89, 0x7B6F,   // 0x0070 (112) pixels
0x1906, 0x0043, 0x0042, 0x0022, 0x0022, 0x0022, 0x0042, 0x0042, 0x0042, 0x0042, 0x0042, 0x0042, 0x0042, 0x0042, 0x0042, 0x0022,   // 0x0080 (128) pixels
0x0063, 0x0864, 0x1044, 0x3086, 0x79E9, 0xD3B0, 0xC32F, 0x916B, 0x5807, 0x3006, 0x2046, 0x2066, 0x1845, 0x1866, 0x28AA, 0x28CB,   // 0x0090 (144) pixels
0x18A8, 0x10A7, 0x2068, 0x2027, 0x1006, 0x1006, 0x410D, 0x9B77, 0xD49D, 0xAB1B, 0x6113, 0x304C, 0x1867, 0x0064, 0x0063, 0x0043,   // 0x00A0 (160) pixels
0x0003, 0x0044, 0x00C5, 0x20C6, 0x4128, 0x1928, 0x0108, 0x08E7, 0x4986, 0x8347, 0x3C4C, 0x02AC, 0x00E7, 0x18C5, 0x5185, 0x2904,   // 0x00B0 (176) pixels
0x0063, 0x0063, 0x0043, 0x0022, 0x0021, 0x0042, 0x0042, 0x0042, 0x0042, 0x0042, 0x0042, 0x0042, 0x0042, 0x0022, 0x0042, 0x0022,   // 0x00C0 (192) pixels
0x0043, 0x0824, 0x3066, 0x89EA, 0xE3CF, 0xC1CB, 0x7047, 0x4025, 0x2086, 0x1086, 0x1886, 0x2067, 0x1845, 0x0865, 0x08C7, 0x10C8,   // 0x00D0 (208) pixels
0x0885, 0x0085, 0x0064, 0x0043, 0x0043, 0x0043, 0x0824, 0x1808, 0x71D2, 0xD47D, 0xC35D, 0x60B4, 0x286A, 0x0085, 0x0064, 0x0064,   // 0x00E0 (224) pixels
0x0084, 0x00C5, 0x00E6, 0x00E6, 0x0127, 0x01A8, 0x0148, 0x1928, 0x7A48, 0xCC68, 0x54ED, 0x0B0D, 0x0149, 0x00A5, 0x0063, 0x0022,   // 0x00F0 (240) pixels
0x0042, 0x0063, 0x0043, 0x0022, 0x0022, 0x0022, 0x0022, 0x0022, 0x0042, 0x0042, 0x0042, 0x0042, 0x0042, 0x0042, 0x0022, 0x0022,   // 0x0100 (256) pixels
0x0844, 0x2004, 0x81CA, 0xD36E, 0xB1AA, 0x9888, 0x6868, 0x2866, 0x1085, 0x1086, 0x1086, 0x1065, 0x0043, 0x0064, 0x00C7, 0x00C7,   // 0x0110 (272) pixels
0x0064, 0x0064, 0x0064, 0x0043, 0x0023, 0x0043, 0x0844, 0x1066, 0x2008, 0x6170, 0xBBBA, 0xA319, 0x182A, 0x0885, 0x0885, 0x0865,   // 0x0120 (288) pixels
0x0065, 0x10E6, 0x2A0A, 0x2A4C, 0x09A9, 0x0A8A, 0x0A8A, 0x19C9, 0x31CA, 0x2188, 0x0106, 0x0106, 0x19C9, 0x19C9, 0x00A5, 0x0063,   // 0x0130 (304) pixels
0x0043, 0x0043, 0x0043, 0x0022, 0x0021, 0x0042, 0x0042, 0x0022, 0x0042, 0x0042, 0x0042, 0x0042, 0x0042, 0x0042, 0x0042, 0x0042,   // 0x0140 (320) pixels
0x1003, 0x7168, 0xC30D, 0xAA4A, 0x7046, 0x6067, 0x3086, 0x1886, 0x1086, 0x1086, 0x0885, 0x0865, 0x0043, 0x0063, 0x0085, 0x00A5,   // 0x0150 (336) pixels
0x0064, 0x0064, 0x0064, 0x0043, 0x0022, 0x0023, 0x0043, 0x0865, 0x1046, 0x1006, 0x69D0, 0xB39A, 0x7A35, 0x2029, 0x2068, 0x1887,   // 0x0160 (352) pixels
0x0865, 0x00C5, 0x1968, 0x19CA, 0x0989, 0x0A0A, 0x0A2A, 0x428B, 0x732E, 0x1948, 0x1127, 0x1967, 0x1967, 0x0947, 0x08E6, 0x0084,   // 0x0170 (368) pixels
0x0043, 0x0063, 0x0043, 0x0022, 0x0001, 0x0022, 0x0042, 0x0042, 0x0042, 0x0042, 0x0042, 0x0042, 0x0042, 0x0042, 0x0042, 0x0042,   // 0x0180 (384) pixels
0x5065, 0xBAEC, 0xC30C, 0x8086, 0x6846, 0x3887, 0x1086, 0x0886, 0x1086, 0x0886, 0x0085, 0x0065, 0x0043, 0x0022, 0x0043, 0x0063,   // 0x0190 (400) pixels
0x0063, 0x0043, 0x0063, 0x0043, 0x0022, 0x0022, 0x0043, 0x0864, 0x1086, 0x0824, 0x2048, 0x7A33, 0xBBDB, 0x60F2, 0x488E, 0x388C,   // 0x01A0 (416) pixels
0x1888, 0x0064, 0x00A5, 0x0948, 0x09AB, 0x09EB, 0x11EB, 0x326D, 0x5AAE, 0x1989, 0x19A9, 0x19A8, 0x0926, 0x00E7, 0x0928, 0x0063,   // 0x01B0 (432) pixels
0x0022, 0x0043, 0x0043, 0x0021, 0x0001, 0x0022, 0x0042, 0x0042, 0x0042, 0x0042, 0x0042, 0x0042, 0x0042, 0x0042, 0x0042, 0x0042,   // 0x01C0 (448) pixels
0x9A0A, 0xCB2C, 0x91A8, 0x5004, 0x5086, 0x2886, 0x0886, 0x0885, 0x0885, 0x0865, 0x0065, 0x0065, 0x0043, 0x0022, 0x0022, 0x0063,   // 0x01D0 (464) pixels
0x0084, 0x0064, 0x0064, 0x0043, 0x0022, 0x0022, 0x0043, 0x0864, 0x0865, 0x0885, 0x0805, 0x38CB, 0xA357, 0xAAFA, 0x70F5, 0x5892,   // 0x01E0 (480) pixels
0x30AB, 0x0065, 0x0084, 0x0148, 0x09EB, 0x0A0C, 0x09EC, 0x120C, 0x1A0C, 0x11EB, 0x11EA, 0x09C9, 0x0168, 0x0127, 0x0907, 0x0064,   // 0x01F0 (496) pixels
0x0043, 0x0063, 0x0042, 0x0001, 0x0001, 0x0022, 0x0042, 0x0042, 0x0042, 0x0042, 0x0042, 0x0042, 0x0042, 0x0042, 0x0042, 0x0042,   // 0x0200 (512) pixels
0xCB6D, 0xB26A, 0x5845, 0x2824, 0x1864, 0x1085, 0x0886, 0x0886, 0x0885, 0x0065, 0x0065, 0x0065, 0x0043, 0x0022, 0x0022, 0x0084,   // 0x0210 (528) pixels
0x00C6, 0x00C6, 0x0084, 0x0043, 0x0022, 0x0022, 0x0043, 0x0064, 0x0064, 0x0064, 0x0044, 0x1067, 0x518F, 0xD45D, 0x91B9, 0x60B4,   // 0x0220 (544) pixels
0x40AE, 0x1888, 0x00A5, 0x0127, 0x0169, 0x0189, 0x01A9, 0x09AA, 0x09CA, 0x0A0A, 0x09E9, 0x01C9, 0x01C8, 0x0167, 0x00E6, 0x00A5,   // 0x0230 (560) pixels
0x0084, 0x0063, 0x0043, 0x0022, 0x0001, 0x0021, 0x0042, 0x0042, 0x0062, 0x0042, 0x0042, 0x0042, 0x0042, 0x0042, 0x0042, 0x0042,   // 0x0240 (576) pixels
0xD36D, 0x9988, 0x3004, 0x0844, 0x0043, 0x0865, 0x0885, 0x0085, 0x0085, 0x0085, 0x0085, 0x0065, 0x0043, 0x0022, 0x0022, 0x0064,   // 0x0250 (592) pixels
0x00C6, 0x00C6, 0x0085, 0x0043, 0x0022, 0x0022, 0x0043, 0x0064, 0x0064, 0x0043, 0x0064, 0x0025, 0x28AB, 0xBBDA, 0xA2BA, 0x60F4,   // 0x0260 (608) pixels
0x386E, 0x28AA, 0x08A6, 0x00E6, 0x00E7, 0x0107, 0x0107, 0x0128, 0x0148, 0x0148, 0x0147, 0x0147, 0x0167, 0x0167, 0x0147, 0x0106,   // 0x0270 (624) pixels
0x00C5, 0x0084, 0x0083, 0x0063, 0x0042, 0x0022, 0x0042, 0x0042, 0x0042, 0x0062, 0x0042, 0x0042, 0x0042, 0x0042, 0x0042, 0x0042,   // 0x0280 (640) pixels
0xC2EC, 0x7107, 0x1803, 0x0043, 0x0022, 0x0865, 0x0886, 0x0886, 0x0086, 0x0085, 0x0085, 0x0065, 0x0063, 0x0022, 0x0022, 0x0064,   // 0x0290 (656) pixels
0x00C5, 0x00C6, 0x00A5, 0x0043, 0x0022, 0x0022, 0x0023, 0x0043, 0x0063, 0x0063, 0x0064, 0x0065, 0x20AA, 0x8A96, 0xC3FD, 0x79B6,   // 0x02A0 (672) pixels
0x384E, 0x28AA, 0x08C7, 0x00E6, 0x0107, 0x0928, 0x0928, 0x0948, 0x0948, 0x0948, 0x0948, 0x0148, 0x0168, 0x0148, 0x0147, 0x0147,   // 0x02B0 (688) pixels
0x0147, 0x0126, 0x0105, 0x00E5, 0x00C4, 0x0083, 0x0063, 0x0043, 0x0043, 0x0063, 0x0063, 0x0063, 0x0062, 0x0042, 0x0042, 0x0042,   // 0x02C0 (704) pixels
0xBA6A, 0x60A6, 0x1824, 0x0843, 0x0022, 0x0865, 0x08A6, 0x0886, 0x0086, 0x0086, 0x0085, 0x0085, 0x0064, 0x0022, 0x0022, 0x0064,   // 0x02D0 (720) pixels
0x00A6, 0x00A5, 0x0084, 0x0063, 0x0043, 0x0043, 0x0063, 0x0064, 0x0084, 0x0084, 0x0085, 0x0086, 0x1088, 0x5970, 0xD45D, 0x8237,   // 0x02E0 (736) pixels
0x284C, 0x10C8, 0x00E7, 0x0928, 0x0948, 0x0949, 0x0969, 0x0969, 0x0969, 0x0989, 0x0989, 0x0989, 0x09A9, 0x01A9, 0x09A8, 0x09C8,   // 0x02F0 (752) pixels
0x09C9, 0x09C8, 0x01C8, 0x01A8, 0x0167, 0x0145, 0x00E5, 0x00A4, 0x00A3, 0x0083, 0x0063, 0x0063, 0x0083, 0x0063, 0x0062, 0x0062,   // 0x0300 (768) pixels
0xB209, 0x6065, 0x2044, 0x0864, 0x1044, 0x1085, 0x08A6, 0x0886, 0x0086, 0x0086, 0x0085, 0x0085, 0x0064, 0x0022, 0x0022, 0x0064,   // 0x0310 (784) pixels
0x00A5, 0x0085, 0x0084, 0x0084, 0x00A5, 0x00A5, 0x0084, 0x00A4, 0x00A5, 0x00A5, 0x00A5, 0x0085, 0x1888, 0x58F1, 0xDC5E, 0x8A77,   // 0x0320 (800) pixels
0x186A, 0x00A5, 0x0107, 0x0928, 0x0948, 0x0948, 0x0968, 0x0968, 0x0948, 0x0968, 0x0968, 0x0968, 0x0168, 0x0168, 0x0188, 0x0188,   // 0x0330 (816) pixels
0x01A8, 0x01A7, 0x01A7, 0x0187, 0x0187, 0x0166, 0x0146, 0x0105, 0x00E5, 0x00C4, 0x00A4, 0x00A4, 0x00A3, 0x0083, 0x0083, 0x0083,   // 0x0340 (832) pixels
0xA9C9, 0x6045, 0x2864, 0x1064, 0x1844, 0x1886, 0x0886, 0x0886, 0x0086, 0x0085, 0x0085, 0x0064, 0x0043, 0x0002, 0x0042, 0x00A5,   // 0x0350 (848) pixels
0x00E6, 0x00C6, 0x00C5, 0x00C5, 0x00E6, 0x00C6, 0x00C5, 0x00C5, 0x00C5, 0x00C6, 0x00A6, 0x00A6, 0x18A9, 0x68D4, 0xDC3E, 0x92D7,   // 0x0360 (864) pixels
0x18AA, 0x0084, 0x00E6, 0x00E6, 0x00E6, 0x00E6, 0x0106, 0x0106, 0x00E6, 0x00E6, 0x00E6, 0x00E6, 0x00E6, 0x0106, 0x0106, 0x0126,   // 0x0370 (880) pixels
0x0125, 0x0125, 0x0125, 0x0125, 0x0145, 0x0145, 0x0145, 0x0125, 0x0125, 0x0105, 0x0105, 0x00E4, 0x00C4, 0x00C4, 0x00A3, 0x00A4,   // 0x0380 (896) pixels
0xA9C9, 0x6845, 0x2865, 0x1064, 0x1844, 0x1865, 0x0885, 0x0085, 0x0085, 0x0085, 0x0064, 0x0043, 0x0043, 0x0002, 0x0043, 0x00C5,   // 0x0390 (912) pixels
0x0107, 0x00E6, 0x00E5, 0x00C5, 0x00C6, 0x00E6, 0x00C6, 0x00C6, 0x00C6, 0x08C6, 0x08C7, 0x00C7, 0x18A9, 0x60D3, 0xDC1E, 0xA31A,   // 0x03A0 (928) pixels
0x310D, 0x0086, 0x00A6, 0x00A5, 0x00A5, 0x00A5, 0x00A5, 0x00A5, 0x00A5, 0x00A4, 0x00A4, 0x00A4, 0x00A4, 0x00A5, 0x00C5, 0x00C5,   // 0x03B0 (944) pixels
0x00E5, 0x00E5, 0x00E5, 0x00E4, 0x00E4, 0x00E4, 0x00E5, 0x0105, 0x0105, 0x0105, 0x0105, 0x00E5, 0x00E4, 0x00E4, 0x00C4, 0x00C4,   // 0x03C0 (960) pixels
0xB1E9, 0x6845, 0x2865, 0x1064, 0x1864, 0x0843, 0x0044, 0x0064, 0x0064, 0x0064, 0x0064, 0x0064, 0x0043, 0x0022, 0x0022, 0x0043,   // 0x03D0 (976) pixels
0x0043, 0x0063, 0x0064, 0x0085, 0x0085, 0x0085, 0x0085, 0x0085, 0x0085, 0x0886, 0x08A6, 0x08A6, 0x1889, 0x60B3, 0xD3FD, 0xC33D,   // 0x03E0 (992) pixels
0x5953, 0x10A8, 0x00E6, 0x00C6, 0x00C6, 0x00C6, 0x00C5, 0x00A5, 0x00A5, 0x00A5, 0x00A5, 0x00A5, 0x00A4, 0x00A4, 0x00A4, 0x00A4,   // 0x03F0 (1008) pixels
0x00C4, 0x00A4, 0x00C4, 0x00E4, 0x00E4, 0x00E4, 0x00E4, 0x00E4, 0x00E4, 0x00E4, 0x00E4, 0x00E4, 0x00E4, 0x00E4, 0x00C4, 0x00C4,   // 0x0400 (1024) pixels
0xC24B, 0x7065, 0x3044, 0x1844, 0x1043, 0x0822, 0x0042, 0x0063, 0x0064, 0x0064, 0x0064, 0x0043, 0x0043, 0x0043, 0x0043, 0x0043,   // 0x0410 (1040) pixels
0x0043, 0x0064, 0x0085, 0x0065, 0x0065, 0x0064, 0x0064, 0x0064, 0x0064, 0x0065, 0x0065, 0x1086, 0x38AC, 0x78F6, 0xD41D, 0xC33E,   // 0x0420 (1056) pixels
0x6936, 0x18AA, 0x00C5, 0x00E6, 0x00E6, 0x00E6, 0x00C6, 0x00C6, 0x00C6, 0x00C6, 0x00E5, 0x00E5, 0x00E5, 0x00E5, 0x00E5, 0x00E5,   // 0x0430 (1072) pixels
0x00C5, 0x00C4, 0x00C4, 0x00C4, 0x00E4, 0x00E4, 0x00E4, 0x00E4, 0x00C4, 0x00C4, 0x00C4, 0x00E4, 0x00E4, 0x00E4, 0x00E4, 0x00E4,   // 0x0440 (1088) pixels
0xCAAB, 0x80A6, 0x3824, 0x1043, 0x0823, 0x0022, 0x0022, 0x0022, 0x0043, 0x0043, 0x0043, 0x0043, 0x0043, 0x0063, 0x0063, 0x0064,   // 0x0450 (1104) pixels
0x0064, 0x0085, 0x0085, 0x0065, 0x0065, 0x0064, 0x0064, 0x0064, 0x0064, 0x0064, 0x0865, 0x288A, 0x68D3, 0x9118, 0xD45D, 0xBAFE,   // 0x0460 (1120) pixels
0x68F6, 0x28CB, 0x00C6, 0x00E6, 0x00E6, 0x00C6, 0x00C6, 0x00C6, 0x00C6, 0x00C6, 0x00E6, 0x00E6, 0x00E6, 0x00E6, 0x00E5, 0x00E5,   // 0x0470 (1136) pixels
0x00E5, 0x00E5, 0x00E5, 0x00E4, 0x00E4, 0x00E4, 0x00E4, 0x00E4, 0x00E4, 0x00E4, 0x00C4, 0x00E4, 0x00E4, 0x00C4, 0x00E4, 0x00E4,   // 0x0480 (1152) pixels
0xD32C, 0x80E6, 0x3002, 0x1043, 0x0842, 0x0043, 0x0043, 0x0043, 0x0063, 0x0043, 0x0043, 0x0043, 0x0063, 0x0063, 0x0064, 0x0085,   // 0x0490 (1168) pixels
0x0085, 0x0085, 0x0085, 0x0065, 0x0065, 0x0064, 0x0064, 0x0064, 0x0064, 0x0064, 0x1086, 0x408D, 0x78D5, 0xA1B9, 0xD45D, 0xA27C,   // 0x04A0 (1184) pixels
0x6095, 0x30CD, 0x10C8, 0x00E6, 0x00E6, 0x00E6, 0x00C6, 0x00C5, 0x00C5, 0x00C5, 0x00C5, 0x00E5, 0x00E5, 0x00E6, 0x0106, 0x0105,   // 0x04B0 (1200) pixels
0x00E5, 0x0105, 0x0105, 0x0105, 0x0104, 0x00E4, 0x00E4, 0x00E4, 0x00E4, 0x00E4, 0x00E4, 0x00E4, 0x00E4, 0x00E4, 0x00E4, 0x00E4,   // 0x04C0 (1216) pixels
0xDBEE, 0x8987, 0x4002, 0x1863, 0x0843, 0x0063, 0x0064, 0x0064, 0x0063, 0x0063, 0x0063, 0x0063, 0x0063, 0x0064, 0x0065, 0x0085,   // 0x04D0 (1232) pixels
0x0085, 0x0085, 0x0065, 0x0065, 0x0064, 0x0064, 0x0064, 0x0064, 0x0065, 0x0885, 0x1887, 0x386C, 0x70D3, 0xAA79, 0xCBFD, 0x89D8,   // 0x04E0 (1248) pixels
0x406F, 0x20CA, 0x10C8, 0x00C6, 0x00C6, 0x00C6, 0x00C6, 0x00C5, 0x00C5, 0x00C5, 0x00C5, 0x00C4, 0x00C5, 0x00E5, 0x00E5, 0x00E5,   // 0x04F0 (1264) pixels
0x00E5, 0x0105, 0x0105, 0x0105, 0x0105, 0x0105, 0x0104, 0x0104, 0x0104, 0x0104, 0x00E4, 0x00E4, 0x00E4, 0x00E4, 0x00E4, 0x00E4,   // 0x0500 (1280) pixels
0xE46F, 0xAA69, 0x4803, 0x2044, 0x0864, 0x0864, 0x0064, 0x0063, 0x0063, 0x0063, 0x0064, 0x0864, 0x0064, 0x0064, 0x0085, 0x0065,   // 0x0510 (1296) pixels
0x0065, 0x0085, 0x0065, 0x0065, 0x0065, 0x0065, 0x0065, 0x0065, 0x0865, 0x0886, 0x1087, 0x286A, 0x60D2, 0xC39B, 0xC31D, 0x6934,   // 0x0520 (1312) pixels
0x206A, 0x00A6, 0x00A6, 0x00A6, 0x00A5, 0x00A5, 0x00A5, 0x00A5, 0x00A5, 0x00C5, 0x00C5, 0x00C5, 0x00C4, 0x00C4, 0x00C5, 0x00E4,   // 0x0530 (1328) pixels
0x00E5, 0x00E5, 0x0105, 0x0125, 0x0125, 0x0125, 0x0145, 0x0125, 0x0125, 0x0124, 0x0104, 0x0104, 0x0104, 0x00E4, 0x00E4, 0x00E4,   // 0x0540 (1344) pixels
0xD40D, 0xBB8C, 0x50C5, 0x1803, 0x1864, 0x1063, 0x0863, 0x0063, 0x0063, 0x0864, 0x0864, 0x0064, 0x0064, 0x0064, 0x0084, 0x0085,   // 0x0550 (1360) pixels
0x0065, 0x0065, 0x0065, 0x0065, 0x0065, 0x0065, 0x0865, 0x0885, 0x1086, 0x1087, 0x1867, 0x306B, 0x8194, 0xDC7D, 0xA21B, 0x58D2,   // 0x0560 (1376) pixels
0x18A9, 0x00C6, 0x00C6, 0x00A6, 0x00A5, 0x00A5, 0x00A5, 0x00C5, 0x00C5, 0x00C5, 0x00E5, 0x00E5, 0x00C5, 0x00E5, 0x00C5, 0x00E5,   // 0x0570 (1392) pixels
0x00E5, 0x00E5, 0x00E5, 0x0105, 0x0125, 0x0125, 0x0125, 0x0125, 0x0145, 0x0125, 0x0125, 0x0125, 0x0104, 0x0104, 0x0104, 0x0104,   // 0x0580 (1408) pixels
0x91E8, 0xE46F, 0x92CA, 0x1801, 0x1843, 0x2064, 0x1864, 0x1064, 0x0064, 0x0064, 0x0063, 0x0063, 0x0064, 0x0064, 0x0064, 0x0064,   // 0x0590 (1424) pixels
0x0064, 0x0064, 0x0064, 0x0064, 0x0064, 0x0865, 0x0865, 0x1086, 0x2087, 0x2889, 0x302A, 0x58EF, 0xBB3A, 0xC3FC, 0x6934, 0x286B,   // 0x05A0 (1440) pixels
0x08A7, 0x00C6, 0x08C6, 0x00A5, 0x00A5, 0x00A5, 0x00A5, 0x00A5, 0x00A5, 0x00A5, 0x00C5, 0x00C5, 0x00E5, 0x00E5, 0x00E5, 0x00C5,   // 0x05B0 (1456) pixels
0x00E5, 0x00E5, 0x0105, 0x0105, 0x0105, 0x0104, 0x00E4, 0x00E4, 0x0104, 0x0104, 0x0105, 0x0125, 0x0105, 0x0104, 0x0104, 0x0104,   // 0x05C0 (1472) pixels
0x7045, 0xD34D, 0xD44F, 0x69A7, 0x1802, 0x2844, 0x3065, 0x2865, 0x1064, 0x0864, 0x0864, 0x0064, 0x0064, 0x0084, 0x0084, 0x0884,   // 0x05D0 (1488) pixels
0x0884, 0x0884, 0x0865, 0x0865, 0x0865, 0x0865, 0x1065, 0x1866, 0x2867, 0x488B, 0x6850, 0xA217, 0xDCBD, 0x91F8, 0x48AF, 0x1869,   // 0x05E0 (1504) pixels
0x08A6, 0x00C6, 0x08C6, 0x00C6, 0x00C6, 0x00C6, 0x00C5, 0x00A5, 0x00A5, 0x00A5, 0x00A4, 0x00A4, 0x00C4, 0x00C4, 0x00C4, 0x00C4,   // 0x05F0 (1520) pixels
0x00C4, 0x00C4, 0x00E4, 0x00E4, 0x00E4, 0x00E4, 0x00C4, 0x00A4, 0x00A4, 0x00C3, 0x00C4, 0x00C4, 0x00E4, 0x00E4, 0x0104, 0x0104,   // 0x0600 (1536) pixels
0x7025, 0x9907, 0xCB8D, 0xCC4F, 0x6906, 0x3003, 0x3044, 0x3865, 0x2865, 0x1865, 0x1085, 0x0885, 0x0885, 0x0885, 0x0885, 0x08A5,   // 0x0610 (1552) pixels
0x08A5, 0x0885, 0x0885, 0x0885, 0x1085, 0x1066, 0x2066, 0x3088, 0x50AC, 0x600E, 0x99B5, 0xD41C, 0xB37A, 0x68D4, 0x48AF, 0x28AB,   // 0x0620 (1568) pixels
0x10A7, 0x00C6, 0x08E7, 0x08E7, 0x08E7, 0x08E7, 0x08E6, 0x00C6, 0x00C6, 0x00C5, 0x00C5, 0x00C5, 0x00C5, 0x00C5, 0x00E5, 0x00E5,   // 0x0630 (1584) pixels
0x00C5, 0x00C5, 0x00E5, 0x00E5, 0x0105, 0x0105, 0x00E4, 0x00C4, 0x00A3, 0x00A3, 0x00A3, 0x00A3, 0x00A3, 0x00C3, 0x00C4, 0x00E4,   // 0x0640 (1600) pixels
0x5886, 0x6804, 0x9968, 0xE40E, 0xD40E, 0x8147, 0x4004, 0x3805, 0x3866, 0x2885, 0x1885, 0x1886, 0x1086, 0x1085, 0x0886, 0x0886,   // 0x0650 (1616) pixels
0x1086, 0x1886, 0x1886, 0x1085, 0x1065, 0x1866, 0x2867, 0x506B, 0x786F, 0x9973, 0xCBDA, 0xCC1D, 0x8157, 0x5091, 0x38AD, 0x20A9,   // 0x0660 (1632) pixels
0x10A7, 0x00C6, 0x08E7, 0x08E7, 0x08E7, 0x0907, 0x0907, 0x08E7, 0x08E7, 0x08E6, 0x00E6, 0x00E6, 0x00E6, 0x00E6, 0x0106, 0x0106,   // 0x0670 (1648) pixels
0x0106, 0x0106, 0x0105, 0x0105, 0x0125, 0x0125, 0x0125, 0x0104, 0x00E4, 0x00C3, 0x00A3, 0x00A3, 0x00A3, 0x00A3, 0x00A3, 0x00A3,   // 0x0680 (1664) pixels
0x2884, 0x5865, 0x8825, 0xB188, 0xECAF, 0xD3ED, 0x91C8, 0x6066, 0x5046, 0x3845, 0x2065, 0x2086, 0x2086, 0x1886, 0x1085, 0x1085,   // 0x0690 (1680) pixels
0x1886, 0x2087, 0x2066, 0x1866, 0x1865, 0x2847, 0x486A, 0x78CF, 0xA9B4, 0xD3FA, 0xC41B, 0x91F8, 0x6874, 0x48AF, 0x20A9, 0x0886,   // 0x06A0 (1696) pixels
0x0085, 0x08A6, 0x08C6, 0x08C6, 0x08C6, 0x08E6, 0x08E6, 0x08E7, 0x08E7, 0x08E6, 0x08E6, 0x08E6, 0x08E6, 0x0906, 0x0907, 0x0106,   // 0x06B0 (1712) pixels
0x0106, 0x0126, 0x0125, 0x0125, 0x0105, 0x0105, 0x0105, 0x0104, 0x0104, 0x00E4, 0x00E4, 0x00C4, 0x00C3, 0x00C3, 0x00A3, 0x00A3,   // 0x06C0 (1728) pixels
0x0063, 0x3885, 0x7887, 0x9066, 0xA127, 0xD44E, 0xE4D0, 0xC2AC, 0x80C8, 0x5846, 0x4066, 0x3066, 0x2866, 0x2086, 0x1886, 0x1886,   // 0x06D0 (1744) pixels
0x2086, 0x2887, 0x2066, 0x2867, 0x3868, 0x588C, 0x80F1, 0xB276, 0xDC9B, 0xBBFA, 0x6953, 0x402E, 0x48CF, 0x40CD, 0x1087, 0x0085,   // 0x06E0 (1760) pixels
0x0886, 0x08A6, 0x08A6, 0x08C6, 0x08C6, 0x08C6, 0x08C6, 0x08C5, 0x08C5, 0x00C5, 0x00C5, 0x00C5, 0x08E6, 0x08E6, 0x08E6, 0x00E5,   // 0x06F0 (1776) pixels
0x00E5, 0x0105, 0x0105, 0x0105, 0x0105, 0x0105, 0x0105, 0x0105, 0x0105, 0x0105, 0x0105, 0x00E4, 0x00E4, 0x00E4, 0x00C4, 0x00C4,   // 0x0700 (1792) pixels
0x0863, 0x1064, 0x4885, 0x80A7, 0x8086, 0x7085, 0xB2CB, 0xED11, 0xE470, 0xAA0B, 0x70A8, 0x4026, 0x2826, 0x2846, 0x2866, 0x2866,   // 0x0710 (1808) pixels
0x2866, 0x2847, 0x3027, 0x482A, 0x708F, 0xA215, 0xCC1A, 0xDCDC, 0xA2D8, 0x58D0, 0x386B, 0x28A9, 0x20A8, 0x18A8, 0x0886, 0x0886,   // 0x0720 (1824) pixels
0x08A6, 0x08A6, 0x08A6, 0x08C6, 0x08C6, 0x08C6, 0x08C6, 0x08C6, 0x08C6, 0x08E6, 0x08E6, 0x08E5, 0x00E5, 0x00E5, 0x00E5, 0x0105,   // 0x0730 (1840) pixels
0x0105, 0x0105, 0x0105, 0x0105, 0x0105, 0x0105, 0x0105, 0x0105, 0x0105, 0x0105, 0x0105, 0x0105, 0x0105, 0x0105, 0x0105, 0x00E4,   // 0x0740 (1856) pixels
0x1063, 0x1063, 0x2864, 0x5085, 0x6085, 0x5864, 0x6885, 0x9988, 0xC32D, 0xDC50, 0xDC31, 0xBB70, 0x928F, 0x71CE, 0x612C, 0x50CB,   // 0x0750 (1872) pixels
0x50EC, 0x694F, 0x8A12, 0xB357, 0xD41B, 0xCC1B, 0xAB19, 0x81B5, 0x58D0, 0x388C, 0x2889, 0x1887, 0x1086, 0x1086, 0x1086, 0x10A6,   // 0x0760 (1888) pixels
0x10A6, 0x10A6, 0x08A6, 0x08C6, 0x08C6, 0x08C6, 0x08E6, 0x08E7, 0x08E7, 0x08E7, 0x08E6, 0x08E6, 0x08E7, 0x0907, 0x0906, 0x0906,   // 0x0770 (1904) pixels
0x0126, 0x0126, 0x0125, 0x0125, 0x0125, 0x0125, 0x0125, 0x0105, 0x0125, 0x0125, 0x0105, 0x0105, 0x0105, 0x0105, 0x0105, 0x0105,   // 0x0780 (1920) pixels
0x2063, 0x2063, 0x2863, 0x3864, 0x4885, 0x5085, 0x5824, 0x6024, 0x70C6, 0x89CA, 0xA28C, 0xB30F, 0xB391, 0xBC14, 0xAB75, 0x9A74,   // 0x0790 (1936) pixels
0xA2F5, 0xBBB8, 0xB398, 0xA315, 0x8A73, 0x71B1, 0x6110, 0x508F, 0x406C, 0x30AA, 0x28A9, 0x18A7, 0x18A7, 0x18A7, 0x18A7, 0x18A7,   // 0x07A0 (1952) pixels
0x18A7, 0x18A7, 0x10A6, 0x10A6, 0x10A6, 0x10C6, 0x10C6, 0x10C6, 0x10C6, 0x10E6, 0x08E7, 0x08E7, 0x08E7, 0x08E7, 0x0907, 0x0906,   // 0x07B0 (1968) pixels
0x0906, 0x0906, 0x0126, 0x0126, 0x0125, 0x0125, 0x0125, 0x0125, 0x0125, 0x0125, 0x0125, 0x0125, 0x0125, 0x0125, 0x0105, 0x0105,   // 0x07C0 (1984) pixels
0x3883, 0x4084, 0x4084, 0x4884, 0x5084, 0x6085, 0x70A5, 0x6885, 0x6825, 0x7005, 0x7866, 0x8908, 0x99CA, 0xB2CF, 0xAAF3, 0x9A33,   // 0x07D0 (2000) pixels
0x9232, 0x9AB4, 0x8A32, 0x614D, 0x486A, 0x402A, 0x404B, 0x50CD, 0x48CD, 0x38CB, 0x30CA, 0x28CA, 0x28C9, 0x28C9, 0x28C8, 0x28C8,   // 0x07E0 (2016) pixels
0x28C8, 0x20A8, 0x20A8, 0x20A8, 0x20A7, 0x18A7, 0x18C7, 0x18C7, 0x18C7, 0x10C6, 0x10E7, 0x10E7, 0x10E7, 0x10E6, 0x08E6, 0x08E6,   // 0x07F0 (2032) pixels
0x08E6, 0x08E6, 0x08E5, 0x08E5, 0x00E5, 0x0105, 0x0105, 0x0105, 0x0105, 0x0105, 0x0105, 0x0105, 0x0105, 0x0125, 0x0105, 0x0105,   // 0x0800 (2048) pixels
};

const unsigned short Ring_Neon_Clock_1[2048] PROGMEM={
0x0000, 0x0000, 0x0000, 0x0000, 0x0000, 0x0000, 0x0000, 0x0000, 0x0000, 0x0802, 0x1805, 0x2807, 0x3008, 0x380A, 0x382B, 0x404D,   // 0x0010 (16) pixels
0x484D, 0x482D, 0x502D, 0x502D, 0x502D, 0x402B, 0x2006, 0x0802, 0x0000, 0x0000, 0x0000, 0x0000, 0x0000, 0x0000, 0x0000, 0x0000,   // 0x0020 (32) pixels
0x0000, 0x0000, 0x0000, 0x0000, 0x0000, 0x0000, 0x0000, 0x0000, 0x0000, 0x0000, 0x0000, 0x0000, 0x0000, 0x0000, 0x0000, 0x0000,   // 0x0030 (48) pixels
0x0000, 0x0000, 0x0000, 0x0000, 0x0000, 0x0000, 0x0000, 0x0000, 0x0000, 0x0000, 0x0000, 0x0000, 0x0000, 0x0000, 0x0000, 0x0000,   // 0x0040 (64) pixels
0x0000, 0x0000, 0x0000, 0x0000, 0x0000, 0x0000, 0x0000, 0x0801, 0x1804, 0x2006, 0x2807, 0x3008, 0x3008, 0x3809, 0x48AE, 0x5A36,   // 0x0050 (80) pixels
0x5192, 0x482C, 0x500C, 0x582E, 0x602F, 0x602F, 0x6030, 0x502D, 0x2006, 0x0801, 0x0000, 0x0000, 0x0000, 0x0000, 0x0000, 0x0000,   // 0x0060 (96) pixels
0x0000, 0x0000, 0x0000, 0x0000, 0x0000, 0x0000, 0x0000, 0x0000, 0x0000, 0x0000, 0x0000, 0x0000, 0x0000, 0x0000, 0x0000, 0x0000,   // 0x0070 (112) pixels
0x0000, 0x0000, 0x0000, 0x0000, 0x0000, 0x0000, 0x0000, 0x0000, 0x0000, 0x0000, 0x0000, 0x0000, 0x0000, 0x0000, 0x0000, 0x0000,   // 0x0080 (128) pixels
0x0000, 0x0000, 0x0000, 0x0000, 0x0000, 0x0000, 0x0801, 0x1004, 0x2006, 0x3008, 0x2807, 0x2005, 0x1004, 0x0803, 0x388B, 0x7976,   // 0x0090 (144) pixels
0x40CE, 0x1004, 0x1804, 0x2807, 0x402A, 0x582F, 0x7053, 0x7833, 0x7032, 0x402B, 0x1003, 0x0000, 0x0000, 0x0000, 0x0000, 0x0000,   // 0x00A0 (160) pixels
0x0000, 0x0000, 0x0000, 0x0000, 0x0000, 0x0000, 0x0000, 0x0000, 0x0000, 0x0000, 0x0000, 0x0000, 0x0000, 0x0000, 0x0000, 0x0000,   // 0x00B0 (176) pixels
0x0000, 0x0000, 0x0000, 0x0000, 0x0000, 0x0000, 0x0000, 0x0000, 0x0000, 0x0000, 0x0000, 0x0000, 0x0000, 0x0000, 0x0000, 0x0000,   // 0x00C0 (192) pixels
0x0000, 0x0000, 0x0000, 0x0000, 0x0000, 0x0001, 0x0802, 0x1826, 0x408E, 0x504E, 0x1805, 0x0801, 0x1002, 0x0802, 0x1805, 0x384B,   // 0x00D0 (208) pixels
0x2027, 0x0001, 0x0000, 0x0000, 0x0001, 0x1806, 0x78B4, 0xB0DA, 0x8055, 0x7853, 0x502D, 0x1004, 0x0000, 0x0000, 0x0000, 0x0000,   // 0x00E0 (224) pixels
0x0000, 0x0000, 0x0000, 0x0000, 0x0000, 0x0000, 0x0000, 0x0000, 0x0000, 0x0000, 0x0000, 0x0000, 0x0000, 0x0000, 0x0000, 0x0000,   // 0x00F0 (240) pixels
0x0000, 0x0000, 0x0000, 0x0000, 0x0000, 0x0000, 0x0000, 0x0000, 0x0000, 0x0000, 0x0000, 0x0000, 0x0000, 0x0000, 0x0000, 0x0000,   // 0x0100 (256) pixels
0x0000, 0x0000, 0x0000, 0x0000, 0x0001, 0x0001, 0x0802, 0x1046, 0x39D2, 0x71D6, 0x3007, 0x1003, 0x0000, 0x0000, 0x0802, 0x0001,   // 0x0110 (272) pixels
0x0000, 0x0000, 0x0000, 0x0000, 0x0000, 0x08A7, 0x4A35, 0x7956, 0x7053, 0x7032, 0x7853, 0x582E, 0x1804, 0x0000, 0x0000, 0x0000,   // 0x0120 (288) pixels
0x0000, 0x0000, 0x0000, 0x0000, 0x0000, 0x0000, 0x0000, 0x0000, 0x0000, 0x0000, 0x0000, 0x0000, 0x0000, 0x0000, 0x0000, 0x0000,   // 0x0130 (304) pixels
0x0000, 0x0000, 0x0000, 0x0000, 0x0000, 0x0000, 0x0000, 0x0000, 0x0000, 0x0000, 0x0000, 0x0000, 0x0000, 0x0000, 0x0000, 0x0000,   // 0x0140 (320) pixels
0x0000, 0x0000, 0x0000, 0x0001, 0x0001, 0x0001, 0x0001, 0x0022, 0x10E9, 0x210B, 0x0803, 0x1002, 0x0000, 0x0000, 0x0000, 0x0000,   // 0x0150 (336) pixels
0x0000, 0x0000, 0x0000, 0x0000, 0x0000, 0x0043, 0x192B, 0x1888, 0x1805, 0x504E, 0x7053, 0x8055, 0x582E, 0x1804, 0x0000, 0x0000,   // 0x0160 (352) pixels
0x0000, 0x0000, 0x0000, 0x0000, 0x0000, 0x0000, 0x0000, 0x0000, 0x0000, 0x0000, 0x0000, 0x0000, 0x0000, 0x0000, 0x0000, 0x0000,   // 0x0170 (368) pixels
0x0000, 0x0000, 0x0000, 0x0000, 0x0000, 0x0000, 0x0000, 0x0000, 0x0000, 0x0000, 0x0000, 0x0000, 0x0000, 0x0000, 0x0000, 0x0000,   // 0x0180 (384) pixels
0x0000, 0x0000, 0x0021, 0x0022, 0x0001, 0x0000, 0x0000, 0x0000, 0x0001, 0x0001, 0x0000, 0x0001, 0x0000, 0x0000, 0x0000, 0x0000,   // 0x0190 (400) pixels
0x0000, 0x0000, 0x0000, 0x0000, 0x0000, 0x0000, 0x0001, 0x0001, 0x0000, 0x1003, 0x584E, 0x8054, 0x8876, 0x402C, 0x0802, 0x0000,   // 0x01A0 (416) pixels
0x0000, 0x0000, 0x0000, 0x0000, 0x0000, 0x0000, 0x0000, 0x0000, 0x0000, 0x0000, 0x0000, 0x0000, 0x0000, 0x0000, 0x0000, 0x0000,   // 0x01B0 (432) pixels
0x0000, 0x0000, 0x0000, 0x0000, 0x0000, 0x0000, 0x0000, 0x0000, 0x0000, 0x0000, 0x0000, 0x0000, 0x0000, 0x0000, 0x0000, 0x0000,   // 0x01C0 (448) pixels
0x0000, 0x0021, 0x0044, 0x0023, 0x0022, 0x0000, 0x0000, 0x0000, 0x0000, 0x0000, 0x0000, 0x0000, 0x0000, 0x0000, 0x0000, 0x0000,   // 0x01D0 (464) pixels
0x0000, 0x0000, 0x0000, 0x0000, 0x0000, 0x0000, 0x0000, 0x0000, 0x0000, 0x0000, 0x1804, 0x7052, 0x8857, 0x8074, 0x2807, 0x0001,   // 0x01E0 (480) pixels
0x0000, 0x0000, 0x0000, 0x0000, 0x0000, 0x0000, 0x0000, 0x0000, 0x0000, 0x0000, 0x0000, 0x0000, 0x0000, 0x0000, 0x0000, 0x0000,   // 0x01F0 (496) pixels
0x0000, 0x0000, 0x0000, 0x0000, 0x0000, 0x0000, 0x0000, 0x0000, 0x0000, 0x0000, 0x0000, 0x0000, 0x0000, 0x0000, 0x0000, 0x0000,   // 0x0200 (512) pixels
0x0000, 0x0063, 0x0866, 0x30AC, 0x404A, 0x0803, 0x0000, 0x0000, 0x0000, 0x0000, 0x0000, 0x0000, 0x0000, 0x0000, 0x0000, 0x0000,   // 0x0210 (528) pixels
0x0000, 0x0000, 0x0000, 0x0000, 0x0000, 0x0000, 0x0000, 0x0000, 0x0000, 0x0000, 0x0824, 0x488F, 0xA8DA, 0xA079, 0x6030, 0x1004,   // 0x0220 (544) pixels
0x0000, 0x0000, 0x0000, 0x0000, 0x0000, 0x0000, 0x0000, 0x0000, 0x0000, 0x0000, 0x0000, 0x0000, 0x0000, 0x0000, 0x0000, 0x0000,   // 0x0230 (560) pixels
0x0000, 0x0000, 0x0000, 0x0000, 0x0000, 0x0000, 0x0000, 0x0000, 0x0000, 0x0000, 0x0000, 0x0000, 0x0000, 0x0000, 0x0000, 0x0000,   // 0x0240 (576) pixels
0x0022, 0x0065, 0x08A7, 0x31D2, 0x71F7, 0x2047, 0x0000, 0x0000, 0x0000, 0x0000, 0x0000, 0x0000, 0x0000, 0x0000, 0x0000, 0x0000,   // 0x0250 (592) pixels
0x0000, 0x0000, 0x0000, 0x0000, 0x0000, 0x0000, 0x0000, 0x0000, 0x0000, 0x0000, 0x0909, 0x5215, 0xB99D, 0xA89A, 0x8876, 0x3008,   // 0x0260 (608) pixels
0x0001, 0x0000, 0x0000, 0x0000, 0x0000, 0x0000, 0x0000, 0x0000, 0x0000, 0x0000, 0x0000, 0x0000, 0x0000, 0x0000, 0x0000, 0x0000,   // 0x0270 (624) pixels
0x0000, 0x0000, 0x0000, 0x0000, 0x0000, 0x0000, 0x0000, 0x0000, 0x0000, 0x0000, 0x0000, 0x0000, 0x0000, 0x0000, 0x0000, 0x0000,   // 0x0280 (640) pixels
0x0064, 0x0086, 0x0086, 0x0909, 0x198C, 0x0824, 0x0000, 0x0000, 0x0000, 0x0000, 0x0000, 0x0000, 0x0000, 0x0000, 0x0000, 0x0000,   // 0x0290 (656) pixels
0x0000, 0x0000, 0x0000, 0x0000, 0x0000, 0x0000, 0x0000, 0x0000, 0x0000, 0x0000, 0x0084, 0x296D, 0x58B0, 0x9077, 0x9878, 0x582E,   // 0x02A0 (672) pixels
0x1003, 0x0000, 0x0000, 0x0000, 0x0000, 0x0000, 0x0000, 0x0000, 0x0000, 0x0000, 0x0000, 0x0000, 0x0000, 0x0000, 0x0000, 0x0000,   // 0x02B0 (688) pixels
0x0000, 0x0000, 0x0000, 0x0000, 0x0000, 0x0000, 0x0000, 0x0000, 0x0000, 0x0000, 0x0000, 0x0000, 0x0000, 0x0000, 0x0000, 0x0000,   // 0x02C0 (704) pixels
0x0085, 0x00A6, 0x0064, 0x0001, 0x0001, 0x0000, 0x0000, 0x0000, 0x0000, 0x0000, 0x0000, 0x0000, 0x0000, 0x0000, 0x0000, 0x0000,   // 0x02D0 (720) pixels
0x0000, 0x0000, 0x0000, 0x0000, 0x0000, 0x0000, 0x0000, 0x0000, 0x0000, 0x0000, 0x0000, 0x0001, 0x1004, 0x7072, 0x9878, 0x7873,   // 0x02E0 (736) pixels
0x2005, 0x0000, 0x0000, 0x0000, 0x0000, 0x0000, 0x0000, 0x0000, 0x0000, 0x0000, 0x0000, 0x0000, 0x0000, 0x0000, 0x0000, 0x0000,   // 0x02F0 (752) pixels
0x0000, 0x0000, 0x0000, 0x0000, 0x0000, 0x0000, 0x0000, 0x0000, 0x0000, 0x0000, 0x0000, 0x0000, 0x0000, 0x0000, 0x0000, 0x0000,   // 0x0300 (768) pixels
0x00A7, 0x00A6, 0x0021, 0x0000, 0x0000, 0x0000, 0x0000, 0x0000, 0x0000, 0x0000, 0x0000, 0x0000, 0x0000, 0x0000, 0x0000, 0x0000,   // 0x0310 (784) pixels
0x0000, 0x0000, 0x0000, 0x0000, 0x0000, 0x0000, 0x0000, 0x0000, 0x0000, 0x0000, 0x0000, 0x0000, 0x0001, 0x504E, 0x9898, 0x9898,   // 0x0320 (800) pixels
0x3008, 0x0001, 0x0000, 0x0000, 0x0000, 0x0000, 0x0000, 0x0000, 0x0000, 0x0000, 0x0000, 0x0000, 0x0000, 0x0000, 0x0000, 0x0000,   // 0x0330 (816) pixels
0x0000, 0x0000, 0x0000, 0x0000, 0x0000, 0x0000, 0x0000, 0x0000, 0x0000, 0x0000, 0x0000, 0x0000, 0x0000, 0x0000, 0x0000, 0x0000,   // 0x0340 (832) pixels
0x00E8, 0x0086, 0x0000, 0x0000, 0x0000, 0x0000, 0x0000, 0x0000, 0x0000, 0x0000, 0x0000, 0x0000, 0x0000, 0x0000, 0x0000, 0x0000,   // 0x0350 (848) pixels
0x0000, 0x0000, 0x0000, 0x0000, 0x0000, 0x0000, 0x0000, 0x0000, 0x0000, 0x0000, 0x0000, 0x0000, 0x0000, 0x3809, 0x9077, 0xA099,   // 0x0360 (864) pixels
0x482C, 0x0801, 0x0000, 0x0000, 0x0000, 0x0000, 0x0000, 0x0000, 0x0000, 0x0000, 0x0000, 0x0000, 0x0000, 0x0000, 0x0000, 0x0000,   // 0x0370 (880) pixels
0x0000, 0x0000, 0x0000, 0x0000, 0x0000, 0x0000, 0x0000, 0x0000, 0x0000, 0x0000, 0x0000, 0x0000, 0x0000, 0x0000, 0x0000, 0x0000,   // 0x0380 (896) pixels
0x0108, 0x00A6, 0x0001, 0x0000, 0x0000, 0x0000, 0x0000, 0x0000, 0x0000, 0x0000, 0x0000, 0x0000, 0x0000, 0x0000, 0x0000, 0x0000,   // 0x0390 (912) pixels
0x0000, 0x0000, 0x0000, 0x0000, 0x0000, 0x0000, 0x0000, 0x0000, 0x0000, 0x0000, 0x0000, 0x0000, 0x0000, 0x2807, 0x9076, 0xA09A,   // 0x03A0 (928) pixels
0x582E, 0x0802, 0x0000, 0x0000, 0x0000, 0x0000, 0x0000, 0x0000, 0x0000, 0x0000, 0x0000, 0x0000, 0x0000, 0x0000, 0x0000, 0x0000,   // 0x03B0 (944) pixels
0x0000, 0x0000, 0x0000, 0x0000, 0x0000, 0x0000, 0x0000, 0x0000, 0x0000, 0x0000, 0x0000, 0x0000, 0x0000, 0x0000, 0x0000, 0x0000,   // 0x03C0 (960) pixels
0x014B, 0x094C, 0x1047, 0x0802, 0x0000, 0x0000, 0x0000, 0x0000, 0x0000, 0x0000, 0x0000, 0x0000, 0x0000, 0x0000, 0x0000, 0x0000,   // 0x03D0 (976) pixels
0x0000, 0x0000, 0x0000, 0x0000, 0x0000, 0x0000, 0x0000, 0x0000, 0x0000, 0x0000, 0x0000, 0x0000, 0x0065, 0x388D, 0x98D8, 0xB09B,   // 0x03E0 (992) pixels
0x6050, 0x0802, 0x0000, 0x0000, 0x0000, 0x0000, 0x0000, 0x0000, 0x0000, 0x0000, 0x0000, 0x0000, 0x0000, 0x0000, 0x0000, 0x0000,   // 0x03F0 (1008) pixels
0x0000, 0x0000, 0x0000, 0x0000, 0x0000, 0x0000, 0x0000, 0x0000, 0x0000, 0x0000, 0x0000, 0x0000, 0x0000, 0x0000, 0x0000, 0x0000,   // 0x0400 (1024) pixels
0x09CE, 0x3B17, 0x6913, 0x2006, 0x0000, 0x0000, 0x0000, 0x0000, 0x0000, 0x0000, 0x0000, 0x0000, 0x0000, 0x0000, 0x0000, 0x0000,   // 0x0410 (1040) pixels
0x0000, 0x0000, 0x0000, 0x0000, 0x0000, 0x0000, 0x0000, 0x0000, 0x0000, 0x0000, 0x0000, 0x0000, 0x198D, 0x71F8, 0xC9BD, 0xB8DC,   // 0x0420 (1056) pixels
0x6851, 0x1003, 0x0000, 0x0000, 0x0000, 0x0000, 0x0000, 0x0000, 0x0000, 0x0000, 0x0000, 0x0000, 0x0000, 0x0000, 0x0000, 0x0000,   // 0x0430 (1072) pixels
0x0000, 0x0000, 0x0000, 0x0000, 0x0000, 0x0000, 0x0000, 0x0000, 0x0000, 0x0000, 0x0000, 0x0000, 0x0000, 0x0000, 0x0000, 0x0000,   // 0x0440 (1088) pixels
0x098D, 0x29F1, 0x40AD, 0x1004, 0x0000, 0x0000, 0x0000, 0x0000, 0x0000, 0x0000, 0x0000, 0x0000, 0x0000, 0x0000, 0x0000, 0x0000,   // 0x0450 (1104) pixels
0x0000, 0x0000, 0x0000, 0x0000, 0x0000, 0x0000, 0x0000, 0x0000, 0x0000, 0x0000, 0x0000, 0x0000, 0x1087, 0x6112, 0xB93B, 0xB8BC,   // 0x0460 (1120) pixels
0x6850, 0x0802, 0x0000, 0x0000, 0x0000, 0x0000, 0x0000, 0x0000, 0x0000, 0x0000, 0x0000, 0x0000, 0x0000, 0x0000, 0x0000, 0x0000,   // 0x0470 (1136) pixels
0x0000, 0x0000, 0x0000, 0x0000, 0x0000, 0x0000, 0x0000, 0x0000, 0x0000, 0x0000, 0x0000, 0x0000, 0x0000, 0x0000, 0x0000, 0x0000,   // 0x0480 (1152) pixels
0x096C, 0x090A, 0x0003, 0x0000, 0x0000, 0x0000, 0x0000, 0x0000, 0x0000, 0x0000, 0x0000, 0x0000, 0x0000, 0x0000, 0x0000, 0x0000,   // 0x0490 (1168) pixels
0x0000, 0x0000, 0x0000, 0x0000, 0x0000, 0x0000, 0x0000, 0x0000, 0x0000, 0x0000, 0x0000, 0x0000, 0x0001, 0x3809, 0xA0B8, 0xB0BC,   // 0x04A0 (1184) pixels
0x604F, 0x0802, 0x0000, 0x0000, 0x0000, 0x0000, 0x0000, 0x0000, 0x0000, 0x0000, 0x0000, 0x0000, 0x0000, 0x0000, 0x0000, 0x0000,   // 0x04B0 (1200) pixels
0x0000, 0x0000, 0x0000, 0x0000, 0x0000, 0x0000, 0x0000, 0x0000, 0x0000, 0x0000, 0x0000, 0x0000, 0x0000, 0x0000, 0x0000, 0x0000,   // 0x04C0 (1216) pixels
0x098C, 0x012A, 0x0022, 0x0000, 0x0000, 0x0000, 0x0000, 0x0000, 0x0000, 0x0000, 0x0000, 0x0000, 0x0000, 0x0000, 0x0000, 0x0000,   // 0x04D0 (1232) pixels
0x0000, 0x0000, 0x0000, 0x0000, 0x0000, 0x0000, 0x0000, 0x0000, 0x0000, 0x0000, 0x0000, 0x0000, 0x0000, 0x402B, 0xA099, 0xB0DB,   // 0x04E0 (1248) pixels
0x482C, 0x0801, 0x0000, 0x0000, 0x0000, 0x0000, 0x0000, 0x0000, 0x0000, 0x0000, 0x0000, 0x0000, 0x0000, 0x0000, 0x0000, 0x0000,   // 0x04F0 (1264) pixels
0x0000, 0x0000, 0x0000, 0x0000, 0x0000, 0x0000, 0x0000, 0x0000, 0x0000, 0x0000, 0x0000, 0x0000, 0x0000, 0x0000, 0x0000, 0x0000,   // 0x0500 (1280) pixels
0x098D, 0x096B, 0x0064, 0x0000, 0x0000, 0x0000, 0x0000, 0x0000, 0x0000, 0x0000, 0x0000, 0x0000, 0x0000, 0x0000, 0x0000, 0x0000,   // 0x0510 (1296) pixels
0x0000, 0x0000, 0x0000, 0x0000, 0x0000, 0x0000, 0x0000, 0x0000, 0x0000, 0x0000, 0x0000, 0x0000, 0x0802, 0x6070, 0xB0DB, 0xB0FB,   // 0x0520 (1312) pixels
0x3829, 0x0000, 0x0000, 0x0000, 0x0000, 0x0000, 0x0000, 0x0000, 0x0000, 0x0000, 0x0000, 0x0000, 0x0000, 0x0000, 0x0000, 0x0000,   // 0x0530 (1328) pixels
0x0000, 0x0000, 0x0000, 0x0000, 0x0000, 0x0000, 0x0000, 0x0000, 0x0000, 0x0000, 0x0000, 0x0000, 0x0000, 0x0000, 0x0000, 0x0000,   // 0x0540 (1344) pixels
0x098D, 0x098D, 0x0108, 0x0021, 0x0841, 0x0841, 0x0000, 0x0000, 0x0000, 0x0020, 0x0000, 0x0000, 0x0000, 0x0000, 0x0000, 0x0000,   // 0x0550 (1360) pixels
0x0000, 0x0000, 0x0000, 0x0000, 0x0841, 0x0020, 0x0000, 0x0000, 0x0000, 0x0000, 0x0021, 0x0842, 0x2807, 0x90D6, 0xC0DD, 0x9897,   // 0x0560 (1376) pixels
0x2807, 0x0000, 0x0000, 0x0000, 0x0000, 0x0000, 0x0000, 0x0000, 0x0000, 0x0000, 0x0000, 0x0000, 0x0000, 0x0000, 0x0000, 0x0000,   // 0x0570 (1392) pixels
0x0000, 0x0000, 0x0000, 0x0000, 0x0000, 0x0000, 0x0000, 0x0000, 0x0000, 0x0000, 0x0000, 0x0000, 0x0000, 0x0000, 0x0000, 0x0000,   // 0x0580 (1408) pixels
0x094A, 0x09EF, 0x11EE, 0x18E9, 0x2888, 0x1043, 0x0841, 0x0840, 0x0041, 0x0861, 0x0000, 0x0000, 0x0000, 0x0000, 0x0000, 0x0000,   // 0x0590 (1424) pixels
0x0000, 0x0000, 0x0000, 0x0841, 0x0841, 0x0841, 0x0861, 0x0020, 0x0020, 0x0040, 0x1063, 0x388A, 0x70D2, 0xB93C, 0xC91E, 0x7071,   // 0x05A0 (1440) pixels
0x1003, 0x0000, 0x0000, 0x0000, 0x0000, 0x0000, 0x0000, 0x0000, 0x0000, 0x0000, 0x0000, 0x0000, 0x0000, 0x0000, 0x0000, 0x0000,   // 0x05B0 (1456) pixels
0x0000, 0x0000, 0x0000, 0x0000, 0x0000, 0x0000, 0x0000, 0x0000, 0x0000, 0x0000, 0x0000, 0x0000, 0x0000, 0x0000, 0x0000, 0x0000,   // 0x05C0 (1472) pixels
0x00A6, 0x1210, 0x1A92, 0x42F6, 0x7153, 0x2046, 0x0020, 0x0840, 0x0020, 0x0841, 0x0000, 0x0000, 0x0000, 0x0000, 0x0000, 0x0000,   // 0x05D0 (1488) pixels
0x0000, 0x0000, 0x0000, 0x0841, 0x0840, 0x0841, 0x0020, 0x0841, 0x0861, 0x0000, 0x1087, 0x5972, 0xCB1C, 0xD17F, 0xB8FC, 0x482B,   // 0x05E0 (1504) pixels
0x0001, 0x0000, 0x0000, 0x0000, 0x0000, 0x0000, 0x0000, 0x0000, 0x0000, 0x0000, 0x0000, 0x0000, 0x0000, 0x0000, 0x0000, 0x0000,   // 0x05F0 (1520) pixels
0x0000, 0x0000, 0x0000, 0x0000, 0x0000, 0x0000, 0x0000, 0x0000, 0x0000, 0x0000, 0x0000, 0x0000, 0x0000, 0x0000, 0x0000, 0x0000,   // 0x0600 (1536) pixels
0x0042, 0x09AD, 0x1AD4, 0x4398, 0x41AF, 0x1044, 0x0021, 0x0841, 0x0841, 0x0841, 0x0000, 0x0000, 0x0000, 0x0000, 0x0000, 0x0000,   // 0x0610 (1552) pixels
0x0000, 0x0000, 0x0841, 0x0841, 0x0841, 0x0020, 0x0020, 0x0841, 0x0841, 0x0041, 0x1887, 0x7214, 0xC2DD, 0xD1BF, 0x8095, 0x2006,   // 0x0620 (1568) pixels
0x0000, 0x0000, 0x0000, 0x0000, 0x0000, 0x0000, 0x0000, 0x0000, 0x0000, 0x0000, 0x0000, 0x0000, 0x0000, 0x0000, 0x0000, 0x0000,   // 0x0630 (1584) pixels
0x0000, 0x0000, 0x0000, 0x0000, 0x0000, 0x0000, 0x0000, 0x0000, 0x0000, 0x0000, 0x0000, 0x0000, 0x0000, 0x0000, 0x0000, 0x0000,   // 0x0640 (1600) pixels
0x0001, 0x00E7, 0x1272, 0x1252, 0x11AE, 0x0023, 0x0000, 0x0000, 0x0000, 0x0000, 0x0000, 0x0000, 0x0000, 0x0000, 0x0000, 0x0000,   // 0x0650 (1616) pixels
0x0000, 0x0000, 0x0000, 0x0000, 0x0000, 0x0000, 0x0000, 0x0000, 0x0000, 0x0022, 0x282A, 0xA179, 0xD15F, 0xB93B, 0x482C, 0x0802,   // 0x0660 (1632) pixels
0x0000, 0x0000, 0x0000, 0x0000, 0x0000, 0x0000, 0x0000, 0x0000, 0x0000, 0x0000, 0x0000, 0x0000, 0x0000, 0x0000, 0x0000, 0x0000,   // 0x0670 (1648) pixels
0x0000, 0x0000, 0x0000, 0x0000, 0x0000, 0x0000, 0x0000, 0x0000, 0x0000, 0x0000, 0x0000, 0x0000, 0x0000, 0x0000, 0x0000, 0x0000,   // 0x0680 (1664) pixels
0x0000, 0x0022, 0x096B, 0x0A72, 0x0A31, 0x094B, 0x0002, 0x0000, 0x0000, 0x0000, 0x0000, 0x0000, 0x0000, 0x0000, 0x0000, 0x0000,   // 0x0690 (1680) pixels
0x0000, 0x0000, 0x0000, 0x0000, 0x0000, 0x0000, 0x0000, 0x0000, 0x0001, 0x0087, 0x5A14, 0xA99C, 0xC93E, 0x7072, 0x1805, 0x0000,   // 0x06A0 (1696) pixels
0x0000, 0x0000, 0x0000, 0x0000, 0x0000, 0x0000, 0x0000, 0x0000, 0x0000, 0x0000, 0x0000, 0x0000, 0x0000, 0x0000, 0x0000, 0x0000,   // 0x06B0 (1712) pixels
0x0000, 0x0000, 0x0000, 0x0000, 0x0000, 0x0000, 0x0000, 0x0000, 0x0000, 0x0000, 0x0000, 0x0000, 0x0000, 0x0000, 0x0000, 0x0000,   // 0x06C0 (1728) pixels
0x0000, 0x0000, 0x0064, 0x09EE, 0x0A92, 0x0A52, 0x016C, 0x0044, 0x1046, 0x2027, 0x0802, 0x0000, 0x0000, 0x0001, 0x0001, 0x0000,   // 0x06D0 (1744) pixels
0x0000, 0x0000, 0x0000, 0x0000, 0x0000, 0x0002, 0x1846, 0x1847, 0x08EA, 0x2355, 0x5379, 0xAA1B, 0x88B5, 0x3008, 0x0801, 0x0000,   // 0x06E0 (1760) pixels
0x0000, 0x0000, 0x0000, 0x0000, 0x0000, 0x0000, 0x0000, 0x0000, 0x0000, 0x0000, 0x0000, 0x0000, 0x0000, 0x0000, 0x0000, 0x0000,   // 0x06F0 (1776) pixels
0x0000, 0x0000, 0x0000, 0x0000, 0x0000, 0x0000, 0x0000, 0x0000, 0x0000, 0x0000, 0x0000, 0x0000, 0x0000, 0x0000, 0x0000, 0x0000,   // 0x0700 (1792) pixels
0x0000, 0x0000, 0x0000, 0x0086, 0x0A30, 0x12B4, 0x0A93, 0x0A51, 0x31D2, 0x7154, 0x2848, 0x0000, 0x0000, 0x0000, 0x0000, 0x0000,   // 0x0710 (1808) pixels
0x0000, 0x0000, 0x0000, 0x0000, 0x0000, 0x00C7, 0x41D3, 0x6256, 0x3BD9, 0x2C5B, 0x53FB, 0x69B5, 0x3029, 0x0802, 0x0000, 0x0000,   // 0x0720 (1824) pixels
0x0000, 0x0000, 0x0000, 0x0000, 0x0000, 0x0000, 0x0000, 0x0000, 0x0000, 0x0000, 0x0000, 0x0000, 0x0000, 0x0000, 0x0000, 0x0000,   // 0x0730 (1840) pixels
0x0000, 0x0000, 0x0000, 0x0000, 0x0000, 0x0000, 0x0000, 0x0000, 0x0000, 0x0000, 0x0000, 0x0000, 0x0000, 0x0000, 0x0000, 0x0000,   // 0x0740 (1856) pixels
0x0000, 0x0000, 0x0000, 0x0001, 0x00A6, 0x1210, 0x0AD5, 0x1336, 0x3C9C, 0x4B57, 0x10AA, 0x0023, 0x0001, 0x0000, 0x0022, 0x1067,   // 0x0750 (1872) pixels
0x1846, 0x0802, 0x0001, 0x0022, 0x0065, 0x01AF, 0x54DB, 0x757F, 0x447D, 0x347C, 0x22F4, 0x10A8, 0x0802, 0x0000, 0x0000, 0x0000,   // 0x0760 (1888) pixels
0x0000, 0x0000, 0x0000, 0x0000, 0x0000, 0x0000, 0x0000, 0x0000, 0x0000, 0x0000, 0x0000, 0x0000, 0x0000, 0x0000, 0x0000, 0x0000,   // 0x0770 (1904) pixels
0x0000, 0x0000, 0x0000, 0x0000, 0x0000, 0x0000, 0x0000, 0x0000, 0x0000, 0x0000, 0x0000, 0x0000, 0x0000, 0x0000, 0x0000, 0x0000,   // 0x0780 (1920) pixels
0x0000, 0x0000, 0x0000, 0x0000, 0x0001, 0x0064, 0x09CE, 0x1316, 0x1B58, 0x1B38, 0x12D4, 0x0A10, 0x014B, 0x00E8, 0x096C, 0x4255,   // 0x0790 (1936) pixels
0x5993, 0x18EB, 0x012A, 0x09EE, 0x1B14, 0x2C1A, 0x2C9C, 0x34BD, 0x345B, 0x1251, 0x0086, 0x0001, 0x0000, 0x0000, 0x0000, 0x0000,   // 0x07A0 (1952) pixels
0x0000, 0x0000, 0x0000, 0x0000, 0x0000, 0x0000, 0x0000, 0x0000, 0x0000, 0x0000, 0x0000, 0x0000, 0x0000, 0x0000, 0x0000, 0x0000,   // 0x07B0 (1968) pixels
0x0000, 0x0000, 0x0000, 0x0000, 0x0000, 0x0000, 0x0000, 0x0000, 0x0000, 0x0000, 0x0000, 0x0000, 0x0000, 0x0000, 0x0000, 0x0000,   // 0x07C0 (1984) pixels
0x0000, 0x0000, 0x0000, 0x0000, 0x0000, 0x0000, 0x0043, 0x0109, 0x1272, 0x1316, 0x1317, 0x1317, 0x1337, 0x1337, 0x23D9, 0x64DC,   // 0x07D0 (2000) pixels
0x6C3B, 0x3378, 0x1B98, 0x1BDA, 0x23FB, 0x243C, 0x243B, 0x1B35, 0x094B, 0x0044, 0x0001, 0x0000, 0x0000, 0x0000, 0x0000, 0x0000,   // 0x07E0 (2016) pixels
0x0000, 0x0000, 0x0000, 0x0000, 0x0000, 0x0000, 0x0000, 0x0000, 0x0000, 0x0000, 0x0000, 0x0000, 0x0000, 0x0000, 0x0000, 0x0000,   // 0x07F0 (2032) pixels
0x0000, 0x0000, 0x0000, 0x0000, 0x0000, 0x0000, 0x0000, 0x0000, 0x0000, 0x0000, 0x0000, 0x0000, 0x0000, 0x0000, 0x0000, 0x0000,   // 0x0800 (2048) pixels
};

const unsigned short Ring_Neon_Clock_2[2048] PROGMEM={
0x0040, 0x0040, 0x0060, 0x00A0, 0x00E0, 0x0100, 0x01C0, 0x0B21, 0x13C2, 0x0BC1, 0x0BE1, 0x0BE1, 0x0C21, 0x1462, 0x1C82, 0x1CC2,   // 0x0010 (16) pixels
0x1C62, 0x1422, 0x13E2, 0x13C2, 0x13A2, 0x09E1, 0x08A0, 0x0860, 0x0020, 0x0000, 0x0000, 0x0000, 0x0000, 0x0000, 0x0000, 0x0000,   // 0x0020 (32) pixels
0x0000, 0x0000, 0x0000, 0x0000, 0x0000, 0x0000, 0x0000, 0x0000, 0x0000, 0x0000, 0x0000, 0x0000, 0x0000, 0x0000, 0x0000, 0x0000,   // 0x0030 (48) pixels
0x0000, 0x0000, 0x0000, 0x0000, 0x0000, 0x0000, 0x0000, 0x0000, 0x0000, 0x0000, 0x0000, 0x0000, 0x0000, 0x0000, 0x0000, 0x0000,   // 0x0040 (64) pixels
0x0060, 0x0060, 0x00A0, 0x00E0, 0x0140, 0x0AC1, 0x1382, 0x0B81, 0x13A2, 0x0BA1, 0x0B81, 0x02E0, 0x0280, 0x0240, 0x0BA1, 0x2322,   // 0x0050 (80) pixels
0x0A20, 0x0220, 0x0A60, 0x1322, 0x1342, 0x0140, 0x08A0, 0x0840, 0x1020, 0x0000, 0x0000, 0x0000, 0x0000, 0x0000, 0x0000, 0x0000,   // 0x0060 (96) pixels
0x0000, 0x0000, 0x0000, 0x0000, 0x0000, 0x0000, 0x0000, 0x0000, 0x0000, 0x0000, 0x0000, 0x0000, 0x0000, 0x0000, 0x0000, 0x0000,   // 0x0070 (112) pixels
0x0000, 0x0000, 0x0000, 0x0000, 0x0000, 0x0000, 0x0000, 0x0000, 0x0000, 0x0000, 0x0000, 0x0000, 0x0000, 0x0000, 0x0000, 0x0000,   // 0x0080 (128) pixels
0x0060, 0x00A0, 0x00E0, 0x0160, 0x0B02, 0x0B61, 0x0B61, 0x13A2, 0x0AC1, 0x01E0, 0x0180, 0x01A0, 0x01A0, 0x01C0, 0x12A1, 0x4A62,   // 0x0090 (144) pixels
0x11A0, 0x0180, 0x0160, 0x0140, 0x0140, 0x00E0, 0x0060, 0x1040, 0x1820, 0x1800, 0x0800, 0x0000, 0x0000, 0x0000, 0x0000, 0x0000,   // 0x00A0 (160) pixels
0x0000, 0x0000, 0x0000, 0x0000, 0x0000, 0x0000, 0x0000, 0x0000, 0x0000, 0x0000, 0x0000, 0x0000, 0x0000, 0x0000, 0x0000, 0x0000,   // 0x00B0 (176) pixels
0x0000, 0x0000, 0x0000, 0x0000, 0x0000, 0x0000, 0x0000, 0x0000, 0x0000, 0x0000, 0x0000, 0x0000, 0x0000, 0x0000, 0x0000, 0x0000,   // 0x00C0 (192) pixels
0x00A0, 0x00C0, 0x0180, 0x0B61, 0x0B21, 0x0B61, 0x0B01, 0x01C0, 0x0160, 0x0160, 0x0140, 0x0160, 0x0160, 0x0160, 0x09C0, 0x1AC1,   // 0x00D0 (208) pixels
0x09C0, 0x0140, 0x0120, 0x00E0, 0x00C0, 0x00A0, 0x0040, 0x0820, 0x1820, 0x1800, 0x2001, 0x1000, 0x0000, 0x0800, 0x0000, 0x0000,   // 0x00E0 (224) pixels
0x0000, 0x0000, 0x0000, 0x0000, 0x0000, 0x0000, 0x0000, 0x0000, 0x0000, 0x0000, 0x0000, 0x0000, 0x0000, 0x0000, 0x0000, 0x0000,   // 0x00F0 (240) pixels
0x0000, 0x0000, 0x0000, 0x0000, 0x0000, 0x0000, 0x0000, 0x0000, 0x0000, 0x0000, 0x0000, 0x0000, 0x0000, 0x0000, 0x0000, 0x0000,   // 0x0100 (256) pixels
0x00C0, 0x0120, 0x1301, 0x0300, 0x1361, 0x0280, 0x0160, 0x0120, 0x0120, 0x0100, 0x0100, 0x0120, 0x0120, 0x0120, 0x01A0, 0x0AA1,   // 0x0110 (272) pixels
0x01A0, 0x0120, 0x00C0, 0x00C0, 0x00A0, 0x0080, 0x0860, 0x0020, 0x0800, 0x2021, 0x2000, 0x2801, 0x1000, 0x0800, 0x0800, 0x0000,   // 0x0120 (288) pixels
0x0000, 0x0000, 0x0000, 0x0000, 0x0000, 0x0000, 0x0000, 0x0000, 0x0000, 0x0000, 0x0000, 0x0000, 0x0000, 0x0000, 0x0000, 0x0000,   // 0x0130 (304) pixels
0x0000, 0x0000, 0x0000, 0x0000, 0x0000, 0x0000, 0x0000, 0x0000, 0x0000, 0x0000, 0x0000, 0x0000, 0x0000, 0x0000, 0x0000, 0x0000,   // 0x0140 (320) pixels
0x0100, 0x0A81, 0x0B01, 0x0B41, 0x0260, 0x0120, 0x0120, 0x00E0, 0x00E0, 0x00E0, 0x00E0, 0x00E0, 0x00E0, 0x00C0, 0x00C0, 0x00C0,   // 0x0150 (336) pixels
0x00A0, 0x00C0, 0x00A0, 0x00A0, 0x00A0, 0x0060, 0x0040, 0x0020, 0x0820, 0x0800, 0x2801, 0x2820, 0x3021, 0x1800, 0x0800, 0x0800,   // 0x0160 (352) pixels
0x0000, 0x0000, 0x0000, 0x0000, 0x0000, 0x0000, 0x0000, 0x0000, 0x0000, 0x0000, 0x0000, 0x0000, 0x0000, 0x0000, 0x0000, 0x0000,   // 0x0170 (368) pixels
0x0000, 0x0000, 0x0000, 0x0000, 0x0000, 0x0000, 0x0000, 0x0000, 0x0000, 0x0000, 0x0000, 0x0000, 0x0000, 0x0000, 0x0000, 0x0000,   // 0x0180 (384) pixels
0x0A00, 0x0B21, 0x0B01, 0x0281, 0x0140, 0x0100, 0x00E0, 0x00C0, 0x00A0, 0x00A0, 0x00A0, 0x00C0, 0x00A0, 0x0080, 0x0060, 0x0020,   // 0x0190 (400) pixels
0x0020, 0x0040, 0x0060, 0x0060, 0x0080, 0x0860, 0x0820, 0x0820, 0x0820, 0x0800, 0x1000, 0x3021, 0x3021, 0x3021, 0x1000, 0x0800,   // 0x01A0 (416) pixels
0x0000, 0x0000, 0x0000, 0x0000, 0x0000, 0x0000, 0x0000, 0x0000, 0x0000, 0x0000, 0x0000, 0x0000, 0x0000, 0x0000, 0x0000, 0x0000,   // 0x01B0 (432) pixels
0x0000, 0x0000, 0x0000, 0x0000, 0x0000, 0x0000, 0x0000, 0x0000, 0x0000, 0x0000, 0x0000, 0x0000, 0x0000, 0x0000, 0x0000, 0x0000,   // 0x01C0 (448) pixels
0x0AE1, 0x02A0, 0x1341, 0x09A0, 0x0100, 0x00C0, 0x00A0, 0x0080, 0x0080, 0x0080, 0x0080, 0x0080, 0x0080, 0x0060, 0x0040, 0x0020,   // 0x01D0 (464) pixels
0x0020, 0x0020, 0x0040, 0x0820, 0x0840, 0x0840, 0x0820, 0x0820, 0x0820, 0x0800, 0x1081, 0x28A2, 0x3821, 0x3821, 0x2001, 0x0800,   // 0x01E0 (480) pixels
0x0000, 0x0000, 0x0000, 0x0000, 0x0000, 0x0000, 0x0000, 0x0000, 0x0000, 0x0000, 0x0000, 0x0000, 0x0000, 0x0000, 0x0000, 0x0000,   // 0x01F0 (496) pixels
0x0000, 0x0000, 0x0000, 0x0000, 0x0000, 0x0000, 0x0000, 0x0000, 0x0000, 0x0000, 0x0000, 0x0000, 0x0000, 0x0000, 0x0000, 0x0000,   // 0x0200 (512) pixels
0x0AC1, 0x0B01, 0x0B62, 0x3202, 0x3102, 0x00A0, 0x0080, 0x0060, 0x0040, 0x0060, 0x0060, 0x0060, 0x0060, 0x0040, 0x0020, 0x0000,   // 0x0210 (528) pixels
0x0020, 0x0020, 0x0820, 0x0820, 0x0820, 0x0820, 0x0820, 0x0800, 0x0800, 0x1060, 0x2202, 0x4122, 0x4822, 0x3821, 0x3821, 0x1000,   // 0x0220 (544) pixels
0x0000, 0x0000, 0x0000, 0x0000, 0x0000, 0x0000, 0x0000, 0x0000, 0x0000, 0x0000, 0x0000, 0x0000, 0x0000, 0x0000, 0x0000, 0x0000,   // 0x0230 (560) pixels
0x0000, 0x0000, 0x0000, 0x0000, 0x0000, 0x0000, 0x0000, 0x0000, 0x0000, 0x0000, 0x0000, 0x0000, 0x0000, 0x0000, 0x0000, 0x0000,   // 0x0240 (576) pixels
0x0A81, 0x0AA1, 0x01A0, 0x29C2, 0x4102, 0x0080, 0x0080, 0x0060, 0x0040, 0x0040, 0x0040, 0x0040, 0x0060, 0x0040, 0x0020, 0x0000,   // 0x0250 (592) pixels
0x0020, 0x0020, 0x0000, 0x0800, 0x0800, 0x0820, 0x0820, 0x0800, 0x0800, 0x1060, 0x40E2, 0x4842, 0x3021, 0x4021, 0x4021, 0x2001,   // 0x0260 (608) pixels
0x0800, 0x0800, 0x0800, 0x0000, 0x0000, 0x0000, 0x0000, 0x0000, 0x0000, 0x0000, 0x0000, 0x0000, 0x0000, 0x0000, 0x0000, 0x0000,   // 0x0270 (624) pixels
0x0000, 0x0000, 0x0000, 0x0000, 0x0000, 0x0000, 0x0000, 0x0000, 0x0000, 0x0000, 0x0000, 0x0000, 0x0000, 0x0000, 0x0000, 0x0000,   // 0x0280 (640) pixels
0x0281, 0x01A0, 0x00E0, 0x08C0, 0x0880, 0x0060, 0x0040, 0x0040, 0x0040, 0x0040, 0x0040, 0x0040, 0x0040, 0x0040, 0x0020, 0x0000,   // 0x0290 (656) pixels
0x0020, 0x0000, 0x0000, 0x0800, 0x0800, 0x0800, 0x0800, 0x0800, 0x0800, 0x1000, 0x2000, 0x1800, 0x2000, 0x4021, 0x3821, 0x3021,   // 0x02A0 (672) pixels
0x1000, 0x0800, 0x0800, 0x0000, 0x0000, 0x0000, 0x0000, 0x0000, 0x0000, 0x0000, 0x0000, 0x0000, 0x0000, 0x0000, 0x0000, 0x0000,   // 0x02B0 (688) pixels
0x0000, 0x0000, 0x0000, 0x0000, 0x0000, 0x0000, 0x0000, 0x0000, 0x0000, 0x0000, 0x0000, 0x0000, 0x0000, 0x0000, 0x0000, 0x0000,   // 0x02C0 (704) pixels
0x0A81, 0x0100, 0x00E0, 0x0080, 0x0060, 0x0040, 0x0040, 0x0020, 0x0020, 0x0020, 0x0040, 0x0040, 0x0040, 0x0020, 0x0020, 0x0000,   // 0x02D0 (720) pixels
0x0000, 0x0000, 0x0000, 0x0000, 0x0800, 0x0800, 0x0800, 0x1000, 0x1000, 0x1000, 0x1800, 0x1800, 0x1800, 0x3821, 0x4021, 0x4022,   // 0x02E0 (736) pixels
0x1800, 0x0800, 0x0800, 0x0800, 0x0000, 0x0000, 0x0000, 0x0000, 0x0000, 0x0000, 0x0000, 0x0000, 0x0000, 0x0000, 0x0000, 0x0000,   // 0x02F0 (752) pixels
0x0000, 0x0000, 0x0000, 0x0000, 0x0000, 0x0000, 0x0000, 0x0000, 0x0000, 0x0000, 0x0000, 0x0000, 0x0000, 0x0000, 0x0000, 0x0000,   // 0x0300 (768) pixels
0x0A01, 0x00C0, 0x0080, 0x0060, 0x0040, 0x0040, 0x0040, 0x0020, 0x0020, 0x0020, 0x0020, 0x0020, 0x0020, 0x0020, 0x0000, 0x0000,   // 0x0310 (784) pixels
0x0000, 0x0000, 0x0000, 0x0000, 0x0000, 0x0800, 0x0800, 0x1000, 0x1000, 0x1800, 0x1800, 0x1800, 0x1800, 0x3821, 0x4822, 0x5042,   // 0x0320 (800) pixels
0x2000, 0x1000, 0x0800, 0x0800, 0x0000, 0x0000, 0x0000, 0x0000, 0x0000, 0x0000, 0x0000, 0x0000, 0x0000, 0x0000, 0x0000, 0x0000,   // 0x0330 (816) pixels
0x0000, 0x0000, 0x0000, 0x0000, 0x0000, 0x0000, 0x0000, 0x0000, 0x0000, 0x0000, 0x0000, 0x0000, 0x0000, 0x0000, 0x0000, 0x0000,   // 0x0340 (832) pixels
0x01A0, 0x00A0, 0x0080, 0x0060, 0x0040, 0x0020, 0x0020, 0x0020, 0x0020, 0x0020, 0x0020, 0x0020, 0x0040, 0x0020, 0x0000, 0x0000,   // 0x0350 (848) pixels
0x0000, 0x0000, 0x0000, 0x0000, 0x0000, 0x0000, 0x0800, 0x0800, 0x1000, 0x1800, 0x1800, 0x1800, 0x2000, 0x3001, 0x5022, 0x5022,   // 0x0360 (864) pixels
0x2821, 0x1000, 0x0800, 0x0800, 0x0800, 0x0000, 0x0000, 0x0000, 0x0000, 0x0000, 0x0000, 0x0000, 0x0000, 0x0000, 0x0000, 0x0000,   // 0x0370 (880) pixels
0x0000, 0x0000, 0x0000, 0x0000, 0x0000, 0x0000, 0x0000, 0x0000, 0x0000, 0x0000, 0x0000, 0x0000, 0x0000, 0x0000, 0x0000, 0x0000,   // 0x0380 (896) pixels
0x0160, 0x00A0, 0x0060, 0x0040, 0x0020, 0x0020, 0x0020, 0x0020, 0x0000, 0x0020, 0x0020, 0x0020, 0x0020, 0x0000, 0x0000, 0x0000,   // 0x0390 (912) pixels
0x0000, 0x0000, 0x0000, 0x0000, 0x0000, 0x0000, 0x0000, 0x0800, 0x1000, 0x1800, 0x1800, 0x2000, 0x2001, 0x3001, 0x5043, 0x5022,   // 0x03A0 (928) pixels
0x3021, 0x1000, 0x1000, 0x0800, 0x0800, 0x0000, 0x0000, 0x0000, 0x0000, 0x0000, 0x0000, 0x0000, 0x0000, 0x0000, 0x0000, 0x0000,   // 0x03B0 (944) pixels
0x0000, 0x0000, 0x0000, 0x0000, 0x0000, 0x0000, 0x0000, 0x0000, 0x0000, 0x0000, 0x0000, 0x0000, 0x0000, 0x0000, 0x0000, 0x0000,   // 0x03C0 (960) pixels
0x0140, 0x0080, 0x0060, 0x0040, 0x0020, 0x0020, 0x0020, 0x0000, 0x0000, 0x0000, 0x0000, 0x0000, 0x0020, 0x0000, 0x0000, 0x0000,   // 0x03D0 (976) pixels
0x0000, 0x0000, 0x0000, 0x0000, 0x0000, 0x0000, 0x0000, 0x0800, 0x1000, 0x1800, 0x1800, 0x2000, 0x2001, 0x3001, 0x5043, 0x5022,   // 0x03E0 (992) pixels
0x3001, 0x1800, 0x1000, 0x0800, 0x0800, 0x0000, 0x0000, 0x0000, 0x0000, 0x0000, 0x0000, 0x0000, 0x0000, 0x0000, 0x0000, 0x0000,   // 0x03F0 (1008) pixels
0x0000, 0x0000, 0x0000, 0x0000, 0x0000, 0x0000, 0x0000, 0x0000, 0x0000, 0x0000, 0x0000, 0x0000, 0x0000, 0x0000, 0x0000, 0x0000,   // 0x0400 (1024) pixels
0x0140, 0x0080, 0x0060, 0x0020, 0x0020, 0x0020, 0x0020, 0x0000, 0x0000, 0x0000, 0x0000, 0x0000, 0x0020, 0x0040, 0x0000, 0x0000,   // 0x0410 (1040) pixels
0x0000, 0x0800, 0x0800, 0x0000, 0x0000, 0x0000, 0x0000, 0x0800, 0x0800, 0x1000, 0x1800, 0x2000, 0x2001, 0x3001, 0x5843, 0x5822,   // 0x0420 (1056) pixels
0x3821, 0x1800, 0x1000, 0x0800, 0x0800, 0x0000, 0x0000, 0x0000, 0x0000, 0x0000, 0x0000, 0x0000, 0x0000, 0x0000, 0x0000, 0x0000,   // 0x0430 (1072) pixels
0x0000, 0x0000, 0x0000, 0x0000, 0x0000, 0x0000, 0x0000, 0x0000, 0x0000, 0x0000, 0x0000, 0x0000, 0x0000, 0x0000, 0x0000, 0x0000,   // 0x0440 (1088) pixels
0x0140, 0x0060, 0x0040, 0x0020, 0x0020, 0x0020, 0x0020, 0x0000, 0x0000, 0x0000, 0x0000, 0x0000, 0x0000, 0x0020, 0x0020, 0x0020,   // 0x0450 (1104) pixels
0x0000, 0x0800, 0x0800, 0x0800, 0x0800, 0x0800, 0x0800, 0x0800, 0x0800, 0x1800, 0x1800, 0x2000, 0x2000, 0x3801, 0x6043, 0x6043,   // 0x0460 (1120) pixels
0x3001, 0x1800, 0x1000, 0x0800, 0x0800, 0x0000, 0x0000, 0x0000, 0x0000, 0x0000, 0x0000, 0x0000, 0x0000, 0x0000, 0x0000, 0x0000,   // 0x0470 (1136) pixels
0x0000, 0x0000, 0x0000, 0x0000, 0x0000, 0x0000, 0x0000, 0x0000, 0x0000, 0x0000, 0x0000, 0x0000, 0x0000, 0x0000, 0x0000, 0x0000,   // 0x0480 (1152) pixels
0x0960, 0x0060, 0x0040, 0x0020, 0x0020, 0x0020, 0x0020, 0x0000, 0x0000, 0x0000, 0x0000, 0x0000, 0x0000, 0x0020, 0x0020, 0x0000,   // 0x0490 (1168) pixels
0x0800, 0x0800, 0x0800, 0x0800, 0x0800, 0x0800, 0x1800, 0x1800, 0x1800, 0x1800, 0x1800, 0x2000, 0x2000, 0x4822, 0x6023, 0x6063,   // 0x04A0 (1184) pixels
0x3001, 0x1800, 0x1000, 0x0800, 0x0800, 0x0000, 0x0000, 0x0000, 0x0000, 0x0000, 0x0000, 0x0000, 0x0000, 0x0000, 0x0000, 0x0000,   // 0x04B0 (1200) pixels
0x0000, 0x0000, 0x0000, 0x0000, 0x0000, 0x0000, 0x0000, 0x0000, 0x0000, 0x0000, 0x0000, 0x0000, 0x0000, 0x0000, 0x0000, 0x0000,   // 0x04C0 (1216) pixels
0x09A1, 0x0080, 0x0060, 0x0020, 0x0020, 0x0020, 0x0020, 0x0000, 0x0000, 0x0000, 0x0000, 0x0000, 0x0000, 0x0000, 0x0000, 0x0000,   // 0x04D0 (1232) pixels
0x0000, 0x0800, 0x0800, 0x1000, 0x1000, 0x1000, 0x1000, 0x1800, 0x1800, 0x1800, 0x1800, 0x2000, 0x2801, 0x5842, 0x6022, 0x6043,   // 0x04E0 (1248) pixels
0x2800, 0x1800, 0x1000, 0x0800, 0x0000, 0x0000, 0x0000, 0x0000, 0x0000, 0x0000, 0x0000, 0x0000, 0x0000, 0x0000, 0x0000, 0x0000,   // 0x04F0 (1264) pixels
0x0000, 0x0000, 0x0000, 0x0000, 0x0000, 0x0000, 0x0000, 0x0000, 0x0000, 0x0000, 0x0000, 0x0000, 0x0000, 0x0000, 0x0000, 0x0000,   // 0x0500 (1280) pixels
0x0160, 0x00E0, 0x0060, 0x0040, 0x0040, 0x0020, 0x0020, 0x0000, 0x0000, 0x0000, 0x0000, 0x0000, 0x0000, 0x0000, 0x0000, 0x0000,   // 0x0510 (1296) pixels
0x0800, 0x0800, 0x0800, 0x0800, 0x1000, 0x1000, 0x1000, 0x1800, 0x1800, 0x2000, 0x2000, 0x2801, 0x3801, 0x6864, 0x6843, 0x5822,   // 0x0520 (1312) pixels
0x2000, 0x1800, 0x1000, 0x0800, 0x0000, 0x0000, 0x0000, 0x0000, 0x0000, 0x0000, 0x0000, 0x0000, 0x0000, 0x0000, 0x0000, 0x0000,   // 0x0530 (1328) pixels
0x0000, 0x0000, 0x0000, 0x0000, 0x0000, 0x0000, 0x0000, 0x0000, 0x0000, 0x0000, 0x0000, 0x0000, 0x0000, 0x0000, 0x0000, 0x0000,   // 0x0540 (1344) pixels
0x0161, 0x0940, 0x0100, 0x2222, 0x18C1, 0x0020, 0x0020, 0x0000, 0x0000, 0x0000, 0x0000, 0x0000, 0x0000, 0x0000, 0x0000, 0x0000,   // 0x0550 (1360) pixels
0x0000, 0x0000, 0x0800, 0x0800, 0x1000, 0x1000, 0x1000, 0x1800, 0x1800, 0x20A1, 0x41A4, 0x4822, 0x5022, 0x7044, 0x7064, 0x4821,   // 0x0560 (1376) pixels
0x2000, 0x1800, 0x1000, 0x0800, 0x0000, 0x0000, 0x0000, 0x0000, 0x0000, 0x0000, 0x0000, 0x0000, 0x0000, 0x0000, 0x0000, 0x0000,   // 0x0570 (1392) pixels
0x0000, 0x0000, 0x0000, 0x0000, 0x0000, 0x0000, 0x0000, 0x0000, 0x0000, 0x0000, 0x0000, 0x0000, 0x0000, 0x0000, 0x0000, 0x0000,   // 0x0580 (1408) pixels
0x0160, 0x09A0, 0x11A1, 0x4982, 0x2881, 0x0020, 0x0040, 0x0000, 0x0020, 0x0020, 0x0000, 0x0000, 0x0000, 0x0000, 0x0000, 0x0000,   // 0x0590 (1424) pixels
0x0000, 0x0000, 0x0800, 0x0800, 0x0800, 0x1000, 0x1800, 0x2020, 0x2000, 0x30A1, 0x41A2, 0x78A4, 0x8885, 0x7044, 0x6863, 0x2800,   // 0x05A0 (1440) pixels
0x1800, 0x1800, 0x1021, 0x0800, 0x0000, 0x0000, 0x0000, 0x0000, 0x0000, 0x0000, 0x0000, 0x0000, 0x0000, 0x0000, 0x0000, 0x0000,   // 0x05B0 (1456) pixels
0x0000, 0x0000, 0x0000, 0x0000, 0x0000, 0x0000, 0x0000, 0x0000, 0x0000, 0x0000, 0x0000, 0x0000, 0x0000, 0x0000, 0x0000, 0x0000,   // 0x05C0 (1472) pixels
0x0940, 0x0120, 0x1141, 0x1860, 0x0840, 0x1081, 0x0881, 0x0020, 0x1081, 0x0841, 0x0000, 0x0000, 0x0000, 0x0000, 0x0000, 0x0000,   // 0x05D0 (1488) pixels
0x0000, 0x0800, 0x0800, 0x0800, 0x1000, 0x1000, 0x2841, 0x3062, 0x2800, 0x3000, 0x3820, 0x7083, 0x8065, 0x7864, 0x4822, 0x2000,   // 0x05E0 (1504) pixels
0x1800, 0x1841, 0x1862, 0x0800, 0x0000, 0x0000, 0x0000, 0x0000, 0x0000, 0x0000, 0x0000, 0x0000, 0x0000, 0x0000, 0x0000, 0x0000,   // 0x05F0 (1520) pixels
0x0000, 0x0000, 0x0000, 0x0000, 0x0000, 0x0000, 0x0000, 0x0000, 0x0000, 0x0000, 0x0000, 0x0000, 0x0000, 0x0000, 0x0000, 0x0000,   // 0x0600 (1536) pixels
0x0901, 0x0961, 0x0121, 0x0921, 0x08C1, 0x0881, 0x0860, 0x1081, 0x0841, 0x1061, 0x0820, 0x1020, 0x1041, 0x1041, 0x0800, 0x0800,   // 0x0610 (1552) pixels
0x1041, 0x1041, 0x1020, 0x1841, 0x1821, 0x2841, 0x2841, 0x3062, 0x3841, 0x4021, 0x5843, 0x80C6, 0x7844, 0x7064, 0x3021, 0x2021,   // 0x0620 (1568) pixels
0x1821, 0x1041, 0x0841, 0x0820, 0x0820, 0x0841, 0x0000, 0x0000, 0x0000, 0x0000, 0x0000, 0x0000, 0x0000, 0x0000, 0x0000, 0x0000,   // 0x0630 (1584) pixels
0x0000, 0x0000, 0x0000, 0x0000, 0x0000, 0x0000, 0x0000, 0x0000, 0x0000, 0x0000, 0x0000, 0x0000, 0x0000, 0x0000, 0x0000, 0x0000,   // 0x0640 (1600) pixels
0x10C2, 0x0941, 0x0941, 0x1142, 0x1902, 0x0860, 0x0860, 0x1081, 0x0820, 0x1061, 0x18A2, 0x1841, 0x1041, 0x1041, 0x1841, 0x1041,   // 0x0650 (1616) pixels
0x1841, 0x2882, 0x2041, 0x2041, 0x2841, 0x3883, 0x2821, 0x2842, 0x40A3, 0x4842, 0x78A6, 0x78A5, 0x8084, 0x5043, 0x2842, 0x1862,   // 0x0660 (1632) pixels
0x1841, 0x18A2, 0x0841, 0x1061, 0x0841, 0x0861, 0x0000, 0x0000, 0x0000, 0x0000, 0x0000, 0x0000, 0x0000, 0x0000, 0x0000, 0x0000,   // 0x0670 (1648) pixels
0x0000, 0x0000, 0x0000, 0x0000, 0x0000, 0x0000, 0x0000, 0x0000, 0x0000, 0x0000, 0x0000, 0x0000, 0x0000, 0x0000, 0x0000, 0x0000,   // 0x0680 (1664) pixels
0x08C2, 0x0881, 0x0941, 0x0901, 0x1122, 0x10A1, 0x0881, 0x1061, 0x1061, 0x1061, 0x1861, 0x1041, 0x1882, 0x2041, 0x2882, 0x1861,   // 0x0690 (1680) pixels
0x2041, 0x2841, 0x2821, 0x3862, 0x3062, 0x3042, 0x3042, 0x4043, 0x5083, 0x78C5, 0x80A5, 0x88A6, 0x5863, 0x3041, 0x2841, 0x1841,   // 0x06A0 (1696) pixels
0x1841, 0x1061, 0x0840, 0x0841, 0x0841, 0x0000, 0x0000, 0x0000, 0x0000, 0x0000, 0x0000, 0x0000, 0x0000, 0x0000, 0x0000, 0x0000,   // 0x06B0 (1712) pixels
0x0000, 0x0000, 0x0000, 0x0000, 0x0000, 0x0000, 0x0000, 0x0000, 0x0000, 0x0000, 0x0000, 0x0000, 0x0000, 0x0000, 0x0000, 0x0000,   // 0x06C0 (1728) pixels
0x08A2, 0x0861, 0x0881, 0x1101, 0x10E1, 0x08C1, 0x10A1, 0x0840, 0x1061, 0x1841, 0x1861, 0x1841, 0x2061, 0x2862, 0x3903, 0x3103,   // 0x06D0 (1744) pixels
0x2841, 0x2800, 0x3842, 0x3842, 0x3042, 0x4042, 0x4022, 0x6064, 0x88A6, 0x80A6, 0x90A5, 0x5843, 0x2862, 0x2881, 0x2021, 0x1000,   // 0x06E0 (1760) pixels
0x0820, 0x1041, 0x0820, 0x0820, 0x0841, 0x0000, 0x0000, 0x0000, 0x0000, 0x0000, 0x0000, 0x0000, 0x0000, 0x0000, 0x0000, 0x0000,   // 0x06F0 (1776) pixels
0x0000, 0x0000, 0x0000, 0x0000, 0x0000, 0x0000, 0x0000, 0x0000, 0x0000, 0x0000, 0x0000, 0x0000, 0x0000, 0x0000, 0x0000, 0x0000,   // 0x0700 (1792) pixels
0x0881, 0x0841, 0x0861, 0x0861, 0x10E1, 0x10C1, 0x1081, 0x10C2, 0x1881, 0x2041, 0x3082, 0x3041, 0x3062, 0x3862, 0x5265, 0x5184,   // 0x0710 (1808) pixels
0x4042, 0x4042, 0x4842, 0x4842, 0x4022, 0x6864, 0x80A5, 0x88A5, 0x8085, 0x88A6, 0x6063, 0x2821, 0x2041, 0x2882, 0x1821, 0x1041,   // 0x0720 (1824) pixels
0x1061, 0x1082, 0x0820, 0x0861, 0x0841, 0x0841, 0x0000, 0x0000, 0x0000, 0x0000, 0x0000, 0x0000, 0x0000, 0x0000, 0x0000, 0x0000,   // 0x0730 (1840) pixels
0x0000, 0x0000, 0x0000, 0x0000, 0x0000, 0x0000, 0x0000, 0x0000, 0x0000, 0x0000, 0x0000, 0x0000, 0x0000, 0x0000, 0x0000, 0x0000,   // 0x0740 (1856) pixels
0x0841, 0x0861, 0x0861, 0x0861, 0x0840, 0x0881, 0x18C2, 0x20A2, 0x2061, 0x50C4, 0x70E5, 0x6083, 0x5063, 0x5042, 0x6923, 0x8125,   // 0x0750 (1872) pixels
0x5843, 0x5842, 0x6864, 0x78A5, 0x88E6, 0x90A6, 0x8885, 0x90E6, 0x80C5, 0x4822, 0x3042, 0x2841, 0x2041, 0x1021, 0x1861, 0x1061,   // 0x0760 (1888) pixels
0x0841, 0x1061, 0x1061, 0x0000, 0x0841, 0x1062, 0x0020, 0x0000, 0x0000, 0x0000, 0x0000, 0x0000, 0x0000, 0x0000, 0x0000, 0x0000,   // 0x0770 (1904) pixels
0x0000, 0x0000, 0x0000, 0x0000, 0x0000, 0x0000, 0x0000, 0x0000, 0x0000, 0x0000, 0x0000, 0x0000, 0x0000, 0x0000, 0x0000, 0x0000,   // 0x0780 (1920) pixels
0x0000, 0x0000, 0x0020, 0x0020, 0x0000, 0x0000, 0x0840, 0x1040, 0x3041, 0x7884, 0x90A5, 0x98C6, 0x98A6, 0x98C6, 0xA8C6, 0xA8E7,   // 0x0790 (1936) pixels
0x98A6, 0x9885, 0xA0A6, 0xA0C6, 0x9085, 0x9085, 0x9085, 0x7063, 0x4001, 0x3000, 0x2801, 0x2000, 0x1800, 0x0800, 0x0800, 0x0820,   // 0x07A0 (1952) pixels
0x0000, 0x0000, 0x0000, 0x0000, 0x0000, 0x0000, 0x0000, 0x0000, 0x0000, 0x0000, 0x0000, 0x0000, 0x0000, 0x0000, 0x0000, 0x0000,   // 0x07B0 (1968) pixels
0x0000, 0x0000, 0x0000, 0x0000, 0x0000, 0x0000, 0x0000, 0x0000, 0x0000, 0x0000, 0x0000, 0x0000, 0x0000, 0x0000, 0x0000, 0x0000,   // 0x07C0 (1984) pixels
0x0000, 0x0000, 0x0000, 0x0000, 0x0000, 0x0000, 0x0000, 0x0800, 0x2821, 0x7084, 0x90A5, 0xA0C7, 0xA086, 0xA086, 0xA886, 0xA886,   // 0x07D0 (2000) pixels
0xA086, 0xA086, 0xA086, 0x90A6, 0x8065, 0x6843, 0x4801, 0x3000, 0x2801, 0x2000, 0x1800, 0x1000, 0x1000, 0x0800, 0x0000, 0x0000,   // 0x07E0 (2016) pixels
0x0000, 0x0000, 0x0000, 0x0000, 0x0000, 0x0000, 0x0000, 0x0000, 0x0000, 0x0000, 0x0000, 0x0000, 0x0000, 0x0000, 0x0000, 0x0000,   // 0x07F0 (2032) pixels
0x0000, 0x0000, 0x0000, 0x0000, 0x0000, 0x0000, 0x0000, 0x0000, 0x0000, 0x0000, 0x0000, 0x0000, 0x0000, 0x0000, 0x0000, 0x0000,   // 0x0800 (2048) pixels
};

const unsigned short Ring_Pink_and_Blue[2048] PROGMEM={
0x986D, 0xA88E, 0xB8B0, 0xC8D2, 0xD8F4, 0xE917, 0xF9F9, 0xFC1C, 0xFDFE, 0xFE5F, 0xF55D, 0xEBDA, 0xE2B8, 0xD216, 0xC9B5, 0xC195,   // 0x0010 (16) pixels
0xC1D6, 0xCA37, 0xD2DA, 0xE3BC, 0xF49E, 0xFCFF, 0xF43F, 0xE29D, 0xC19B, 0xA958, 0x9116, 0x80F4, 0x68D2, 0x5891, 0x488F, 0x406D,   // 0x0020 (32) pixels
0x384C, 0x304B, 0x282A, 0x2029, 0x1828, 0x1807, 0x1006, 0x1006, 0x1005, 0x0805, 0x0804, 0x0803, 0x0803, 0x0803, 0x0002, 0x0002,   // 0x0030 (48) pixels
0x0002, 0x0001, 0x0001, 0x0001, 0x0001, 0x0000, 0x0000, 0x0000, 0x0000, 0x0000, 0x0000, 0x0000, 0x0000, 0x0000, 0x0000, 0x0000,   // 0x0040 (64) pixels
0xA88E, 0xB8B0, 0xC8D3, 0xE115, 0xF178, 0xFB5B, 0xFDFE, 0xFE7F, 0xF4BC, 0xDA37, 0xC8F3, 0xB090, 0xA86F, 0xA06F, 0x986F, 0x986F,   // 0x0050 (80) pixels
0x986F, 0x9070, 0x9091, 0x98B3, 0xA955, 0xD29A, 0xEC3E, 0xFD3F, 0xEC1E, 0xC9FC, 0xA97A, 0x9137, 0x78F5, 0x60D3, 0x50B1, 0x488F,   // 0x0060 (96) pixels
0x386E, 0x304C, 0x284B, 0x202A, 0x2029, 0x1808, 0x1007, 0x1006, 0x1005, 0x0805, 0x0804, 0x0804, 0x0803, 0x0803, 0x0002, 0x0002,   // 0x0070 (112) pixels
0x0002, 0x0001, 0x0001, 0x0001, 0x0001, 0x0000, 0x0000, 0x0000, 0x0000, 0x0000, 0x0000, 0x0000, 0x0000, 0x0000, 0x0000, 0x0000,   // 0x0080 (128) pixels
0xB8B0, 0xC8F3, 0xE115, 0xF978, 0xFC5C, 0xFEDF, 0xF57D, 0xE237, 0xC0B1, 0xB06F, 0xA06E, 0x986D, 0x906C, 0x886C, 0x806C, 0x806C,   // 0x0090 (144) pixels
0x786D, 0x786D, 0x786E, 0x788F, 0x8090, 0x8092, 0x9935, 0xCADB, 0xF4DE, 0xECBF, 0xCA5D, 0xA19A, 0x8957, 0x7115, 0x60D3, 0x50B1,   // 0x00A0 (160) pixels
0x406F, 0x386D, 0x304B, 0x282A, 0x2029, 0x1828, 0x1807, 0x1007, 0x1006, 0x1005, 0x0804, 0x0804, 0x0804, 0x0803, 0x0003, 0x0002,   // 0x00B0 (176) pixels
0x0002, 0x0002, 0x0002, 0x0001, 0x0001, 0x0000, 0x0000, 0x0000, 0x0000, 0x0000, 0x0000, 0x0000, 0x0000, 0x0000, 0x0000, 0x0000,   // 0x00C0 (192) pixels
0xC8F3, 0xE115, 0xF9B8, 0xFCBD, 0xFEDF, 0xEC3B, 0xD113, 0xB06F, 0xA86D, 0x986D, 0x886C, 0x806B, 0x784B, 0x704B, 0x704A, 0x684B,   // 0x00D0 (208) pixels
0x684B, 0x684B, 0x684C, 0x686C, 0x686E, 0x688F, 0x7091, 0x78B3, 0xA1B8, 0xE45E, 0xED3F, 0xC29D, 0x999A, 0x8158, 0x68F5, 0x50D3,   // 0x00E0 (224) pixels
0x4890, 0x386F, 0x306D, 0x284B, 0x204A, 0x1829, 0x1808, 0x1007, 0x1007, 0x1006, 0x1005, 0x0804, 0x0804, 0x0003, 0x0003, 0x0002,   // 0x00F0 (240) pixels
0x0002, 0x0002, 0x0002, 0x0001, 0x0001, 0x0000, 0x0000, 0x0000, 0x0000, 0x0000, 0x0000, 0x0000, 0x0000, 0x0000, 0x0000, 0x0000,   // 0x0100 (256) pixels
0xE115, 0xF158, 0xFC9D, 0xFEFF, 0xEBDA, 0xC891, 0xB08F, 0xA06D, 0x904C, 0x884B, 0x784A, 0x704A, 0x6829, 0x6829, 0x6029, 0x6029,   // 0x0110 (272) pixels
0x582A, 0x582A, 0x584B, 0x584B, 0x584C, 0x586D, 0x606E, 0x6890, 0x6893, 0x9177, 0xDC1E, 0xED1E, 0xBA7E, 0x919A, 0x7137, 0x58F5,   // 0x0120 (288) pixels
0x48B2, 0x3890, 0x306E, 0x286C, 0x204B, 0x182A, 0x1829, 0x1027, 0x1007, 0x1006, 0x1005, 0x0805, 0x0804, 0x0004, 0x0003, 0x0002,   // 0x0130 (304) pixels
0x0002, 0x0002, 0x0002, 0x0001, 0x0001, 0x0000, 0x0000, 0x0000, 0x0000, 0x0000, 0x0000, 0x0000, 0x0000, 0x0000, 0x0000, 0x0000,   // 0x0140 (320) pixels
0xF157, 0xFBBC, 0xFEFF, 0xEC5B, 0xC892, 0xB08E, 0x986D, 0x884B, 0x804A, 0x7849, 0x6829, 0x6829, 0x6028, 0x5828, 0x5828, 0x5028,   // 0x0150 (336) pixels
0x5029, 0x5029, 0x482A, 0x484A, 0x484B, 0x484B, 0x506D, 0x506E, 0x5890, 0x60D2, 0x8178, 0xDC5E, 0xDCDF, 0xA21D, 0x799A, 0x6117,   // 0x0160 (352) pixels
0x50D4, 0x40B1, 0x308F, 0x286D, 0x204C, 0x184A, 0x1829, 0x1028, 0x1007, 0x1006, 0x1006, 0x0805, 0x0804, 0x0804, 0x0003, 0x0002,   // 0x0170 (368) pixels
0x0002, 0x0002, 0x0002, 0x0001, 0x0001, 0x0000, 0x0000, 0x0000, 0x0000, 0x0000, 0x0000, 0x0000, 0x0000, 0x0000, 0x0000, 0x0000,   // 0x0180 (384) pixels
0xFA7A, 0xFE7E, 0xF53D, 0xD113, 0xB08F, 0x986D, 0x884B, 0x804A, 0x7049, 0x6828, 0x6028, 0x5828, 0x5828, 0x5007, 0x5027, 0x4827,   // 0x0190 (400) pixels
0x4828, 0x4828, 0x4029, 0x4029, 0x404A, 0x404B, 0x484B, 0x486D, 0x486E, 0x5091, 0x58B3, 0x89D9, 0xE4FF, 0xC3FF, 0x81BD, 0x6979,   // 0x01A0 (416) pixels
0x5115, 0x40D3, 0x3890, 0x286E, 0x206D, 0x184B, 0x182A, 0x1029, 0x1008, 0x1007, 0x0806, 0x0805, 0x0805, 0x0804, 0x0004, 0x0003,   // 0x01B0 (432) pixels
0x0002, 0x0002, 0x0002, 0x0002, 0x0002, 0x0000, 0x0000, 0x0000, 0x0000, 0x0000, 0x0000, 0x0000, 0x0000, 0x0000, 0x0000, 0x0000,   // 0x01C0 (448) pixels
0xFD1D, 0xFE9F, 0xD9B5, 0xB870, 0xA06D, 0x884B, 0x804A, 0x7049, 0x6828, 0x6028, 0x5808, 0x5007, 0x5007, 0x4807, 0x4807, 0x4007,   // 0x01D0 (464) pixels
0x4007, 0x4007, 0x3828, 0x3828, 0x3829, 0x384A, 0x384A, 0x384C, 0x404D, 0x408F, 0x48B2, 0x58D5, 0x9ADC, 0xDD7E, 0x9ABE, 0x719B,   // 0x01E0 (480) pixels
0x5137, 0x40F5, 0x30B2, 0x288F, 0x206D, 0x204C, 0x182A, 0x1029, 0x1008, 0x1007, 0x0806, 0x0805, 0x0805, 0x0804, 0x0004, 0x0003,   // 0x01F0 (496) pixels
0x0002, 0x0002, 0x0002, 0x0002, 0x0002, 0x0000, 0x0000, 0x0000, 0x0000, 0x0000, 0x0000, 0x0000, 0x0000, 0x0000, 0x0000, 0x0000,   // 0x0200 (512) pixels
0xFEBF, 0xEC1A, 0xB870, 0xA86E, 0x906C, 0x804A, 0x7029, 0x6828, 0x6028, 0x5827, 0x5007, 0x4827, 0x4806, 0x4006, 0x4006, 0x3806,   // 0x0210 (528) pixels
0x3806, 0x3807, 0x3007, 0x3027, 0x3028, 0x3029, 0x302A, 0x304B, 0x304C, 0x386E, 0x4090, 0x48B3, 0x6177, 0xB41E, 0xC49F, 0x79FD,   // 0x0220 (544) pixels
0x5979, 0x4916, 0x38D3, 0x2891, 0x286E, 0x204C, 0x184B, 0x1049, 0x1028, 0x0827, 0x0807, 0x0806, 0x0805, 0x0804, 0x0004, 0x0004,   // 0x0230 (560) pixels
0x0003, 0x0003, 0x0002, 0x0002, 0x0002, 0x0000, 0x0000, 0x0000, 0x0000, 0x0000, 0x0000, 0x0000, 0x0000, 0x0000, 0x0000, 0x0000,   // 0x0240 (576) pixels
0xFE5F, 0xD995, 0xA8AF, 0x986D, 0x884B, 0x782A, 0x6828, 0x6028, 0x5807, 0x5007, 0x4806, 0x4806, 0x4006, 0x4006, 0x3806, 0x3806,   // 0x0250 (592) pixels
0x3006, 0x3006, 0x3007, 0x3027, 0x3028, 0x2829, 0x3029, 0x284A, 0x304C, 0x306D, 0x306F, 0x38B2, 0x40D5, 0x8AFC, 0xC4DF, 0x82BE,   // 0x0260 (608) pixels
0x599A, 0x4118, 0x38F4, 0x28B2, 0x208F, 0x204D, 0x182C, 0x102A, 0x1029, 0x1028, 0x0807, 0x0806, 0x0805, 0x0804, 0x0004, 0x0004,   // 0x0270 (624) pixels
0x0003, 0x0003, 0x0002, 0x0002, 0x0002, 0x0000, 0x0000, 0x0000, 0x0000, 0x0000, 0x0000, 0x0000, 0x0000, 0x0000, 0x0000, 0x0000,   // 0x0280 (640) pixels
0xF47C, 0xC8D3, 0xA08E, 0x904C, 0x784A, 0x7029, 0x6028, 0x5827, 0x5007, 0x4806, 0x4006, 0x4006, 0x3805, 0x3806, 0x3805, 0x3005,   // 0x0290 (656) pixels
0x3006, 0x2806, 0x2807, 0x2807, 0x2828, 0x2828, 0x2829, 0x202A, 0x284B, 0x284D, 0x286E, 0x3090, 0x30D4, 0x4957, 0xBD1F, 0x939F,   // 0x02A0 (672) pixels
0x51BB, 0x4158, 0x30F5, 0x28B2, 0x2090, 0x186E, 0x184C, 0x104B, 0x1029, 0x1028, 0x0807, 0x0806, 0x0805, 0x0805, 0x0004, 0x0004,   // 0x02B0 (688) pixels
0x0003, 0x0003, 0x0002, 0x0002, 0x0002, 0x0000, 0x0000, 0x0000, 0x0000, 0x0000, 0x0000, 0x0000, 0x0000, 0x0000, 0x0000, 0x0000,   // 0x02C0 (704) pixels
0xE319, 0xB891, 0x988D, 0x884B, 0x704A, 0x6828, 0x5828, 0x5007, 0x5007, 0x4806, 0x4006, 0x4006, 0x3805, 0x3005, 0x3005, 0x2805,   // 0x02D0 (720) pixels
0x2805, 0x2806, 0x2006, 0x2006, 0x2007, 0x2028, 0x2029, 0x202A, 0x202B, 0x204C, 0x206E, 0x2890, 0x28B3, 0x30F6, 0x93FD, 0xA49E,   // 0x02E0 (736) pixels
0x51DD, 0x4179, 0x3116, 0x28D3, 0x2091, 0x186E, 0x184D, 0x104B, 0x1029, 0x1028, 0x0807, 0x0806, 0x0805, 0x0805, 0x0004, 0x0004,   // 0x02F0 (752) pixels
0x0003, 0x0003, 0x0002, 0x0002, 0x0002, 0x0000, 0x0000, 0x0000, 0x0000, 0x0000, 0x0000, 0x0000, 0x0000, 0x0000, 0x0000, 0x0000,   // 0x0300 (768) pixels
0xD217, 0xA890, 0x906D, 0x804B, 0x7049, 0x6029, 0x5828, 0x5027, 0x4806, 0x4006, 0x3806, 0x3805, 0x3005, 0x3005, 0x2805, 0x2805,   // 0x0310 (784) pixels
0x2805, 0x2006, 0x2006, 0x2006, 0x1807, 0x1808, 0x1828, 0x1829, 0x184B, 0x184C, 0x186D, 0x2070, 0x20B2, 0x28D6, 0x631C, 0xAD5F,   // 0x0320 (800) pixels
0x4A1E, 0x399A, 0x3116, 0x28D4, 0x18B1, 0x186E, 0x184D, 0x104B, 0x102A, 0x0828, 0x0808, 0x0807, 0x0806, 0x0005, 0x0004, 0x0004,   // 0x0330 (816) pixels
0x0003, 0x0003, 0x0002, 0x0002, 0x0002, 0x0000, 0x0000, 0x0000, 0x0000, 0x0000, 0x0000, 0x0000, 0x0000, 0x0000, 0x0000, 0x0000,   // 0x0340 (832) pixels
0xC934, 0xA08F, 0x886C, 0x784B, 0x6829, 0x5828, 0x5027, 0x4827, 0x4006, 0x4006, 0x3805, 0x3805, 0x3005, 0x3005, 0x2805, 0x2005,   // 0x0350 (848) pixels
0x2005, 0x2005, 0x1806, 0x1806, 0x1807, 0x1808, 0x1028, 0x1829, 0x102A, 0x184C, 0x186D, 0x186F, 0x18B1, 0x20F5, 0x4A7B, 0xA59E,   // 0x0360 (864) pixels
0x423F, 0x31BB, 0x2937, 0x20D4, 0x18B2, 0x186F, 0x106D, 0x104B, 0x102A, 0x1029, 0x0808, 0x0807, 0x0806, 0x0005, 0x0004, 0x0004,   // 0x0370 (880) pixels
0x0003, 0x0003, 0x0002, 0x0002, 0x0002, 0x0000, 0x0000, 0x0000, 0x0000, 0x0000, 0x0000, 0x0000, 0x0000, 0x0000, 0x0000, 0x0000,   // 0x0380 (896) pixels
0xB8B3, 0x988F, 0x806C, 0x704B, 0x6029, 0x5829, 0x5027, 0x4807, 0x4006, 0x3806, 0x3005, 0x3005, 0x2805, 0x2805, 0x2005, 0x2005,   // 0x0390 (912) pixels
0x2006, 0x2006, 0x1806, 0x1807, 0x1007, 0x1008, 0x1029, 0x1029, 0x104A, 0x104C, 0x104D, 0x106F, 0x10B1, 0x18F4, 0x3A3B, 0x9D7F,   // 0x03A0 (928) pixels
0x3A7F, 0x29BB, 0x2137, 0x20F5, 0x18B2, 0x106F, 0x104D, 0x104B, 0x082A, 0x0829, 0x0808, 0x0807, 0x0806, 0x0005, 0x0004, 0x0004,   // 0x03B0 (944) pixels
0x0003, 0x0003, 0x0002, 0x0002, 0x0002, 0x0000, 0x0000, 0x0000, 0x0000, 0x0000, 0x0000, 0x0000, 0x0000, 0x0000, 0x0000, 0x0000,   // 0x03C0 (960) pixels
0xB893, 0x988F, 0x806C, 0x704B, 0x6029, 0x5028, 0x4827, 0x4027, 0x4006, 0x3806, 0x3005, 0x2805, 0x2805, 0x2805, 0x2005, 0x2005,   // 0x03D0 (976) pixels
0x1805, 0x1806, 0x1006, 0x1006, 0x1007, 0x1008, 0x1028, 0x1029, 0x084A, 0x084B, 0x086D, 0x108F, 0x1091, 0x10F4, 0x2A3B, 0x8D7F,   // 0x03E0 (992) pixels
0x329F, 0x21BB, 0x2158, 0x18F5, 0x10B2, 0x106F, 0x104D, 0x104B, 0x082A, 0x0829, 0x0808, 0x0807, 0x0806, 0x0005, 0x0004, 0x0004,   // 0x03F0 (1008) pixels
0x0003, 0x0003, 0x0002, 0x0002, 0x0002, 0x0000, 0x0000, 0x0000, 0x0000, 0x0000, 0x0000, 0x0000, 0x0000, 0x0000, 0x0000, 0x0000,   // 0x0400 (1024) pixels
0xB8B3, 0x9890, 0x806D, 0x684B, 0x6029, 0x5029, 0x4828, 0x4007, 0x3806, 0x3006, 0x3005, 0x2805, 0x2805, 0x2005, 0x2005, 0x1805,   // 0x0410 (1040) pixels
0x1805, 0x1806, 0x1006, 0x1006, 0x0807, 0x0808, 0x0828, 0x0829, 0x084B, 0x084C, 0x086D, 0x086F, 0x08B2, 0x08F4, 0x223B, 0x857F,   // 0x0420 (1056) pixels
0x1A9E, 0x19BB, 0x1958, 0x10F5, 0x10B2, 0x108F, 0x106D, 0x084B, 0x082A, 0x0829, 0x0808, 0x0807, 0x0806, 0x0005, 0x0004, 0x0004,   // 0x0430 (1072) pixels
0x0003, 0x0003, 0x0002, 0x0002, 0x0002, 0x0000, 0x0000, 0x0000, 0x0000, 0x0000, 0x0000, 0x0000, 0x0000, 0x0000, 0x0000, 0x0000,   // 0x0440 (1088) pixels
0xB935, 0x9090, 0x786D, 0x684B, 0x584A, 0x5029, 0x4828, 0x4007, 0x3807, 0x3006, 0x2806, 0x2806, 0x2006, 0x2006, 0x1806, 0x1806,   // 0x0450 (1104) pixels
0x1006, 0x1006, 0x1007, 0x0807, 0x0827, 0x0808, 0x0829, 0x082A, 0x084B, 0x004C, 0x006E, 0x088F, 0x00B2, 0x00F5, 0x1A7B, 0x857E,   // 0x0460 (1120) pixels
0x0A7E, 0x11BB, 0x1137, 0x10F5, 0x10B2, 0x106F, 0x106D, 0x084B, 0x082A, 0x0829, 0x0808, 0x0807, 0x0806, 0x0005, 0x0004, 0x0004,   // 0x0470 (1136) pixels
0x0003, 0x0003, 0x0002, 0x0002, 0x0002, 0x0000, 0x0000, 0x0000, 0x0000, 0x0000, 0x0000, 0x0000, 0x0000, 0x0000, 0x0000, 0x0000,   // 0x0480 (1152) pixels
0xC9F7, 0x9891, 0x786E, 0x684C, 0x584A, 0x5029, 0x4828, 0x3827, 0x3807, 0x3006, 0x2806, 0x2006, 0x2006, 0x2006, 0x1806, 0x1006,   // 0x0490 (1168) pixels
0x1006, 0x1006, 0x0807, 0x0807, 0x0808, 0x0808, 0x0029, 0x002A, 0x004B, 0x004C, 0x006E, 0x0090, 0x00B3, 0x0116, 0x2B1C, 0x7D5E,   // 0x04A0 (1184) pixels
0x023E, 0x099B, 0x1137, 0x10F4, 0x10B1, 0x086F, 0x086D, 0x084B, 0x084A, 0x0828, 0x0808, 0x0806, 0x0806, 0x0005, 0x0004, 0x0004,   // 0x04B0 (1200) pixels
0x0003, 0x0002, 0x0002, 0x0002, 0x0002, 0x0000, 0x0000, 0x0000, 0x0000, 0x0000, 0x0000, 0x0000, 0x0000, 0x0000, 0x0000, 0x0000,   // 0x04C0 (1216) pixels
0xDA9A, 0x98B2, 0x788E, 0x684D, 0x584B, 0x482A, 0x4029, 0x3828, 0x3008, 0x3007, 0x2807, 0x2007, 0x2006, 0x1807, 0x1806, 0x1007,   // 0x04D0 (1232) pixels
0x1007, 0x0807, 0x0807, 0x0808, 0x0028, 0x0029, 0x002A, 0x004B, 0x004C, 0x004D, 0x006E, 0x00B1, 0x00D3, 0x0117, 0x4C3D, 0x54BF,   // 0x04E0 (1248) pixels
0x01FE, 0x099A, 0x0917, 0x08D4, 0x0891, 0x086F, 0x084D, 0x084B, 0x082A, 0x0828, 0x0808, 0x0806, 0x0806, 0x0005, 0x0004, 0x0004,   // 0x04F0 (1264) pixels
0x0003, 0x0003, 0x0002, 0x0002, 0x0002, 0x0000, 0x0000, 0x0000, 0x0000, 0x0000, 0x0000, 0x0000, 0x0000, 0x0000, 0x0000, 0x0000,   // 0x0500 (1280) pixels
0xEB9D, 0xA0F4, 0x78B0, 0x686D, 0x584C, 0x484A, 0x4049, 0x3829, 0x3008, 0x3008, 0x2807, 0x2007, 0x1807, 0x1807, 0x1007, 0x1007,   // 0x0510 (1296) pixels
0x0807, 0x0807, 0x0808, 0x0028, 0x0029, 0x0029, 0x004A, 0x004B, 0x004D, 0x006E, 0x0070, 0x00B1, 0x00F4, 0x0179, 0x655F, 0x2BBF,   // 0x0520 (1312) pixels
0x01FD, 0x0179, 0x0916, 0x08D3, 0x0891, 0x086E, 0x084C, 0x084B, 0x0829, 0x0828, 0x0807, 0x0806, 0x0806, 0x0005, 0x0004, 0x0004,   // 0x0530 (1328) pixels
0x0003, 0x0002, 0x0002, 0x0002, 0x0001, 0x0000, 0x0000, 0x0000, 0x0000, 0x0000, 0x0000, 0x0000, 0x0000, 0x0000, 0x0000, 0x0000,   // 0x0540 (1344) pixels
0xFD3E, 0xB1B7, 0x80B2, 0x688E, 0x586D, 0x484B, 0x404A, 0x3829, 0x3029, 0x2828, 0x2808, 0x2028, 0x1807, 0x1807, 0x1007, 0x1027,   // 0x0550 (1360) pixels
0x0808, 0x0808, 0x0828, 0x0029, 0x0029, 0x002A, 0x004B, 0x004C, 0x004D, 0x008E, 0x0091, 0x00D3, 0x00F6, 0x235D, 0x651E, 0x12FF,   // 0x0560 (1376) pixels
0x01DB, 0x0159, 0x08F5, 0x08B2, 0x0890, 0x086E, 0x084C, 0x084B, 0x0829, 0x0808, 0x0007, 0x0806, 0x0006, 0x0005, 0x0004, 0x0004,   // 0x0570 (1392) pixels
0x0003, 0x0002, 0x0002, 0x0002, 0x0001, 0x0000, 0x0000, 0x0000, 0x0000, 0x0000, 0x0000, 0x0000, 0x0000, 0x0000, 0x0000, 0x0000,   // 0x0580 (1408) pixels
0xFD7F, 0xDB3B, 0x8893, 0x7090, 0x586E, 0x504C, 0x404B, 0x384A, 0x302A, 0x2829, 0x2829, 0x2028, 0x1808, 0x1808, 0x1028, 0x1008,   // 0x0590 (1424) pixels
0x0828, 0x0828, 0x0029, 0x0029, 0x002A, 0x004B, 0x004C, 0x004C, 0x006E, 0x008F, 0x00B2, 0x00D4, 0x0198, 0x443E, 0x5CFE, 0x025E,   // 0x05A0 (1440) pixels
0x019A, 0x0137, 0x08F4, 0x08B2, 0x0890, 0x084D, 0x084C, 0x084A, 0x0829, 0x0808, 0x0007, 0x0006, 0x0005, 0x0005, 0x0004, 0x0004,   // 0x05B0 (1456) pixels
0x0003, 0x0002, 0x0002, 0x0002, 0x0002, 0x0000, 0x0000, 0x0000, 0x0000, 0x0000, 0x0000, 0x0000, 0x0000, 0x0000, 0x0000, 0x0000,   // 0x05C0 (1472) pixels
0xEBFE, 0xFCFF, 0xA976, 0x70B2, 0x608F, 0x506E, 0x484C, 0x384B, 0x304B, 0x284A, 0x2029, 0x2029, 0x1829, 0x1029, 0x1029, 0x0829,   // 0x05D0 (1488) pixels
0x0829, 0x0829, 0x0029, 0x002A, 0x004B, 0x004C, 0x004C, 0x006E, 0x008F, 0x00B1, 0x00D3, 0x0116, 0x1ADC, 0x759E, 0x1B3E, 0x01FC,   // 0x05E0 (1504) pixels
0x0159, 0x0116, 0x08D3, 0x08B1, 0x086F, 0x084D, 0x084B, 0x082A, 0x0828, 0x0808, 0x0007, 0x0006, 0x0005, 0x0005, 0x0004, 0x0004,   // 0x05F0 (1520) pixels
0x0003, 0x0002, 0x0002, 0x0002, 0x0002, 0x0000, 0x0000, 0x0000, 0x0000, 0x0000, 0x0000, 0x0000, 0x0000, 0x0000, 0x0000, 0x0000,   // 0x0600 (1536) pixels
0xDA3D, 0xF53E, 0xE3BD, 0x8915, 0x68B2, 0x508F, 0x486E, 0x384C, 0x304B, 0x284B, 0x204A, 0x202A, 0x184A, 0x182A, 0x102A, 0x102A,   // 0x0610 (1552) pixels
0x082A, 0x084A, 0x004A, 0x004B, 0x004C, 0x004C, 0x006E, 0x008F, 0x0090, 0x00B2, 0x00D5, 0x09F9, 0x5CFF, 0x4C9E, 0x021E, 0x01BB,   // 0x0620 (1568) pixels
0x0137, 0x00F5, 0x00B2, 0x0890, 0x086E, 0x084C, 0x082B, 0x0829, 0x0008, 0x0807, 0x0006, 0x0006, 0x0005, 0x0004, 0x0004, 0x0003,   // 0x0630 (1584) pixels
0x0003, 0x0002, 0x0002, 0x0002, 0x0002, 0x0000, 0x0000, 0x0000, 0x0000, 0x0000, 0x0000, 0x0000, 0x0000, 0x0000, 0x0000, 0x0000,   // 0x0640 (1600) pixels
0xB97A, 0xDAFE, 0xF55F, 0xCB1B, 0x70D4, 0x58B2, 0x4890, 0x406E, 0x384D, 0x304C, 0x284B, 0x204B, 0x184B, 0x104B, 0x104B, 0x084B,   // 0x0650 (1616) pixels
0x084B, 0x004B, 0x004C, 0x004C, 0x004D, 0x006E, 0x008F, 0x00B1, 0x00B2, 0x00F4, 0x0179, 0x3C3E, 0x653E, 0x029E, 0x01DC, 0x0179,   // 0x0660 (1632) pixels
0x00F6, 0x00D3, 0x0091, 0x086F, 0x086D, 0x084B, 0x082A, 0x0829, 0x0028, 0x0007, 0x0006, 0x0005, 0x0005, 0x0004, 0x0004, 0x0003,   // 0x0670 (1648) pixels
0x0003, 0x0002, 0x0002, 0x0002, 0x0002, 0x0000, 0x0000, 0x0000, 0x0000, 0x0000, 0x0000, 0x0000, 0x0000, 0x0000, 0x0000, 0x0000,   // 0x0680 (1664) pixels
0xA158, 0xB99C, 0xDBDE, 0xF51F, 0xB2BA, 0x68D4, 0x50B2, 0x4090, 0x386F, 0x306D, 0x284D, 0x206D, 0x184C, 0x104C, 0x104C, 0x084C,   // 0x0690 (1680) pixels
0x084C, 0x006C, 0x006D, 0x006E, 0x006F, 0x0090, 0x00B1, 0x00D2, 0x00D4, 0x0178, 0x33FE, 0x657E, 0x1B1E, 0x01FD, 0x0179, 0x0137,   // 0x06A0 (1696) pixels
0x00F4, 0x00B2, 0x0090, 0x086E, 0x084C, 0x084B, 0x0829, 0x0028, 0x0028, 0x0807, 0x0006, 0x0005, 0x0004, 0x0004, 0x0003, 0x0003,   // 0x06B0 (1712) pixels
0x0002, 0x0002, 0x0002, 0x0001, 0x0001, 0x0000, 0x0000, 0x0000, 0x0000, 0x0000, 0x0000, 0x0000, 0x0000, 0x0000, 0x0000, 0x0000,   // 0x06C0 (1728) pixels
0x8916, 0x9958, 0xB1DC, 0xDBFE, 0xED1F, 0xB2FB, 0x6916, 0x4893, 0x4091, 0x3090, 0x286F, 0x206E, 0x186E, 0x106E, 0x106E, 0x086E,   // 0x06D0 (1744) pixels
0x086E, 0x006E, 0x008F, 0x0090, 0x0091, 0x00B2, 0x00D4, 0x00F5, 0x01B9, 0x3C1E, 0x6D7F, 0x1B3F, 0x01FD, 0x019A, 0x0137, 0x00F5,   // 0x06E0 (1760) pixels
0x00B2, 0x0891, 0x006E, 0x006D, 0x084C, 0x002A, 0x0829, 0x0028, 0x0027, 0x0006, 0x0006, 0x0005, 0x0004, 0x0004, 0x0003, 0x0003,   // 0x06F0 (1776) pixels
0x0002, 0x0002, 0x0002, 0x0001, 0x0001, 0x0000, 0x0000, 0x0000, 0x0000, 0x0000, 0x0000, 0x0000, 0x0000, 0x0000, 0x0000, 0x0000,   // 0x0700 (1792) pixels
0x70D4, 0x8116, 0x9179, 0xA9BC, 0xCBBE, 0xE53F, 0xBB9D, 0x71B8, 0x48D5, 0x38B3, 0x28B2, 0x20B1, 0x2091, 0x1890, 0x1090, 0x0890,   // 0x0710 (1808) pixels
0x0890, 0x0091, 0x0091, 0x00B2, 0x00B3, 0x00D5, 0x0157, 0x1A9B, 0x4C9E, 0x5D3E, 0x133E, 0x01FD, 0x019A, 0x0138, 0x00F5, 0x00D3,   // 0x0720 (1824) pixels
0x0091, 0x006F, 0x086E, 0x004C, 0x084B, 0x0029, 0x0028, 0x0007, 0x0007, 0x0006, 0x0005, 0x0005, 0x0004, 0x0004, 0x0003, 0x0003,   // 0x0730 (1840) pixels
0x0002, 0x0002, 0x0002, 0x0001, 0x0001, 0x0000, 0x0000, 0x0000, 0x0000, 0x0000, 0x0000, 0x0000, 0x0000, 0x0000, 0x0000, 0x0000,   // 0x0740 (1856) pixels
0x60B2, 0x68D4, 0x7917, 0x8958, 0x99BC, 0xB31E, 0xD4DF, 0xCC9F, 0x9B3C, 0x59B8, 0x38F6, 0x28D4, 0x20B4, 0x18B3, 0x10B3, 0x08B3,   // 0x0750 (1872) pixels
0x00B3, 0x00B4, 0x00D5, 0x00F6, 0x0158, 0x125B, 0x3BFD, 0x653E, 0x4CBF, 0x0ABE, 0x01DC, 0x019A, 0x0137, 0x00F6, 0x00D3, 0x00B2,   // 0x0760 (1888) pixels
0x088F, 0x086E, 0x084C, 0x004B, 0x004A, 0x0029, 0x0028, 0x0007, 0x0006, 0x0005, 0x0005, 0x0005, 0x0004, 0x0003, 0x0003, 0x0002,   // 0x0770 (1904) pixels
0x0002, 0x0002, 0x0002, 0x0001, 0x0001, 0x0000, 0x0000, 0x0000, 0x0000, 0x0000, 0x0000, 0x0000, 0x0000, 0x0000, 0x0000, 0x0000,   // 0x0780 (1920) pixels
0x5090, 0x58B2, 0x60D4, 0x6916, 0x7958, 0x819B, 0x923D, 0xB3BE, 0xC4DF, 0xBCBF, 0x93BE, 0x6ADB, 0x4A1A, 0x31B9, 0x2178, 0x1178,   // 0x0790 (1936) pixels
0x0998, 0x09D9, 0x1A7A, 0x2B5C, 0x445E, 0x651F, 0x54FF, 0x237E, 0x023E, 0x01DB, 0x0179, 0x0137, 0x00F5, 0x00D3, 0x00B2, 0x0090,   // 0x07A0 (1952) pixels
0x006E, 0x004D, 0x084B, 0x084A, 0x0029, 0x0028, 0x0027, 0x0007, 0x0006, 0x0005, 0x0005, 0x0004, 0x0003, 0x0003, 0x0003, 0x0002,   // 0x07B0 (1968) pixels
0x0002, 0x0002, 0x0002, 0x0001, 0x0001, 0x0000, 0x0000, 0x0000, 0x0000, 0x0000, 0x0000, 0x0000, 0x0000, 0x0000, 0x0000, 0x0000,   // 0x07C0 (1984) pixels
0x406E, 0x4890, 0x50B1, 0x58D3, 0x60F5, 0x6137, 0x697A, 0x71BC, 0x7A5D, 0x937E, 0xA47F, 0xACFF, 0x9CDF, 0x8CBF, 0x7C9F, 0x6C7F,   // 0x07D0 (2000) pixels
0x64BF, 0x64FF, 0x651F, 0x5CFF, 0x445F, 0x1B3E, 0x025D, 0x01DC, 0x019A, 0x0158, 0x0117, 0x00F5, 0x00D3, 0x0091, 0x0090, 0x086E,   // 0x07E0 (2016) pixels
0x084D, 0x004C, 0x082A, 0x0829, 0x0029, 0x0027, 0x0007, 0x0006, 0x0005, 0x0005, 0x0004, 0x0004, 0x0003, 0x0003, 0x0002, 0x0002,   // 0x07F0 (2032) pixels
0x0002, 0x0002, 0x0002, 0x0001, 0x0001, 0x0000, 0x0000, 0x0000, 0x0000, 0x0000, 0x0000, 0x0000, 0x0000, 0x0000, 0x0000, 0x0000,   // 0x0800 (2048) pixels
};

const unsigned short Ring_Stargate[2048] PROGMEM={
0x0000, 0x1061, 0x3144, 0x5A47, 0x6AC9, 0x4A48, 0x2986, 0x2945, 0x2125, 0x2125, 0x2945, 0x2986, 0x39C7, 0x39C7, 0x2986, 0x2966,   // 0x0010 (16) pixels
0x31A7, 0x31C7, 0x31A7, 0x3186, 0x2965, 0x2945, 0x2125, 0x2145, 0x2986, 0x4208, 0x62A9, 0x6288, 0x3164, 0x1061, 0x0041, 0x0021,   // 0x0020 (32) pixels
0x0841, 0x0841, 0x0020, 0x0020, 0x0020, 0x0020, 0x0020, 0x0020, 0x0000, 0x0000, 0x0000, 0x0000, 0x0000, 0x0000, 0x0000, 0x0000,   // 0x0030 (48) pixels
0x0000, 0x0000, 0x0000, 0x0000, 0x0000, 0x0000, 0x0000, 0x0000, 0x0000, 0x0000, 0x0000, 0x0000, 0x0000, 0x0000, 0x0000, 0x0000,   // 0x0040 (64) pixels
0x0000, 0x20E3, 0x6288, 0x836B, 0x7B2A, 0x4A07, 0x2125, 0x2965, 0x31A6, 0x31A6, 0x3186, 0x2988, 0x296A, 0x294B, 0x1907, 0x18E5,   // 0x0050 (80) pixels
0x1905, 0x2105, 0x2145, 0x2945, 0x2985, 0x31A6, 0x31A6, 0x3186, 0x2145, 0x3166, 0x730A, 0x8B8B, 0x6288, 0x2904, 0x0021, 0x0000,   // 0x0060 (96) pixels
0x0841, 0x0841, 0x0020, 0x0020, 0x0020, 0x0020, 0x0020, 0x0020, 0x0020, 0x0020, 0x0000, 0x0000, 0x0000, 0x0000, 0x0000, 0x0000,   // 0x0070 (112) pixels
0x0000, 0x0000, 0x0000, 0x0000, 0x0000, 0x0000, 0x0000, 0x0000, 0x0000, 0x0000, 0x0000, 0x0000, 0x0000, 0x0000, 0x0000, 0x0000,   // 0x0080 (128) pixels
0x0041, 0x2945, 0x62A9, 0x730A, 0x6288, 0x39A6, 0x2145, 0x2986, 0x31A7, 0x2987, 0x2148, 0x210A, 0x18EE, 0x10AF, 0x10AB, 0x0867,   // 0x0090 (144) pixels
0x0886, 0x0886, 0x10A7, 0x18E7, 0x2146, 0x2967, 0x3187, 0x31A7, 0x2145, 0x2945, 0x5A68, 0x7B0A, 0x62A9, 0x3185, 0x0882, 0x0021,   // 0x00A0 (160) pixels
0x0841, 0x0841, 0x0841, 0x0021, 0x0020, 0x0020, 0x0020, 0x0020, 0x0020, 0x0020, 0x0000, 0x0000, 0x0000, 0x0000, 0x0000, 0x0000,   // 0x00B0 (176) pixels
0x0000, 0x0000, 0x0000, 0x0000, 0x0000, 0x0000, 0x0000, 0x0000, 0x0000, 0x0000, 0x0000, 0x0000, 0x0000, 0x0000, 0x0000, 0x0000,   // 0x00C0 (192) pixels
0x18E3, 0x2965, 0x3186, 0x3165, 0x2944, 0x31A6, 0x31C7, 0x2967, 0x1907, 0x10C9, 0x088A, 0x088B, 0x1090, 0x1091, 0x086E, 0x086A,   // 0x00D0 (208) pixels
0x0848, 0x0869, 0x088C, 0x108B, 0x10A8, 0x1086, 0x18E6, 0x2947, 0x31A7, 0x31C6, 0x2965, 0x2945, 0x31A6, 0x3166, 0x18E4, 0x0862,   // 0x00E0 (224) pixels
0x0021, 0x0021, 0x0841, 0x0841, 0x0020, 0x0020, 0x0020, 0x0020, 0x0020, 0x0020, 0x0000, 0x0000, 0x0000, 0x0000, 0x0000, 0x0000,   // 0x00F0 (240) pixels
0x0000, 0x0000, 0x0000, 0x0000, 0x0000, 0x0000, 0x0000, 0x0000, 0x0000, 0x0000, 0x0000, 0x0000, 0x0000, 0x0000, 0x0000, 0x0000,   // 0x0100 (256) pixels
0x2145, 0x2986, 0x2125, 0x1904, 0x1904, 0x2967, 0x2969, 0x190A, 0x108A, 0x086A, 0x002B, 0x004C, 0x086F, 0x1092, 0x1092, 0x0870,   // 0x0110 (272) pixels
0x084D, 0x004C, 0x084D, 0x086D, 0x086B, 0x0848, 0x0866, 0x10C7, 0x2948, 0x31A8, 0x2145, 0x1904, 0x2145, 0x2966, 0x2945, 0x18C3,   // 0x0120 (288) pixels
0x0841, 0x0021, 0x0841, 0x0841, 0x0840, 0x0020, 0x0020, 0x0020, 0x0020, 0x0020, 0x0000, 0x0000, 0x0000, 0x0000, 0x0000, 0x0000,   // 0x0130 (304) pixels
0x0000, 0x0000, 0x0000, 0x0000, 0x0000, 0x0000, 0x0000, 0x0000, 0x0000, 0x0000, 0x0000, 0x0000, 0x0000, 0x0000, 0x0000, 0x0000,   // 0x0140 (320) pixels
0x2945, 0x2986, 0x2966, 0x3185, 0x31A6, 0x2948, 0x10CB, 0x088D, 0x086D, 0x086C, 0x086C, 0x086D, 0x108F, 0x10B1, 0x18D4, 0x10B4,   // 0x0150 (336) pixels
0x1092, 0x086F, 0x086E, 0x108F, 0x108E, 0x086B, 0x0849, 0x0848, 0x10A8, 0x2129, 0x31A8, 0x31C6, 0x2966, 0x2966, 0x2986, 0x2104,   // 0x0160 (352) pixels
0x0862, 0x0841, 0x0841, 0x0841, 0x0841, 0x0020, 0x0020, 0x0020, 0x0020, 0x0020, 0x0020, 0x0020, 0x0000, 0x0000, 0x0000, 0x0000,   // 0x0170 (368) pixels
0x0000, 0x0000, 0x0000, 0x0000, 0x0000, 0x0000, 0x0000, 0x0000, 0x0000, 0x0000, 0x0000, 0x0000, 0x0000, 0x0000, 0x0000, 0x0000,   // 0x0180 (384) pixels
0x2965, 0x3186, 0x31A6, 0x31A7, 0x2968, 0x18EA, 0x086B, 0x086D, 0x088E, 0x108F, 0x10B1, 0x18D3, 0x18D3, 0x10D4, 0x10B6, 0x18D7,   // 0x0190 (400) pixels
0x2117, 0x2115, 0x18F3, 0x18D2, 0x1091, 0x0870, 0x086D, 0x084B, 0x086A, 0x10AA, 0x2948, 0x31A7, 0x3186, 0x3186, 0x2986, 0x2145,   // 0x01A0 (416) pixels
0x18C3, 0x0861, 0x0021, 0x0841, 0x0841, 0x0020, 0x0020, 0x0020, 0x0020, 0x0020, 0x0020, 0x0020, 0x0000, 0x0000, 0x0000, 0x0000,   // 0x01B0 (432) pixels
0x0000, 0x0000, 0x0000, 0x0000, 0x0000, 0x0000, 0x0000, 0x0000, 0x0000, 0x0000, 0x0000, 0x0000, 0x0000, 0x0000, 0x0000, 0x0000,   // 0x01C0 (448) pixels
0x2966, 0x3186, 0x31C6, 0x2968, 0x18EB, 0x108B, 0x086C, 0x108D, 0x10B0, 0x10B3, 0x18F7, 0x2139, 0x2159, 0x2158, 0x2118, 0x2959,   // 0x01D0 (464) pixels
0x31BB, 0x39DA, 0x3199, 0x2137, 0x18D6, 0x18B5, 0x10B2, 0x088E, 0x084C, 0x086B, 0x10C9, 0x2947, 0x31A6, 0x31A6, 0x2986, 0x2965,   // 0x01E0 (480) pixels
0x2124, 0x1082, 0x0021, 0x0841, 0x0841, 0x0020, 0x0020, 0x0020, 0x0020, 0x0020, 0x0020, 0x0020, 0x0000, 0x0000, 0x0000, 0x0000,   // 0x01F0 (496) pixels
0x0000, 0x0000, 0x0000, 0x0000, 0x0000, 0x0000, 0x0000, 0x0000, 0x0000, 0x0000, 0x0000, 0x0000, 0x0000, 0x0000, 0x0000, 0x0000,   // 0x0200 (512) pixels
0x3186, 0x3186, 0x31A5, 0x2149, 0x10CE, 0x088D, 0x088D, 0x10B0, 0x10B4, 0x18D6, 0x18D9, 0x211A, 0x39DB, 0x423B, 0x39FA, 0x39DA,   // 0x0210 (528) pixels
0x39DA, 0x39DA, 0x31BB, 0x297A, 0x213A, 0x2959, 0x18F5, 0x0870, 0x004D, 0x084B, 0x0868, 0x18E7, 0x2987, 0x31C6, 0x3186, 0x2986,   // 0x0220 (544) pixels
0x2945, 0x10A3, 0x0041, 0x0841, 0x0841, 0x0841, 0x0020, 0x0020, 0x0020, 0x0020, 0x0020, 0x0020, 0x0000, 0x0000, 0x0000, 0x0000,   // 0x0230 (560) pixels
0x0000, 0x0000, 0x0000, 0x0000, 0x0000, 0x0000, 0x0000, 0x0000, 0x0000, 0x0000, 0x0000, 0x0000, 0x0000, 0x0000, 0x0000, 0x0000,   // 0x0240 (576) pixels
0x31A6, 0x3186, 0x2966, 0x18E9, 0x088C, 0x086D, 0x108F, 0x10B3, 0x10B7, 0x18D8, 0x211A, 0x319B, 0x425C, 0x5AFC, 0x633C, 0x633C,   // 0x0250 (592) pixels
0x631B, 0x529B, 0x421C, 0x39DC, 0x39DC, 0x39FD, 0x3199, 0x18D5, 0x0871, 0x088D, 0x084A, 0x1088, 0x2148, 0x31A7, 0x3186, 0x31A6,   // 0x0260 (608) pixels
0x3186, 0x1904, 0x0862, 0x0841, 0x0021, 0x0841, 0x0020, 0x0020, 0x0020, 0x0020, 0x0020, 0x0020, 0x0000, 0x0000, 0x0000, 0x0000,   // 0x0270 (624) pixels
0x0000, 0x0000, 0x0000, 0x0000, 0x0000, 0x0000, 0x0000, 0x0000, 0x0000, 0x0000, 0x0000, 0x0000, 0x0000, 0x0000, 0x0000, 0x0000,   // 0x0280 (640) pixels
0x31A6, 0x2986, 0x2127, 0x10A7, 0x0847, 0x086C, 0x1091, 0x10B4, 0x10B7, 0x18D8, 0x299A, 0x423B, 0x4A7B, 0x5B1C, 0x7BFD, 0x94BD,   // 0x0290 (656) pixels
0x94BD, 0x73DC, 0x529B, 0x423C, 0x423D, 0x4A7D, 0x421B, 0x2979, 0x18F4, 0x10B0, 0x086C, 0x0889, 0x2109, 0x2968, 0x2965, 0x39C6,   // 0x02A0 (672) pixels
0x39E7, 0x3165, 0x18C3, 0x0861, 0x0020, 0x0841, 0x0841, 0x0020, 0x0020, 0x0020, 0x0020, 0x0020, 0x0020, 0x0000, 0x0000, 0x0000,   // 0x02B0 (688) pixels
0x0000, 0x0000, 0x0000, 0x0000, 0x0000, 0x0000, 0x0000, 0x0000, 0x0000, 0x0000, 0x0000, 0x0000, 0x0000, 0x0000, 0x0000, 0x0000,   // 0x02C0 (704) pixels
0x31A6, 0x2966, 0x18E7, 0x0887, 0x0869, 0x088E, 0x10B4, 0x10B6, 0x10B8, 0x2119, 0x4A7B, 0x73BC, 0x6B9C, 0x739C, 0x843D, 0x9D1E,   // 0x02D0 (720) pixels
0xAD7E, 0x9D1D, 0x841C, 0x633C, 0x4A7C, 0x423C, 0x39DC, 0x31BC, 0x2958, 0x18D2, 0x086E, 0x088B, 0x18EA, 0x2148, 0x2986, 0x39C6,   // 0x02E0 (736) pixels
0x4A07, 0x6226, 0x49A4, 0x1882, 0x0000, 0x0841, 0x0841, 0x0020, 0x0020, 0x0020, 0x0020, 0x0020, 0x0020, 0x0000, 0x0000, 0x0000,   // 0x02F0 (752) pixels
0x0000, 0x0000, 0x0000, 0x0000, 0x0000, 0x0000, 0x0000, 0x0000, 0x0000, 0x0000, 0x0000, 0x0000, 0x0000, 0x0000, 0x0000, 0x0000,   // 0x0300 (768) pixels
0x31A6, 0x2967, 0x10A6, 0x0869, 0x10AE, 0x10D2, 0x18D6, 0x10B7, 0x18F8, 0x2979, 0x633C, 0x9CDD, 0x94DD, 0x8C7D, 0x8C7D, 0x94DD,   // 0x0310 (784) pixels
0xAD5E, 0xB5DE, 0xAD7E, 0x843D, 0x529C, 0x31BB, 0x297C, 0x31BC, 0x2959, 0x10B3, 0x1090, 0x108D, 0x10AA, 0x2128, 0x31A7, 0x39C6,   // 0x0320 (800) pixels
0x49E6, 0x82A7, 0x7A46, 0x20C2, 0x0000, 0x0841, 0x0021, 0x0020, 0x0020, 0x0020, 0x0020, 0x0020, 0x0020, 0x0000, 0x0000, 0x0000,   // 0x0330 (816) pixels
0x0000, 0x0000, 0x0000, 0x0000, 0x0000, 0x0000, 0x0000, 0x0000, 0x0000, 0x0000, 0x0000, 0x0000, 0x0000, 0x0000, 0x0000, 0x0000,   // 0x0340 (832) pixels
0x3186, 0x2147, 0x1087, 0x088B, 0x18D1, 0x18D4, 0x18D6, 0x2119, 0x319A, 0x39FA, 0x739C, 0xA53E, 0xBDDE, 0xBDFE, 0xB5BE, 0xB5BE,   // 0x0350 (848) pixels
0xB5BE, 0xBDFE, 0xB5BE, 0x8C7D, 0x5AFC, 0x4A7B, 0x39FC, 0x319C, 0x2117, 0x1092, 0x1091, 0x10AE, 0x1089, 0x1906, 0x2987, 0x31A6,   // 0x0360 (864) pixels
0x41A6, 0x6226, 0x59E5, 0x18A2, 0x0000, 0x0841, 0x0021, 0x0020, 0x0020, 0x0020, 0x0020, 0x0020, 0x0020, 0x0020, 0x0000, 0x0000,   // 0x0370 (880) pixels
0x0000, 0x0000, 0x0000, 0x0000, 0x0000, 0x0000, 0x0000, 0x0000, 0x0000, 0x0000, 0x0000, 0x0000, 0x0000, 0x0000, 0x0000, 0x0000,   // 0x0380 (896) pixels
0x2986, 0x2127, 0x1088, 0x086C, 0x18D1, 0x10B4, 0x18F6, 0x297A, 0x421C, 0x529B, 0x73BC, 0x9CFD, 0xBE1E, 0xDEDF, 0xE71F, 0xDEDF,   // 0x0390 (912) pixels
0xCE5E, 0xC63E, 0xBDDE, 0x949D, 0x6B7C, 0x631C, 0x423B, 0x295A, 0x10B5, 0x1072, 0x10B3, 0x18D0, 0x1089, 0x18E5, 0x2966, 0x31A6,   // 0x03A0 (928) pixels
0x3186, 0x3186, 0x2924, 0x1062, 0x0020, 0x0841, 0x0841, 0x0020, 0x0020, 0x0020, 0x0020, 0x0020, 0x0020, 0x0020, 0x0000, 0x0000,   // 0x03B0 (944) pixels
0x0000, 0x0000, 0x0000, 0x0000, 0x0000, 0x0000, 0x0000, 0x0000, 0x0000, 0x0000, 0x0000, 0x0000, 0x0000, 0x0000, 0x0000, 0x0000,   // 0x03C0 (960) pixels
0x3186, 0x2128, 0x1089, 0x084C, 0x086E, 0x1092, 0x18F6, 0x297A, 0x423C, 0x5ADC, 0x739C, 0x8C7D, 0xA55E, 0xCE7E, 0xF79F, 0xF7DF,   // 0x03D0 (976) pixels
0xE73F, 0xDEFF, 0xCE9F, 0xA53D, 0x739C, 0x5ADB, 0x31BA, 0x18F8, 0x1095, 0x1093, 0x18D6, 0x18F2, 0x1089, 0x18E4, 0x3187, 0x31A6,   // 0x03E0 (992) pixels
0x3186, 0x2945, 0x18E4, 0x0862, 0x0021, 0x0841, 0x0841, 0x0020, 0x0020, 0x0020, 0x0020, 0x0020, 0x0020, 0x0020, 0x0000, 0x0000,   // 0x03F0 (1008) pixels
0x0000, 0x0000, 0x0000, 0x0000, 0x0000, 0x0000, 0x0000, 0x0000, 0x0000, 0x0000, 0x0000, 0x0000, 0x0000, 0x0000, 0x0000, 0x0000,   // 0x0400 (1024) pixels
0x31A6, 0x2128, 0x108B, 0x004C, 0x086D, 0x1091, 0x18F6, 0x2959, 0x425B, 0x633C, 0x73BC, 0x7BFD, 0x8C9D, 0xB5DE, 0xEF5F, 0xFFFF,   // 0x0410 (1040) pixels
0xF79F, 0xE73F, 0xCE9F, 0xB59E, 0x7BFC, 0x4A7A, 0x2118, 0x10B7, 0x1095, 0x10B4, 0x18D5, 0x18D2, 0x108A, 0x18E6, 0x3187, 0x31A6,   // 0x0420 (1056) pixels
0x2966, 0x2945, 0x18E3, 0x0862, 0x0021, 0x0841, 0x0841, 0x0020, 0x0020, 0x0020, 0x0020, 0x0020, 0x0020, 0x0020, 0x0000, 0x0000,   // 0x0430 (1072) pixels
0x0000, 0x0000, 0x0000, 0x0000, 0x0000, 0x0000, 0x0000, 0x0000, 0x0000, 0x0000, 0x0000, 0x0000, 0x0000, 0x0000, 0x0000, 0x0000,   // 0x0440 (1088) pixels
0x31A6, 0x2149, 0x10AB, 0x086D, 0x088F, 0x10B2, 0x2116, 0x2958, 0x4A5B, 0x6B7C, 0x7BDD, 0x7BFD, 0x845D, 0xAD5D, 0xD6BF, 0xF79F,   // 0x0450 (1104) pixels
0xE73F, 0xD69F, 0xB5DE, 0xAD7E, 0x843D, 0x4219, 0x18D7, 0x18D7, 0x10B5, 0x10B3, 0x1092, 0x108F, 0x10AB, 0x2107, 0x3187, 0x31A6,   // 0x0460 (1120) pixels
0x2966, 0x2945, 0x18E3, 0x0861, 0x0021, 0x0841, 0x0841, 0x0020, 0x0020, 0x0020, 0x0020, 0x0020, 0x0020, 0x0020, 0x0000, 0x0000,   // 0x0470 (1136) pixels
0x0000, 0x0000, 0x0000, 0x0000, 0x0000, 0x0000, 0x0000, 0x0000, 0x0000, 0x0000, 0x0000, 0x0000, 0x0000, 0x0000, 0x0000, 0x0000,   // 0x0480 (1152) pixels
0x31A6, 0x2149, 0x10CD, 0x086E, 0x088E, 0x18D3, 0x2958, 0x319A, 0x423C, 0x5ADC, 0x633C, 0x73BC, 0x94BD, 0xB5DE, 0xC65E, 0xCE9E,   // 0x0490 (1168) pixels
0xC63E, 0xC61E, 0xB59E, 0x94DD, 0x6B5C, 0x39FA, 0x2139, 0x2139, 0x18F6, 0x10B3, 0x0870, 0x086C, 0x10AA, 0x2108, 0x2986, 0x39C6,   // 0x04A0 (1184) pixels
0x31A6, 0x2945, 0x18C3, 0x0861, 0x0021, 0x0841, 0x0841, 0x0020, 0x0020, 0x0020, 0x0020, 0x0020, 0x0020, 0x0020, 0x0000, 0x0000,   // 0x04B0 (1200) pixels
0x0000, 0x0000, 0x0000, 0x0000, 0x0000, 0x0000, 0x0000, 0x0000, 0x0000, 0x0000, 0x0000, 0x0000, 0x0000, 0x0000, 0x0000, 0x0000,   // 0x04C0 (1216) pixels
0x3185, 0x2948, 0x18EC, 0x088D, 0x088C, 0x18F3, 0x2979, 0x31DB, 0x39FC, 0x39FC, 0x4A5B, 0x633B, 0x9CFD, 0xC61E, 0xBDFE, 0xB59E,   // 0x04D0 (1232) pixels
0xA53D, 0xAD7E, 0xA55E, 0x73DC, 0x4A5B, 0x39FB, 0x31BB, 0x319A, 0x2116, 0x10B2, 0x086E, 0x086A, 0x18C9, 0x2127, 0x2965, 0x39C6,   // 0x04E0 (1248) pixels
0x39C7, 0x2945, 0x10A2, 0x0861, 0x0021, 0x0841, 0x0841, 0x0020, 0x0020, 0x0020, 0x0020, 0x0020, 0x0020, 0x0000, 0x0000, 0x0000,   // 0x04F0 (1264) pixels
0x0000, 0x0000, 0x0000, 0x0000, 0x0000, 0x0000, 0x0000, 0x0000, 0x0000, 0x0000, 0x0000, 0x0000, 0x0000, 0x0000, 0x0000, 0x0000,   // 0x0500 (1280) pixels
0x3185, 0x2946, 0x2109, 0x10AB, 0x086C, 0x10B0, 0x2115, 0x2138, 0x297A, 0x319B, 0x31BB, 0x423B, 0x6B5C, 0x94DD, 0xAD9E, 0xB5BE,   // 0x0510 (1296) pixels
0xA53E, 0x949D, 0x73BC, 0x52BB, 0x39FB, 0x39FC, 0x319A, 0x2137, 0x18D4, 0x1090, 0x084C, 0x0869, 0x1908, 0x2947, 0x2945, 0x31A6,   // 0x0520 (1312) pixels
0x31A7, 0x2104, 0x0862, 0x0841, 0x0841, 0x0841, 0x0840, 0x0020, 0x0020, 0x0020, 0x0020, 0x0020, 0x0000, 0x0000, 0x0000, 0x0000,   // 0x0530 (1328) pixels
0x0000, 0x0000, 0x0000, 0x0000, 0x0000, 0x0000, 0x0000, 0x0000, 0x0000, 0x0000, 0x0000, 0x0000, 0x0000, 0x0000, 0x0000, 0x0000,   // 0x0540 (1344) pixels
0x2985, 0x2945, 0x2946, 0x18E9, 0x086B, 0x086D, 0x1090, 0x1094, 0x18F7, 0x2959, 0x295A, 0x213A, 0x39FB, 0x633C, 0x949D, 0xA51E,   // 0x0550 (1360) pixels
0x8C7D, 0x633C, 0x423B, 0x39FB, 0x39DA, 0x319A, 0x2137, 0x18D4, 0x1090, 0x086D, 0x084A, 0x10A8, 0x2948, 0x3186, 0x2945, 0x3186,   // 0x0560 (1376) pixels
0x2986, 0x18C3, 0x0841, 0x0841, 0x0841, 0x0841, 0x0840, 0x0020, 0x0020, 0x0020, 0x0020, 0x0020, 0x0000, 0x0000, 0x0000, 0x0000,   // 0x0570 (1392) pixels
0x0000, 0x0000, 0x0000, 0x0000, 0x0000, 0x0000, 0x0000, 0x0000, 0x0000, 0x0000, 0x0000, 0x0000, 0x0000, 0x0000, 0x0000, 0x0000,   // 0x0580 (1408) pixels
0x2945, 0x2945, 0x31A7, 0x2128, 0x086A, 0x084B, 0x086E, 0x1092, 0x18D5, 0x18F6, 0x18D8, 0x2119, 0x39FC, 0x5B1D, 0x739C, 0x6B5B,   // 0x0590 (1424) pixels
0x529A, 0x421B, 0x39DB, 0x423B, 0x39F9, 0x2116, 0x1093, 0x1092, 0x086E, 0x086C, 0x088A, 0x18E8, 0x2988, 0x3186, 0x2125, 0x2965,   // 0x05A0 (1440) pixels
0x2966, 0x18C3, 0x0021, 0x0841, 0x0841, 0x0841, 0x0020, 0x0020, 0x0020, 0x0020, 0x0020, 0x0020, 0x0000, 0x0000, 0x0000, 0x0000,   // 0x05B0 (1456) pixels
0x0000, 0x0000, 0x0000, 0x0000, 0x0000, 0x0000, 0x0000, 0x0000, 0x0000, 0x0000, 0x0000, 0x0000, 0x0000, 0x0000, 0x0000, 0x0000,   // 0x05C0 (1472) pixels
0x39A6, 0x2945, 0x31A6, 0x2967, 0x18E8, 0x088B, 0x084E, 0x1091, 0x10B3, 0x18D5, 0x10B6, 0x18D7, 0x3199, 0x421A, 0x4219, 0x3198,   // 0x05D0 (1488) pixels
0x2117, 0x2119, 0x297B, 0x31BA, 0x31B8, 0x2958, 0x18F6, 0x18D3, 0x086D, 0x0869, 0x18E8, 0x2968, 0x2966, 0x3185, 0x39A6, 0x49E6,   // 0x05E0 (1504) pixels
0x41A5, 0x18C3, 0x0000, 0x0041, 0x0841, 0x0841, 0x0020, 0x0020, 0x0020, 0x0020, 0x0020, 0x0020, 0x0000, 0x0000, 0x0000, 0x0000,   // 0x05F0 (1520) pixels
0x0000, 0x0000, 0x0000, 0x0000, 0x0000, 0x0000, 0x0000, 0x0000, 0x0000, 0x0000, 0x0000, 0x0000, 0x0000, 0x0000, 0x0000, 0x0000,   // 0x0600 (1536) pixels
0x5A26, 0x3985, 0x2944, 0x2966, 0x2989, 0x18EC, 0x086F, 0x1090, 0x18B3, 0x18F6, 0x18D6, 0x10B4, 0x18F5, 0x2115, 0x18F5, 0x18D5,   // 0x0610 (1552) pixels
0x10B6, 0x18F8, 0x2119, 0x18F7, 0x2138, 0x39FD, 0x39FD, 0x2136, 0x088D, 0x0867, 0x2147, 0x31A7, 0x1925, 0x3165, 0x6247, 0x7AA7,   // 0x0620 (1568) pixels
0x6225, 0x20E2, 0x0000, 0x0041, 0x0841, 0x0841, 0x0020, 0x0020, 0x0020, 0x0020, 0x0020, 0x0020, 0x0000, 0x0000, 0x0000, 0x0000,   // 0x0630 (1584) pixels
0x0000, 0x0000, 0x0000, 0x0000, 0x0000, 0x0000, 0x0000, 0x0000, 0x0000, 0x0000, 0x0000, 0x0000, 0x0000, 0x0000, 0x0000, 0x0000,   // 0x0640 (1600) pixels
0x51E6, 0x3986, 0x2124, 0x2945, 0x3187, 0x2149, 0x18CC, 0x108D, 0x1090, 0x18D3, 0x10B3, 0x1072, 0x1093, 0x1094, 0x0873, 0x0852,   // 0x0650 (1616) pixels
0x0853, 0x1096, 0x18D8, 0x10B6, 0x18D6, 0x3179, 0x2976, 0x18EF, 0x18C9, 0x1906, 0x2965, 0x2985, 0x2125, 0x3185, 0x5A06, 0x6205,   // 0x0660 (1632) pixels
0x4963, 0x18A2, 0x0001, 0x0041, 0x0841, 0x0021, 0x0020, 0x0020, 0x0020, 0x0020, 0x0020, 0x0020, 0x0000, 0x0000, 0x0000, 0x0000,   // 0x0670 (1648) pixels
0x0000, 0x0000, 0x0000, 0x0000, 0x0000, 0x0000, 0x0000, 0x0000, 0x0000, 0x0000, 0x0000, 0x0000, 0x0000, 0x0000, 0x0000, 0x0000,   // 0x0680 (1664) pixels
0x3144, 0x3185, 0x2945, 0x2124, 0x2944, 0x2966, 0x2128, 0x10A9, 0x088C, 0x10CF, 0x18D1, 0x18F2, 0x18F4, 0x18F4, 0x18D2, 0x10D0,   // 0x0690 (1680) pixels
0x10D1, 0x18F4, 0x2137, 0x2136, 0x2114, 0x1911, 0x18CC, 0x10A7, 0x2106, 0x2985, 0x2144, 0x2104, 0x2965, 0x3166, 0x3144, 0x28E3,   // 0x06A0 (1696) pixels
0x1881, 0x0841, 0x0021, 0x0841, 0x0021, 0x0020, 0x0020, 0x0020, 0x0020, 0x0020, 0x0020, 0x0000, 0x0000, 0x0000, 0x0000, 0x0000,   // 0x06B0 (1712) pixels
0x0000, 0x0000, 0x0000, 0x0000, 0x0000, 0x0000, 0x0000, 0x0000, 0x0000, 0x0000, 0x0000, 0x0000, 0x0000, 0x0000, 0x0000, 0x0000,   // 0x06C0 (1728) pixels
0x20E3, 0x2924, 0x2125, 0x2104, 0x20E3, 0x2924, 0x2147, 0x18E8, 0x10CB, 0x212D, 0x31F1, 0x4273, 0x3A33, 0x29B2, 0x2991, 0x29B0,   // 0x06D0 (1744) pixels
0x3A11, 0x4274, 0x4A95, 0x3A33, 0x31F1, 0x3A31, 0x31EE, 0x212A, 0x2127, 0x2945, 0x20E3, 0x18E3, 0x2125, 0x2945, 0x2103, 0x18A2,   // 0x06E0 (1760) pixels
0x0841, 0x0841, 0x0041, 0x0841, 0x0020, 0x0020, 0x0020, 0x0020, 0x0020, 0x0020, 0x0000, 0x0000, 0x0000, 0x0000, 0x0000, 0x0000,   // 0x06F0 (1776) pixels
0x0000, 0x0000, 0x0000, 0x0000, 0x0000, 0x0000, 0x0000, 0x0000, 0x0000, 0x0000, 0x0000, 0x0000, 0x0000, 0x0000, 0x0000, 0x0000,   // 0x0700 (1792) pixels
0x20C3, 0x2103, 0x2104, 0x2104, 0x20E4, 0x2105, 0x2128, 0x214A, 0x29AD, 0x3A4F, 0x5332, 0x63D4, 0x6394, 0x5333, 0x4AF2, 0x5333,   // 0x0710 (1808) pixels
0x63D4, 0x7435, 0x7415, 0x5B52, 0x4AD0, 0x5311, 0x4290, 0x29CE, 0x214A, 0x2107, 0x18C4, 0x18C3, 0x18E3, 0x2104, 0x2903, 0x20E3,   // 0x0720 (1824) pixels
0x18A1, 0x0861, 0x0020, 0x0020, 0x0020, 0x0020, 0x0020, 0x0020, 0x0020, 0x0020, 0x0000, 0x0000, 0x0000, 0x0000, 0x0000, 0x0000,   // 0x0730 (1840) pixels
0x0000, 0x0000, 0x0000, 0x0000, 0x0000, 0x0000, 0x0000, 0x0000, 0x0000, 0x0000, 0x0000, 0x0000, 0x0000, 0x0000, 0x0000, 0x0000,   // 0x0740 (1856) pixels
0x3143, 0x2103, 0x18E3, 0x2104, 0x2147, 0x1908, 0x192A, 0x29AD, 0x42B1, 0x5B73, 0x63D4, 0x6BD4, 0x6C15, 0x6C35, 0x6C16, 0x6C57,   // 0x0750 (1872) pixels
0x7C97, 0x84B7, 0x7C96, 0x63D4, 0x4AF2, 0x4290, 0x320F, 0x29CE, 0x214C, 0x1909, 0x18E6, 0x18C3, 0x10A2, 0x20E3, 0x4164, 0x4984,   // 0x0760 (1888) pixels
0x3122, 0x1081, 0x0000, 0x0020, 0x0020, 0x0020, 0x0020, 0x0020, 0x0020, 0x0020, 0x0000, 0x0000, 0x0000, 0x0000, 0x0000, 0x0000,   // 0x0770 (1904) pixels
0x0000, 0x0000, 0x0000, 0x0000, 0x0000, 0x0000, 0x0000, 0x0000, 0x0000, 0x0000, 0x0000, 0x0000, 0x0000, 0x0000, 0x0000, 0x0000,   // 0x0780 (1920) pixels
0x3123, 0x20C3, 0x18A2, 0x2105, 0x2989, 0x192A, 0x192C, 0x31EF, 0x4B13, 0x63D5, 0x63F5, 0x63F5, 0x7CB7, 0x9579, 0x957A, 0x959A,   // 0x0790 (1936) pixels
0x959B, 0x959A, 0x8D39, 0x7CB7, 0x5B94, 0x3A71, 0x29AE, 0x29CD, 0x218D, 0x192B, 0x2128, 0x18E5, 0x1083, 0x20C3, 0x3964, 0x4984,   // 0x07A0 (1952) pixels
0x3923, 0x1081, 0x0000, 0x0020, 0x0020, 0x0020, 0x0020, 0x0020, 0x0020, 0x0020, 0x0000, 0x0000, 0x0000, 0x0000, 0x0000, 0x0000,   // 0x07B0 (1968) pixels
0x0000, 0x0000, 0x0000, 0x0000, 0x0000, 0x0000, 0x0000, 0x0000, 0x0000, 0x0000, 0x0000, 0x0000, 0x0000, 0x0000, 0x0000, 0x0000,   // 0x07C0 (1984) pixels
0x20C2, 0x18A2, 0x18A2, 0x2106, 0x298A, 0x214B, 0x214C, 0x31EF, 0x42D2, 0x5354, 0x5B95, 0x63F6, 0x8D5A, 0xAE5C, 0xAE5C, 0xAE5C,   // 0x07D0 (2000) pixels
0xB67D, 0xAE3C, 0x9DDB, 0x957A, 0x7457, 0x4AD2, 0x29CF, 0x29CD, 0x298D, 0x216C, 0x212A, 0x18E7, 0x18C5, 0x18C3, 0x20E3, 0x2903,   // 0x07E0 (2016) pixels
0x20E2, 0x1061, 0x0000, 0x0020, 0x0020, 0x0020, 0x0020, 0x0020, 0x0000, 0x0000, 0x0000, 0x0000, 0x0000, 0x0000, 0x0000, 0x0000,   // 0x07F0 (2032) pixels
0x0000, 0x0000, 0x0000, 0x0000, 0x0000, 0x0000, 0x0000, 0x0000, 0x0000, 0x0000, 0x0000, 0x0000, 0x0000, 0x0000, 0x0000, 0x0000,   // 0x0800 (2048) pixels
};

const unsigned short Square_Pink_2[2048] PROGMEM={
0x8810, 0xA013, 0xA814, 0xB014, 0xB014, 0xB014, 0xB015, 0xB014, 0xB014, 0xB014, 0xB014, 0xB014, 0xB014, 0xB014, 0xB014, 0xB014,   // 0x0010 (16) pixels
0xB014, 0xB014, 0xB014, 0xB014, 0xB014, 0xB014, 0xB015, 0xB015, 0xB015, 0xB014, 0xB014, 0xA813, 0x9011, 0x700D, 0x500A, 0x3807,   // 0x0020 (32) pixels
0x3005, 0x2003, 0x1002, 0x0801, 0x0000, 0x0000, 0x0000, 0x0000, 0x0000, 0x0000, 0x0000, 0x0000, 0x0000, 0x0000, 0x0000, 0x0000,   // 0x0030 (48) pixels
0x0000, 0x0000, 0x0000, 0x0000, 0x0000, 0x0000, 0x0000, 0x0000, 0x0000, 0x0000, 0x0000, 0x0000, 0x0000, 0x0000, 0x0000, 0x0000,   // 0x0040 (64) pixels
0xE21A, 0xF3DE, 0xFBBE, 0xFBBE, 0xFB9E, 0xFB9E, 0xFB9E, 0xFB9E, 0xFB9E, 0xFB9E, 0xFB9E, 0xFB7E, 0xFB7E, 0xFB7E, 0xFB7E, 0xFB7E,   // 0x0050 (80) pixels
0xFB7E, 0xFB7E, 0xFB7E, 0xFB7E, 0xFB7E, 0xFB9E, 0xFB9E, 0xFB9E, 0xFB9E, 0xFBBE, 0xFBBE, 0xF3DE, 0xEA9C, 0xA813, 0x700D, 0x4809,   // 0x0060 (96) pixels
0x3807, 0x2804, 0x1803, 0x0801, 0x0801, 0x0000, 0x0000, 0x0000, 0x0000, 0x0000, 0x0000, 0x0000, 0x0000, 0x0000, 0x0000, 0x0000,   // 0x0070 (112) pixels
0x0000, 0x0000, 0x0000, 0x0000, 0x0000, 0x0000, 0x0000, 0x0000, 0x0000, 0x0000, 0x0000, 0x0000, 0x0000, 0x0000, 0x0000, 0x0000,   // 0x0080 (128) pixels
0xFCDF, 0xF9BD, 0xE97C, 0xE97C, 0xE17B, 0xE17B, 0xE15B, 0xE15B, 0xE15B, 0xE15B, 0xE15B, 0xE15B, 0xE15B, 0xE15B, 0xE15B, 0xE15B,   // 0x0090 (144) pixels
0xE15B, 0xE15B, 0xE15B, 0xE15B, 0xE15B, 0xE15B, 0xE15B, 0xE15B, 0xE17B, 0xE97C, 0xE97C, 0xF19D, 0xFC7F, 0xE1FB, 0x880F, 0x580B,   // 0x00A0 (160) pixels
0x4007, 0x2805, 0x1803, 0x1002, 0x0801, 0x0000, 0x0000, 0x0000, 0x0000, 0x0000, 0x0000, 0x0000, 0x0000, 0x0000, 0x0000, 0x0000,   // 0x00B0 (176) pixels
0x0000, 0x0000, 0x0000, 0x0000, 0x0000, 0x0000, 0x0000, 0x0000, 0x0000, 0x0000, 0x0000, 0x0000, 0x0000, 0x0000, 0x0000, 0x0000,   // 0x00C0 (192) pixels
0xFB7F, 0xD819, 0xB815, 0xA814, 0xA013, 0xA012, 0x9812, 0x9012, 0x9011, 0x9011, 0x9011, 0x9011, 0x9011, 0x9811, 0x9811, 0x9811,   // 0x00D0 (208) pixels
0x9011, 0x9011, 0x9011, 0x9011, 0x9811, 0x9812, 0x9812, 0xA012, 0xA013, 0xA813, 0xB015, 0xD018, 0xFA7E, 0xEADD, 0x9812, 0x600B,   // 0x00E0 (224) pixels
0x4808, 0x3006, 0x2004, 0x1002, 0x0801, 0x0000, 0x0000, 0x0000, 0x0000, 0x0000, 0x0000, 0x0000, 0x0000, 0x0000, 0x0000, 0x0000,   // 0x00F0 (240) pixels
0x0000, 0x0000, 0x0000, 0x0000, 0x0000, 0x0000, 0x0000, 0x0000, 0x0000, 0x0000, 0x0000, 0x0000, 0x0000, 0x0000, 0x0000, 0x0000,   // 0x0100 (256) pixels
0xFB5E, 0xC017, 0x9812, 0x8810, 0x800F, 0x800F, 0x780F, 0x780E, 0x780E, 0x780E, 0x780E, 0x700D, 0x700D, 0x800F, 0xA9B4, 0x802F,   // 0x0110 (272) pixels
0x700D, 0x680D, 0x680C, 0x680D, 0x700D, 0x780E, 0x780E, 0x780E, 0x800F, 0x8810, 0x9812, 0xB816, 0xF29D, 0xF2BD, 0xA012, 0x680C,   // 0x0120 (288) pixels
0x4809, 0x3806, 0x2804, 0x1802, 0x0801, 0x0000, 0x0000, 0x0000, 0x0000, 0x0000, 0x0000, 0x0000, 0x0000, 0x0000, 0x0000, 0x0000,   // 0x0130 (304) pixels
0x0000, 0x0000, 0x0000, 0x0000, 0x0000, 0x0000, 0x0000, 0x0000, 0x0000, 0x0000, 0x0000, 0x0000, 0x0000, 0x0000, 0x0000, 0x0000,   // 0x0140 (320) pixels
0xFB5E, 0xB816, 0x9011, 0x800F, 0x780E, 0x700E, 0x700D, 0x700D, 0x782E, 0x700E, 0x700D, 0x680C, 0x600C, 0x700E, 0xDBDA, 0x808F,   // 0x0150 (336) pixels
0x600B, 0x580A, 0x580B, 0x600C, 0x682D, 0x680C, 0x680C, 0x680C, 0x700D, 0x780E, 0x8810, 0xB014, 0xF29D, 0xF2BD, 0xA013, 0x680C,   // 0x0160 (352) pixels
0x5009, 0x3806, 0x2804, 0x1802, 0x0801, 0x0000, 0x0000, 0x0000, 0x0000, 0x0000, 0x0000, 0x0000, 0x0000, 0x0000, 0x0000, 0x0000,   // 0x0170 (368) pixels
0x0000, 0x0000, 0x0000, 0x0000, 0x0000, 0x0000, 0x0000, 0x0000, 0x0000, 0x0000, 0x0000, 0x0000, 0x0000, 0x0000, 0x0000, 0x0000,   // 0x0180 (384) pixels
0xFB3E, 0xB815, 0x8810, 0x780E, 0x700D, 0x680C, 0x600C, 0x600C, 0x99B3, 0x9973, 0x600B, 0x580A, 0x580A, 0x600C, 0xBAB6, 0x686C,   // 0x0190 (400) pixels
0x5009, 0x4809, 0x5009, 0x812F, 0xAA94, 0x600B, 0x580A, 0x600B, 0x680C, 0x700D, 0x800F, 0xA814, 0xF27D, 0xF2BD, 0xA013, 0x700D,   // 0x01A0 (416) pixels
0x5009, 0x3807, 0x2805, 0x1803, 0x0801, 0x0000, 0x0000, 0x0000, 0x0000, 0x0000, 0x0000, 0x0000, 0x0000, 0x0000, 0x0000, 0x0000,   // 0x01B0 (432) pixels
0x0000, 0x0000, 0x0000, 0x0000, 0x0000, 0x0000, 0x0000, 0x0000, 0x0000, 0x0000, 0x0000, 0x0000, 0x0000, 0x0000, 0x0000, 0x0000,   // 0x01C0 (448) pixels
0xFB3E, 0xB015, 0x8810, 0x780E, 0x680C, 0x600B, 0x580B, 0x582B, 0x60AC, 0x9191, 0x504A, 0x4809, 0x4808, 0x4808, 0x4829, 0x4808,   // 0x01D0 (464) pixels
0x4008, 0x4008, 0x4809, 0xBB36, 0x794F, 0x5009, 0x5009, 0x580A, 0x600B, 0x700D, 0x800F, 0xA814, 0xF27D, 0xF2BD, 0xA013, 0x700D,   // 0x01E0 (480) pixels
0x5009, 0x3807, 0x2805, 0x1803, 0x0801, 0x0000, 0x0000, 0x0000, 0x0000, 0x0000, 0x0000, 0x0000, 0x0000, 0x0000, 0x0000, 0x0000,   // 0x01F0 (496) pixels
0x0000, 0x0000, 0x0000, 0x0000, 0x0000, 0x0000, 0x0000, 0x0000, 0x0000, 0x0000, 0x0000, 0x0000, 0x0000, 0x0000, 0x0000, 0x0000,   // 0x0200 (512) pixels
0xFB1E, 0xB015, 0x8810, 0x700E, 0x600C, 0x580B, 0x586B, 0x608C, 0x508A, 0x4068, 0x3847, 0x3006, 0x3006, 0x3006, 0x3806, 0x3806,   // 0x0210 (528) pixels
0x3807, 0x3806, 0x4027, 0x590B, 0x4808, 0x4008, 0x4808, 0x5009, 0x600B, 0x680C, 0x780E, 0xA813, 0xF27D, 0xF29D, 0xA013, 0x700D,   // 0x0220 (544) pixels
0x5009, 0x4007, 0x2805, 0x1803, 0x0801, 0x0000, 0x0000, 0x0000, 0x0000, 0x0000, 0x0000, 0x0000, 0x0000, 0x0000, 0x0000, 0x0000,   // 0x0230 (560) pixels
0x0000, 0x0000, 0x0000, 0x0000, 0x0000, 0x0000, 0x0000, 0x0000, 0x0000, 0x0000, 0x0000, 0x0000, 0x0000, 0x0000, 0x0000, 0x0000,   // 0x0240 (576) pixels
0xFB1E, 0xB015, 0x8810, 0x700E, 0x684D, 0x584B, 0x588B, 0x70CE, 0x58AB, 0x3867, 0x3046, 0x2845, 0x2825, 0x2805, 0x2805, 0x2805,   // 0x0250 (592) pixels
0x2805, 0x3005, 0x3005, 0x3006, 0x3807, 0x3807, 0x4008, 0x5009, 0x600B, 0x680C, 0x780E, 0xA813, 0xF27D, 0xF29D, 0xA013, 0x700D,   // 0x0260 (608) pixels
0x5009, 0x4007, 0x2805, 0x1803, 0x0801, 0x0000, 0x0000, 0x0000, 0x0000, 0x0000, 0x0000, 0x0000, 0x0000, 0x0000, 0x0000, 0x0000,   // 0x0270 (624) pixels
0x0000, 0x0000, 0x0000, 0x0000, 0x0000, 0x0000, 0x0000, 0x0000, 0x0000, 0x0000, 0x0000, 0x0000, 0x0000, 0x0000, 0x0000, 0x0000,   // 0x0280 (640) pixels
0xFB1E, 0xB015, 0x8010, 0x700E, 0x9992, 0x712E, 0x4889, 0x48A9, 0x40A8, 0x3887, 0x3086, 0x2865, 0x2845, 0x2845, 0x2805, 0x2805,   // 0x0290 (656) pixels
0x2805, 0x2805, 0x2805, 0x2805, 0x3006, 0x3806, 0x4808, 0x81B0, 0xB2B5, 0x700D, 0x780E, 0xA013, 0xEA5C, 0xF29D, 0xA013, 0x680D,   // 0x02A0 (672) pixels
0x5009, 0x4007, 0x2805, 0x1803, 0x1002, 0x0800, 0x0000, 0x0000, 0x0000, 0x0000, 0x0000, 0x0000, 0x0000, 0x0000, 0x0000, 0x0000,   // 0x02B0 (688) pixels
0x0000, 0x0000, 0x0000, 0x0000, 0x0000, 0x0000, 0x0000, 0x0000, 0x0000, 0x0000, 0x0000, 0x0000, 0x0000, 0x0000, 0x0000, 0x0000,   // 0x02C0 (704) pixels
0xFB1E, 0xB015, 0x800F, 0x680D, 0x688C, 0x612C, 0x3887, 0x3066, 0x3086, 0x3086, 0x3086, 0x2885, 0x2865, 0x2865, 0x2845, 0x2005,   // 0x02D0 (720) pixels
0x2004, 0x2004, 0x2804, 0x2805, 0x2805, 0x3005, 0x610B, 0xAAF5, 0x78EE, 0x680C, 0x700E, 0xA012, 0xEA5C, 0xF29D, 0xA013, 0x680D,   // 0x02E0 (736) pixels
0x5009, 0x4007, 0x2805, 0x1803, 0x1002, 0x0800, 0x0000, 0x0000, 0x0000, 0x0000, 0x0000, 0x0000, 0x0000, 0x0000, 0x0000, 0x0000,   // 0x02F0 (752) pixels
0x0000, 0x0000, 0x0000, 0x0000, 0x0000, 0x0000, 0x0000, 0x0000, 0x0000, 0x0000, 0x0000, 0x0000, 0x0000, 0x0000, 0x0000, 0x0000,   // 0x0300 (768) pixels
0xFAFE, 0xB015, 0x800F, 0x600C, 0x4809, 0x3807, 0x2805, 0x2845, 0x2865, 0x2885, 0x2885, 0x2885, 0x2885, 0x2865, 0x2865, 0x2024,   // 0x0310 (784) pixels
0x2004, 0x2004, 0x2004, 0x2004, 0x2804, 0x2805, 0x3807, 0x4808, 0x5009, 0x580B, 0x700D, 0xA012, 0xEA5C, 0xF29D, 0xA013, 0x680D,   // 0x0320 (800) pixels
0x5009, 0x3807, 0x2805, 0x1803, 0x1002, 0x0800, 0x0000, 0x0000, 0x0000, 0x0000, 0x0000, 0x0000, 0x0000, 0x0000, 0x0000, 0x0000,   // 0x0330 (816) pixels
0x0000, 0x0000, 0x0000, 0x0000, 0x0000, 0x0000, 0x0000, 0x0000, 0x0000, 0x0000, 0x0000, 0x0000, 0x0000, 0x0000, 0x0000, 0x0000,   // 0x0340 (832) pixels
0xFB1E, 0xB015, 0x800F, 0x600B, 0x4808, 0x3006, 0x2805, 0x2004, 0x2044, 0x2064, 0x2084, 0x2885, 0x2885, 0x2885, 0x2064, 0x2024,   // 0x0350 (848) pixels
0x2004, 0x2004, 0x2004, 0x2004, 0x2804, 0x2805, 0x3006, 0x4007, 0x4809, 0x580A, 0x700D, 0xA012, 0xEA5C, 0xF29D, 0xA013, 0x680C,   // 0x0360 (864) pixels
0x5009, 0x3807, 0x2805, 0x1803, 0x1002, 0x0800, 0x0000, 0x0000, 0x0000, 0x0000, 0x0000, 0x0000, 0x0000, 0x0000, 0x0000, 0x0000,   // 0x0370 (880) pixels
0x0000, 0x0000, 0x0000, 0x0000, 0x0000, 0x0000, 0x0000, 0x0000, 0x0000, 0x0000, 0x0000, 0x0000, 0x0000, 0x0000, 0x0000, 0x0000,   // 0x0380 (896) pixels
0xFB1E, 0xB015, 0x780F, 0x600B, 0x4808, 0x3006, 0x2804, 0x2004, 0x2024, 0x2044, 0x2064, 0x2064, 0x2064, 0x2064, 0x2044, 0x2024,   // 0x0390 (912) pixels
0x2004, 0x2004, 0x2004, 0x2004, 0x2004, 0x2805, 0x3006, 0x4007, 0x4808, 0x580B, 0x700D, 0xA013, 0xEA5D, 0xF29D, 0xA013, 0x680C,   // 0x03A0 (928) pixels
0x5009, 0x3807, 0x2805, 0x1803, 0x1002, 0x0800, 0x0000, 0x0000, 0x0000, 0x0000, 0x0000, 0x0000, 0x0000, 0x0000, 0x0000, 0x0000,   // 0x03B0 (944) pixels
0x0000, 0x0000, 0x0000, 0x0000, 0x0000, 0x0000, 0x0000, 0x0000, 0x0000, 0x0000, 0x0000, 0x0000, 0x0000, 0x0000, 0x0000, 0x0000,   // 0x03C0 (960) pixels
0xFB1E, 0xB816, 0x8850, 0x8110, 0x68CC, 0x3827, 0x2005, 0x2004, 0x2004, 0x2004, 0x2024, 0x2044, 0x2064, 0x2064, 0x2064, 0x2044,   // 0x03D0 (976) pixels
0x2004, 0x2004, 0x2004, 0x2004, 0x2004, 0x2805, 0x3006, 0x4008, 0x70ED, 0x8910, 0x8870, 0xA013, 0xEA5D, 0xF29D, 0xA013, 0x680C,   // 0x03E0 (992) pixels
0x5009, 0x3807, 0x2805, 0x1803, 0x1002, 0x0800, 0x0000, 0x0000, 0x0000, 0x0000, 0x0000, 0x0000, 0x0000, 0x0000, 0x0000, 0x0000,   // 0x03F0 (1008) pixels
0x0000, 0x0000, 0x0000, 0x0000, 0x0000, 0x0000, 0x0000, 0x0000, 0x0000, 0x0000, 0x0000, 0x0000, 0x0000, 0x0000, 0x0000, 0x0000,   // 0x0400 (1024) pixels
0xFB1E, 0xB015, 0x98F3, 0xC2D7, 0xAA35, 0x4088, 0x2805, 0x2004, 0x2004, 0x2004, 0x2004, 0x2024, 0x2024, 0x2064, 0x2044, 0x2044,   // 0x0410 (1040) pixels
0x2004, 0x2004, 0x2004, 0x2004, 0x2004, 0x2805, 0x3006, 0x4829, 0xAA95, 0xC317, 0xA133, 0xA813, 0xF25D, 0xF29D, 0xA013, 0x680D,   // 0x0420 (1056) pixels
0x5009, 0x3807, 0x2805, 0x1803, 0x1002, 0x0801, 0x0000, 0x0000, 0x0000, 0x0000, 0x0000, 0x0000, 0x0000, 0x0000, 0x0000, 0x0000,   // 0x0430 (1072) pixels
0x0000, 0x0000, 0x0000, 0x0000, 0x0000, 0x0000, 0x0000, 0x0000, 0x0000, 0x0000, 0x0000, 0x0000, 0x0000, 0x0000, 0x0000, 0x0000,   // 0x0440 (1088) pixels
0xFB1E, 0xB015, 0x800F, 0x700D, 0x500A, 0x3807, 0x2805, 0x2004, 0x2004, 0x2004, 0x2003, 0x2004, 0x1804, 0x2024, 0x2024, 0x2004,   // 0x0450 (1104) pixels
0x2004, 0x2004, 0x2004, 0x2004, 0x2004, 0x2805, 0x3006, 0x4008, 0x580A, 0x680C, 0x780E, 0xA013, 0xF25D, 0xF29D, 0xA013, 0x680D,   // 0x0460 (1120) pixels
0x5009, 0x3807, 0x2805, 0x1803, 0x1002, 0x0801, 0x0000, 0x0000, 0x0000, 0x0000, 0x0000, 0x0000, 0x0000, 0x0000, 0x0000, 0x0000,   // 0x0470 (1136) pixels
0x0000, 0x0000, 0x0000, 0x0000, 0x0000, 0x0000, 0x0000, 0x0000, 0x0000, 0x0000, 0x0000, 0x0000, 0x0000, 0x0000, 0x0000, 0x0000,   // 0x0480 (1152) pixels
0xFB1E, 0xB014, 0x780E, 0x600B, 0x5009, 0x3807, 0x2805, 0x2004, 0x2004, 0x2004, 0x2004, 0x2004, 0x2004, 0x2004, 0x2004, 0x2004,   // 0x0490 (1168) pixels
0x2004, 0x2004, 0x2004, 0x2004, 0x2004, 0x2805, 0x3006, 0x4007, 0x4809, 0x580B, 0x700D, 0xA012, 0xEA5C, 0xF29D, 0xA013, 0x680D,   // 0x04A0 (1184) pixels
0x5009, 0x3807, 0x2805, 0x1803, 0x1002, 0x0801, 0x0000, 0x0000, 0x0000, 0x0000, 0x0000, 0x0000, 0x0000, 0x0000, 0x0000, 0x0000,   // 0x04B0 (1200) pixels
0x0000, 0x0000, 0x0000, 0x0000, 0x0000, 0x0000, 0x0000, 0x0000, 0x0000, 0x0000, 0x0000, 0x0000, 0x0000, 0x0000, 0x0000, 0x0000,   // 0x04C0 (1216) pixels
0xFB1E, 0xB014, 0x780E, 0x600B, 0x500A, 0x4008, 0x3006, 0x2805, 0x2004, 0x2004, 0x2004, 0x2004, 0x2004, 0x2004, 0x2004, 0x2004,   // 0x04D0 (1232) pixels
0x2004, 0x2004, 0x2004, 0x2004, 0x2804, 0x2805, 0x3806, 0x4008, 0x5009, 0x600B, 0x700D, 0xA012, 0xEA5C, 0xF29D, 0xA013, 0x680D,   // 0x04E0 (1248) pixels
0x5009, 0x3807, 0x2805, 0x1803, 0x1002, 0x0801, 0x0000, 0x0000, 0x0000, 0x0000, 0x0000, 0x0000, 0x0000, 0x0000, 0x0000, 0x0000,   // 0x04F0 (1264) pixels
0x0000, 0x0000, 0x0000, 0x0000, 0x0000, 0x0000, 0x0000, 0x0000, 0x0000, 0x0000, 0x0000, 0x0000, 0x0000, 0x0000, 0x0000, 0x0000,   // 0x0500 (1280) pixels
0xFB1E, 0xB014, 0x780E, 0x600C, 0x580A, 0x68AC, 0x50CA, 0x3006, 0x2805, 0x2004, 0x2004, 0x2004, 0x2004, 0x2004, 0x2004, 0x2004,   // 0x0510 (1296) pixels
0x2004, 0x2004, 0x2004, 0x2004, 0x2804, 0x3006, 0x50A9, 0x68CC, 0x580A, 0x600B, 0x780D, 0xA012, 0xEA5C, 0xF29D, 0xA013, 0x680D,   // 0x0520 (1312) pixels
0x5009, 0x4007, 0x2805, 0x1803, 0x1002, 0x0801, 0x0000, 0x0000, 0x0000, 0x0000, 0x0000, 0x0000, 0x0000, 0x0000, 0x0000, 0x0000,   // 0x0530 (1328) pixels
0x0000, 0x0000, 0x0000, 0x0000, 0x0000, 0x0000, 0x0000, 0x0000, 0x0000, 0x0000, 0x0000, 0x0000, 0x0000, 0x0000, 0x0000, 0x0000,   // 0x0540 (1344) pixels
0xFB1E, 0xB014, 0x784F, 0x680C, 0x99F2, 0xC3B8, 0x692C, 0x3006, 0x3045, 0x2825, 0x2845, 0x2004, 0x2004, 0x2004, 0x2005, 0x2804,   // 0x0550 (1360) pixels
0x2004, 0x2004, 0x2004, 0x2825, 0x3025, 0x3006, 0x58CB, 0xC397, 0xAA74, 0x680C, 0x700D, 0x9812, 0xF27C, 0xF29D, 0xA013, 0x680D,   // 0x0560 (1376) pixels
0x5009, 0x4007, 0x2805, 0x1803, 0x1002, 0x0801, 0x0000, 0x0000, 0x0000, 0x0000, 0x0000, 0x0000, 0x0000, 0x0000, 0x0000, 0x0000,   // 0x0570 (1392) pixels
0x0000, 0x0000, 0x0000, 0x0000, 0x0000, 0x0000, 0x0000, 0x0000, 0x0000, 0x0000, 0x0000, 0x0000, 0x0000, 0x0000, 0x0000, 0x0000,   // 0x0580 (1408) pixels
0xF33D, 0xB015, 0x784E, 0x684D, 0x8990, 0x68AD, 0x4809, 0x4048, 0x3046, 0x3046, 0x2845, 0x2845, 0x2825, 0x2825, 0x2805, 0x2825,   // 0x0590 (1424) pixels
0x2845, 0x2825, 0x3045, 0x3045, 0x3046, 0x4047, 0x4828, 0x602B, 0x8970, 0x704D, 0x782E, 0x9812, 0xEA7C, 0xF2BD, 0xA013, 0x700D,   // 0x05A0 (1440) pixels
0x5009, 0x4007, 0x2805, 0x1803, 0x1002, 0x0801, 0x0000, 0x0000, 0x0000, 0x0000, 0x0000, 0x0000, 0x0000, 0x0000, 0x0000, 0x0000,   // 0x05B0 (1456) pixels
0x0000, 0x0000, 0x0000, 0x0000, 0x0000, 0x0000, 0x0000, 0x0000, 0x0000, 0x0000, 0x0000, 0x0000, 0x0000, 0x0000, 0x0000, 0x0000,   // 0x05C0 (1472) pixels
0xEB1C, 0xB015, 0x784F, 0x704D, 0x582B, 0x502A, 0x4829, 0x4868, 0x4048, 0x4007, 0x3847, 0x3867, 0x3046, 0x3046, 0x3046, 0x3046,   // 0x05D0 (1488) pixels
0x3046, 0x3046, 0x3847, 0x3807, 0x4027, 0x4048, 0x4848, 0x502A, 0x580B, 0x682C, 0x784E, 0x9812, 0xE29B, 0xF2BD, 0xA013, 0x700D,   // 0x05E0 (1504) pixels
0x5009, 0x4007, 0x2805, 0x1803, 0x0802, 0x0801, 0x0000, 0x0000, 0x0000, 0x0000, 0x0000, 0x0000, 0x0000, 0x0000, 0x0000, 0x0000,   // 0x05F0 (1520) pixels
0x0000, 0x0000, 0x0000, 0x0000, 0x0000, 0x0000, 0x0000, 0x0000, 0x0000, 0x0000, 0x0000, 0x0000, 0x0000, 0x0000, 0x0000, 0x0000,   // 0x0600 (1536) pixels
0xF33D, 0xA814, 0x804F, 0x702D, 0x604B, 0x584A, 0x5029, 0x5049, 0x502A, 0x9251, 0x58CA, 0x4047, 0x3847, 0x3867, 0x3827, 0x3827,   // 0x0610 (1552) pixels
0x3827, 0x3847, 0x4869, 0x8A71, 0x584A, 0x5029, 0x5029, 0x584A, 0x606B, 0x682D, 0x802F, 0x9811, 0xE29B, 0xF29D, 0xA013, 0x700D,   // 0x0620 (1568) pixels
0x5009, 0x4007, 0x2805, 0x1803, 0x1002, 0x0801, 0x0000, 0x0000, 0x0000, 0x0000, 0x0000, 0x0000, 0x0000, 0x0000, 0x0000, 0x0000,   // 0x0630 (1584) pixels
0x0000, 0x0000, 0x0000, 0x0000, 0x0000, 0x0000, 0x0000, 0x0000, 0x0000, 0x0000, 0x0000, 0x0000, 0x0000, 0x0000, 0x0000, 0x0000,   // 0x0640 (1600) pixels
0xEB3D, 0xB015, 0x8850, 0x782E, 0x684C, 0x604B, 0x584A, 0x580A, 0x89D1, 0xBB36, 0x502A, 0x4848, 0x4848, 0x4849, 0x79AF, 0x506A,   // 0x0650 (1616) pixels
0x4028, 0x4048, 0x5009, 0xA293, 0x9A73, 0x580A, 0x584A, 0x584A, 0x604C, 0x704D, 0x804F, 0xA813, 0xEA9C, 0xEABC, 0xA013, 0x700D,   // 0x0660 (1632) pixels
0x5009, 0x3807, 0x2805, 0x1803, 0x1001, 0x0800, 0x0000, 0x0000, 0x0000, 0x0000, 0x0000, 0x0000, 0x0000, 0x0000, 0x0000, 0x0000,   // 0x0670 (1648) pixels
0x0000, 0x0000, 0x0000, 0x0000, 0x0000, 0x0000, 0x0000, 0x0000, 0x0000, 0x0000, 0x0000, 0x0000, 0x0000, 0x0000, 0x0000, 0x0000,   // 0x0680 (1664) pixels
0xFB5E, 0xB816, 0x9011, 0x800F, 0x700E, 0x680C, 0x600B, 0x600B, 0x8971, 0x78AE, 0x580A, 0x580A, 0x500A, 0x600C, 0xD439, 0x708D,   // 0x0690 (1680) pixels
0x5009, 0x5009, 0x580A, 0x704C, 0x9191, 0x600C, 0x600B, 0x680C, 0x700D, 0x780E, 0x8810, 0xA814, 0xF27D, 0xF2BD, 0xA013, 0x680D,   // 0x06A0 (1696) pixels
0x5009, 0x3807, 0x2804, 0x1803, 0x0801, 0x0000, 0x0000, 0x0000, 0x0000, 0x0000, 0x0000, 0x0000, 0x0000, 0x0000, 0x0000, 0x0000,   // 0x06B0 (1712) pixels
0x0000, 0x0000, 0x0000, 0x0000, 0x0000, 0x0000, 0x0000, 0x0000, 0x0000, 0x0000, 0x0000, 0x0000, 0x0000, 0x0000, 0x0000, 0x0000,   // 0x06C0 (1728) pixels
0xFB5E, 0xC016, 0x9811, 0x8810, 0x780E, 0x780E, 0x700D, 0x700D, 0x680D, 0x680C, 0x600C, 0x600C, 0x600C, 0x700D, 0xCB78, 0x806F,   // 0x06D0 (1744) pixels
0x600B, 0x600B, 0x600B, 0x680C, 0x680C, 0x700D, 0x700D, 0x700D, 0x780E, 0x800F, 0x9011, 0xB015, 0xF29D, 0xF2BD, 0xA013, 0x680C,   // 0x06E0 (1760) pixels
0x5009, 0x3806, 0x2804, 0x1803, 0x0801, 0x0000, 0x0000, 0x0000, 0x0000, 0x0000, 0x0000, 0x0000, 0x0000, 0x0000, 0x0000, 0x0000,   // 0x06F0 (1776) pixels
0x0000, 0x0000, 0x0000, 0x0000, 0x0000, 0x0000, 0x0000, 0x0000, 0x0000, 0x0000, 0x0000, 0x0000, 0x0000, 0x0000, 0x0000, 0x0000,   // 0x0700 (1792) pixels
0xFB5E, 0xC818, 0xA013, 0x9811, 0x9010, 0x8810, 0x880F, 0x800F, 0x800F, 0x800F, 0x780E, 0x780E, 0x780E, 0x800F, 0x9051, 0x880F,   // 0x0710 (1808) pixels
0x780E, 0x780E, 0x780E, 0x800F, 0x800F, 0x800F, 0x8010, 0x8810, 0x9011, 0x9811, 0xA013, 0xC016, 0xF29E, 0xF2BD, 0xA012, 0x680C,   // 0x0720 (1824) pixels
0x4809, 0x3806, 0x2804, 0x1802, 0x0801, 0x0000, 0x0000, 0x0000, 0x0000, 0x0000, 0x0000, 0x0000, 0x0000, 0x0000, 0x0000, 0x0000,   // 0x0730 (1840) pixels
0x0000, 0x0000, 0x0000, 0x0000, 0x0000, 0x0000, 0x0000, 0x0000, 0x0000, 0x0000, 0x0000, 0x0000, 0x0000, 0x0000, 0x0000, 0x0000,   // 0x0740 (1856) pixels
0xFBDF, 0xE81C, 0xD018, 0xC017, 0xC017, 0xC016, 0xB816, 0xB816, 0xB816, 0xB815, 0xB015, 0xB015, 0xB015, 0xB815, 0xB015, 0xB815,   // 0x0750 (1872) pixels
0xB015, 0xB015, 0xB015, 0xB015, 0xB815, 0xB816, 0xB816, 0xB816, 0xC016, 0xC017, 0xC818, 0xE01B, 0xFB1F, 0xEABC, 0x9011, 0x600B,   // 0x0760 (1888) pixels
0x4008, 0x3006, 0x2004, 0x1002, 0x0801, 0x0000, 0x0000, 0x0000, 0x0000, 0x0000, 0x0000, 0x0000, 0x0000, 0x0000, 0x0000, 0x0000,   // 0x0770 (1904) pixels
0x0000, 0x0000, 0x0000, 0x0000, 0x0000, 0x0000, 0x0000, 0x0000, 0x0000, 0x0000, 0x0000, 0x0000, 0x0000, 0x0000, 0x0000, 0x0000,   // 0x0780 (1920) pixels
0xFC5E, 0xFC1F, 0xFBBF, 0xFBBE, 0xFBBE, 0xFB9E, 0xFB9E, 0xFB9E, 0xFB9E, 0xFB7E, 0xFB7E, 0xFB7E, 0xFB7E, 0xFB7E, 0xFB7E, 0xFB7E,   // 0x0790 (1936) pixels
0xFB7E, 0xFB7E, 0xFB7E, 0xFB7E, 0xFB7E, 0xFB9E, 0xFB9E, 0xFB9E, 0xFB9E, 0xFBBE, 0xFBBF, 0xFBDF, 0xFCBF, 0xC8F8, 0x780E, 0x500A,   // 0x07A0 (1952) pixels
0x3807, 0x2804, 0x1803, 0x1002, 0x0801, 0x0000, 0x0000, 0x0000, 0x0000, 0x0000, 0x0000, 0x0000, 0x0000, 0x0000, 0x0000, 0x0000,   // 0x07B0 (1968) pixels
0x0000, 0x0000, 0x0000, 0x0000, 0x0000, 0x0000, 0x0000, 0x0000, 0x0000, 0x0000, 0x0000, 0x0000, 0x0000, 0x0000, 0x0000, 0x0000,   // 0x07C0 (1984) pixels
0xB836, 0xD97A, 0xE19B, 0xE19B, 0xE17B, 0xE17B, 0xE17B, 0xE17A, 0xE17A, 0xE17A, 0xE17A, 0xE17A, 0xE17A, 0xE17A, 0xE17A, 0xE17A,   // 0x07D0 (2000) pixels
0xE17A, 0xE17A, 0xE17A, 0xD97A, 0xE17A, 0xE17A, 0xE17A, 0xE17B, 0xE17B, 0xE17B, 0xE19B, 0xD97A, 0xC077, 0x8810, 0x600B, 0x4808,   // 0x07E0 (2016) pixels
0x3006, 0x2004, 0x1802, 0x0801, 0x0000, 0x0000, 0x0000, 0x0000, 0x0000, 0x0000, 0x0000, 0x0000, 0x0000, 0x0000, 0x0000, 0x0000,   // 0x07F0 (2032) pixels
0x0000, 0x0000, 0x0000, 0x0000, 0x0000, 0x0000, 0x0000, 0x0000, 0x0000, 0x0000, 0x0000, 0x0000, 0x0000, 0x0000, 0x0000, 0x0000,   // 0x0800 (2048) pixels
};

const unsigned short Square_Pink[2048] PROGMEM={
0x4009, 0x7830, 0xA075, 0xA076, 0xA876, 0xB077, 0xB077, 0xB078, 0xB878, 0xB878, 0xB878, 0xA856, 0xA055, 0xA055, 0xA075, 0xA075,   // 0x0010 (16) pixels
0xA055, 0x9855, 0xA055, 0xB057, 0xB878, 0xB878, 0xB078, 0xB078, 0xB077, 0xA877, 0xA876, 0xA876, 0x9053, 0x580C, 0x3007, 0x2004,   // 0x0020 (32) pixels
0x1002, 0x0801, 0x0000, 0x0000, 0x0000, 0x0000, 0x0000, 0x0000, 0x0000, 0x0000, 0x0000, 0x0000, 0x0000, 0x0000, 0x0000, 0x0000,   // 0x0030 (48) pixels
0x0000, 0x0000, 0x0000, 0x0000, 0x0000, 0x0000, 0x0000, 0x0000, 0x0000, 0x0000, 0x0000, 0x0000, 0x0000, 0x0000, 0x0000, 0x0000,   // 0x0040 (64) pixels
0x9073, 0xD0FB, 0xC8DA, 0xC0DA, 0xC8DA, 0xC8DB, 0xD0DB, 0xD8DD, 0xF0FF, 0xF97F, 0xF9DF, 0xD0BC, 0xC099, 0xB8B8, 0xB8B8, 0xB8D8,   // 0x0050 (80) pixels
0xB8B8, 0xB8B9, 0xC89A, 0xE95E, 0xF9FF, 0xF93F, 0xE8DE, 0xD8DC, 0xD0DB, 0xC8DA, 0xC0DA, 0xC0DA, 0xD0DB, 0xB8D9, 0x580D, 0x2806,   // 0x0060 (96) pixels
0x1804, 0x0802, 0x0000, 0x0000, 0x0000, 0x0000, 0x0000, 0x0000, 0x0000, 0x0000, 0x0000, 0x0000, 0x0000, 0x0000, 0x0000, 0x0000,   // 0x0070 (112) pixels
0x0000, 0x0000, 0x0000, 0x0000, 0x0000, 0x0000, 0x0000, 0x0000, 0x0000, 0x0000, 0x0000, 0x0000, 0x0000, 0x0000, 0x0000, 0x0000,   // 0x0080 (128) pixels
0xC8FA, 0xA856, 0x7810, 0x7810, 0x8011, 0x8812, 0xA015, 0xC87B, 0xE8FF, 0xE0FD, 0xB878, 0x8833, 0x680F, 0x580D, 0x500C, 0x500B,   // 0x0090 (144) pixels
0x580C, 0x600D, 0x7830, 0xA056, 0xD0DB, 0xE91E, 0xE0BE, 0xB018, 0x9013, 0x8011, 0x7810, 0x7810, 0x8813, 0xD0FB, 0x9074, 0x3808,   // 0x00A0 (160) pixels
0x2005, 0x1002, 0x0801, 0x0000, 0x0000, 0x0000, 0x0000, 0x0000, 0x0000, 0x0000, 0x0000, 0x0000, 0x0000, 0x0000, 0x0000, 0x0000,   // 0x00B0 (176) pixels
0x0000, 0x0000, 0x0000, 0x0000, 0x0000, 0x0000, 0x0000, 0x0000, 0x0000, 0x0000, 0x0000, 0x0000, 0x0000, 0x0000, 0x0000, 0x0000,   // 0x00C0 (192) pixels
0xD0DB, 0x9033, 0x680F, 0x7010, 0x7811, 0xA035, 0xD0DB, 0xD0FB, 0xA076, 0x7810, 0x600D, 0x480A, 0x4009, 0x3008, 0x3007, 0x3007,   // 0x00D0 (208) pixels
0x3007, 0x4008, 0x4809, 0x500B, 0x680F, 0x9034, 0xC0BA, 0xE11D, 0xB878, 0x8012, 0x7010, 0x700F, 0x7810, 0xC0DA, 0xA8B7, 0x480A,   // 0x00E0 (224) pixels
0x2805, 0x1002, 0x0801, 0x0000, 0x0000, 0x0000, 0x0000, 0x0000, 0x0000, 0x0000, 0x0000, 0x0000, 0x0000, 0x0000, 0x0000, 0x0000,   // 0x00F0 (240) pixels
0x0000, 0x0000, 0x0000, 0x0000, 0x0000, 0x0000, 0x0000, 0x0000, 0x0000, 0x0000, 0x0000, 0x0000, 0x0000, 0x0000, 0x0000, 0x0000,   // 0x0100 (256) pixels
0xD0DB, 0x9034, 0x7010, 0x8011, 0xA857, 0xD8FD, 0xA876, 0x7010, 0x580C, 0x480A, 0x4008, 0x3007, 0x2806, 0x2004, 0x2004, 0x2004,   // 0x0110 (272) pixels
0x2004, 0x2805, 0x3006, 0x3808, 0x4809, 0x500C, 0x680F, 0xA055, 0xD91D, 0xC0B9, 0x8012, 0x7010, 0x7810, 0xC8FA, 0xB0B7, 0x480A,   // 0x0120 (288) pixels
0x2806, 0x1803, 0x0801, 0x0000, 0x0000, 0x0000, 0x0000, 0x0000, 0x0000, 0x0000, 0x0000, 0x0000, 0x0000, 0x0000, 0x0000, 0x0000,   // 0x0130 (304) pixels
0x0000, 0x0000, 0x0000, 0x0000, 0x0000, 0x0000, 0x0000, 0x0000, 0x0000, 0x0000, 0x0000, 0x0000, 0x0000, 0x0000, 0x0000, 0x0000,   // 0x0140 (320) pixels
0xD0DC, 0x9835, 0x7811, 0xA856, 0xE91E, 0xB899, 0x680E, 0x480A, 0x3807, 0x3007, 0x2805, 0x2004, 0x1803, 0x1002, 0x1002, 0x1002,   // 0x0150 (336) pixels
0x1002, 0x1803, 0x1804, 0x2005, 0x3006, 0x3808, 0x4809, 0x580C, 0x8833, 0xD91C, 0xC0BA, 0x8012, 0x8011, 0xC8FB, 0xB0B7, 0x500B,   // 0x0160 (352) pixels
0x3006, 0x1803, 0x0801, 0x0000, 0x0000, 0x0000, 0x0000, 0x0000, 0x0000, 0x0000, 0x0000, 0x0000, 0x0000, 0x0000, 0x0000, 0x0000,   // 0x0170 (368) pixels
0x0000, 0x0000, 0x0000, 0x0000, 0x0000, 0x0000, 0x0000, 0x0000, 0x0000, 0x0000, 0x0000, 0x0000, 0x0000, 0x0000, 0x0000, 0x0000,   // 0x0180 (384) pixels
0xD8DC, 0xA036, 0x9815, 0xD8DC, 0xD97B, 0x8032, 0x3808, 0x1003, 0x0000, 0x0000, 0x1803, 0x1002, 0x0801, 0x0801, 0x0001, 0x0801,   // 0x0190 (400) pixels
0x0801, 0x0801, 0x0802, 0x1003, 0x1804, 0x2805, 0x3007, 0x4009, 0x580C, 0x8832, 0xD91C, 0xB899, 0x9014, 0xD0FB, 0xB0B8, 0x500B,   // 0x01A0 (416) pixels
0x3007, 0x1804, 0x0801, 0x0000, 0x0000, 0x0000, 0x0000, 0x0000, 0x0000, 0x0000, 0x0000, 0x0000, 0x0000, 0x0000, 0x0000, 0x0000,   // 0x01B0 (432) pixels
0x0000, 0x0000, 0x0000, 0x0000, 0x0000, 0x0000, 0x0000, 0x0000, 0x0000, 0x0000, 0x0000, 0x0000, 0x0000, 0x0000, 0x0000, 0x0000,   // 0x01C0 (448) pixels
0xD8DC, 0xB839, 0xD0DC, 0xC8BA, 0x8072, 0x2805, 0x1803, 0x0801, 0x0000, 0x0000, 0x0000, 0x0000, 0x0000, 0x0000, 0x0000, 0x0000,   // 0x01D0 (464) pixels
0x0000, 0x0000, 0x0000, 0x0801, 0x0802, 0x1003, 0x2004, 0x3006, 0x4009, 0x580C, 0x9855, 0xE11D, 0xB839, 0xD8FC, 0xB8B8, 0x580C,   // 0x01E0 (480) pixels
0x3007, 0x2004, 0x0802, 0x0000, 0x0000, 0x0000, 0x0000, 0x0000, 0x0000, 0x0000, 0x0000, 0x0000, 0x0000, 0x0000, 0x0000, 0x0000,   // 0x01F0 (496) pixels
0x0000, 0x0000, 0x0000, 0x0000, 0x0000, 0x0000, 0x0000, 0x0000, 0x0000, 0x0000, 0x0000, 0x0000, 0x0000, 0x0000, 0x0000, 0x0000,   // 0x0200 (512) pixels
0xE0DD, 0xD89D, 0xE11D, 0x9033, 0x580C, 0x0801, 0x0000, 0x0000, 0x0000, 0x0000, 0x0000, 0x0000, 0x0000, 0x0000, 0x0000, 0x0000,   // 0x0210 (528) pixels
0x0000, 0x0000, 0x0000, 0x0000, 0x0000, 0x0801, 0x1002, 0x2004, 0x3007, 0x480A, 0x680F, 0xC0B9, 0xE0DE, 0xE8FE, 0xB8B8, 0x580C,   // 0x0220 (544) pixels
0x3807, 0x2004, 0x0802, 0x0000, 0x0000, 0x0000, 0x0000, 0x0000, 0x0000, 0x0000, 0x0000, 0x0000, 0x0000, 0x0000, 0x0000, 0x0000,   // 0x0230 (560) pixels
0x0000, 0x0000, 0x0000, 0x0000, 0x0000, 0x0000, 0x0000, 0x0000, 0x0000, 0x0000, 0x0000, 0x0000, 0x0000, 0x0000, 0x0000, 0x0000,   // 0x0240 (576) pixels
0xE8DE, 0xF93F, 0xB899, 0x680E, 0x4809, 0x0000, 0x0000, 0x0000, 0x0000, 0x0000, 0x0000, 0x0000, 0x0000, 0x0000, 0x0000, 0x0000,   // 0x0250 (592) pixels
0x0000, 0x0000, 0x0000, 0x0000, 0x0000, 0x0000, 0x0801, 0x1003, 0x2005, 0x3808, 0x500B, 0x8833, 0xE91E, 0xF95F, 0xB8B8, 0x580C,   // 0x0260 (608) pixels
0x3807, 0x2004, 0x0802, 0x0000, 0x0000, 0x0000, 0x0000, 0x0000, 0x0000, 0x0000, 0x0000, 0x0000, 0x0000, 0x0000, 0x0000, 0x0000,   // 0x0270 (624) pixels
0x0000, 0x0000, 0x0000, 0x0000, 0x0000, 0x0000, 0x0000, 0x0000, 0x0000, 0x0000, 0x0000, 0x0000, 0x0000, 0x0000, 0x0000, 0x0000,   // 0x0280 (640) pixels
0xE95E, 0xF17E, 0x8813, 0x500B, 0x3807, 0x2005, 0x0000, 0x0000, 0x0000, 0x0000, 0x0000, 0x0000, 0x0000, 0x0000, 0x0000, 0x0000,   // 0x0290 (656) pixels
0x0000, 0x0000, 0x0000, 0x0000, 0x0000, 0x0000, 0x0000, 0x0801, 0x1804, 0x3006, 0x4009, 0x680E, 0xC8BA, 0xFA3F, 0xC0B9, 0x580C,   // 0x02A0 (672) pixels
0x3807, 0x2004, 0x0801, 0x0000, 0x0000, 0x0000, 0x0000, 0x0000, 0x0000, 0x0000, 0x0000, 0x0000, 0x0000, 0x0000, 0x0000, 0x0000,   // 0x02B0 (688) pixels
0x0000, 0x0000, 0x0000, 0x0000, 0x0000, 0x0000, 0x0000, 0x0000, 0x0000, 0x0000, 0x0000, 0x0000, 0x0000, 0x0000, 0x0000, 0x0000,   // 0x02C0 (704) pixels
0xD8DC, 0xC8BA, 0x680E, 0x4009, 0x2806, 0x1804, 0x0802, 0x0000, 0x0000, 0x0000, 0x0000, 0x0000, 0x0000, 0x0000, 0x0000, 0x0000,   // 0x02D0 (720) pixels
0x0000, 0x0000, 0x0000, 0x0000, 0x0000, 0x0000, 0x0000, 0x0801, 0x1003, 0x2005, 0x3808, 0x500B, 0x9854, 0xE13D, 0xB097, 0x500B,   // 0x02E0 (736) pixels
0x3007, 0x2004, 0x0801, 0x0000, 0x0000, 0x0000, 0x0000, 0x0000, 0x0000, 0x0000, 0x0000, 0x0000, 0x0000, 0x0000, 0x0000, 0x0000,   // 0x02F0 (752) pixels
0x0000, 0x0000, 0x0000, 0x0000, 0x0000, 0x0000, 0x0000, 0x0000, 0x0000, 0x0000, 0x0000, 0x0000, 0x0000, 0x0000, 0x0000, 0x0000,   // 0x0300 (768) pixels
0xC09A, 0xA075, 0x500B, 0x3807, 0x2005, 0x1003, 0x0801, 0x0000, 0x0000, 0x0000, 0x0000, 0x0000, 0x0000, 0x0000, 0x0000, 0x0000,   // 0x0310 (784) pixels
0x0000, 0x0000, 0x0000, 0x0000, 0x0000, 0x0000, 0x0000, 0x0000, 0x0802, 0x1804, 0x3006, 0x400A, 0x7010, 0xC0BA, 0xA096, 0x480A,   // 0x0320 (800) pixels
0x3006, 0x1804, 0x0801, 0x0000, 0x0000, 0x0000, 0x0000, 0x0000, 0x0000, 0x0000, 0x0000, 0x0000, 0x0000, 0x0000, 0x0000, 0x0000,   // 0x0330 (816) pixels
0x0000, 0x0000, 0x0000, 0x0000, 0x0000, 0x0000, 0x0000, 0x0000, 0x0000, 0x0000, 0x0000, 0x0000, 0x0000, 0x0000, 0x0000, 0x0000,   // 0x0340 (832) pixels
0xC0BA, 0x8832, 0x480A, 0x3006, 0x2004, 0x1002, 0x0801, 0x0000, 0x0000, 0x0000, 0x0000, 0x0000, 0x0000, 0x0000, 0x0000, 0x0000,   // 0x0350 (848) pixels
0x0000, 0x0000, 0x0000, 0x0000, 0x0000, 0x0000, 0x0000, 0x0000, 0x0801, 0x1803, 0x2805, 0x3808, 0x600D, 0xC0D9, 0xA096, 0x480A,   // 0x0360 (864) pixels
0x3006, 0x1804, 0x0801, 0x0000, 0x0000, 0x0000, 0x0000, 0x0000, 0x0000, 0x0000, 0x0000, 0x0000, 0x0000, 0x0000, 0x0000, 0x0000,   // 0x0370 (880) pixels
0x0000, 0x0000, 0x0000, 0x0000, 0x0000, 0x0000, 0x0000, 0x0000, 0x0000, 0x0000, 0x0000, 0x0000, 0x0000, 0x0000, 0x0000, 0x0000,   // 0x0380 (896) pixels
0xC0DA, 0x7831, 0x4009, 0x2806, 0x1804, 0x0802, 0x0001, 0x0000, 0x0000, 0x0000, 0x0000, 0x0000, 0x0000, 0x0000, 0x0000, 0x0000,   // 0x0390 (912) pixels
0x0000, 0x0000, 0x0000, 0x0000, 0x0000, 0x0000, 0x0000, 0x0000, 0x0801, 0x1002, 0x2005, 0x3007, 0x580B, 0xB8D9, 0xA8B6, 0x480A,   // 0x03A0 (928) pixels
0x2806, 0x1803, 0x0801, 0x0000, 0x0000, 0x0000, 0x0000, 0x0000, 0x0000, 0x0000, 0x0000, 0x0000, 0x0000, 0x0000, 0x0000, 0x0000,   // 0x03B0 (944) pixels
0x0000, 0x0000, 0x0000, 0x0000, 0x0000, 0x0000, 0x0000, 0x0000, 0x0000, 0x0000, 0x0000, 0x0000, 0x0000, 0x0000, 0x0000, 0x0000,   // 0x03C0 (960) pixels
0xC8DA, 0x7830, 0x4008, 0x2805, 0x1803, 0x0801, 0x0001, 0x0000, 0x0000, 0x0000, 0x0000, 0x0000, 0x0000, 0x0000, 0x0000, 0x0000,   // 0x03D0 (976) pixels
0x0000, 0x0000, 0x0000, 0x0000, 0x0000, 0x0000, 0x0000, 0x0000, 0x0801, 0x1002, 0x2004, 0x3007, 0x500B, 0xB8F8, 0xA896, 0x480A,   // 0x03E0 (992) pixels
0x2806, 0x1803, 0x0801, 0x0000, 0x0000, 0x0000, 0x0000, 0x0000, 0x0000, 0x0000, 0x0000, 0x0000, 0x0000, 0x0000, 0x0000, 0x0000,   // 0x03F0 (1008) pixels
0x0000, 0x0000, 0x0000, 0x0000, 0x0000, 0x0000, 0x0000, 0x0000, 0x0000, 0x0000, 0x0000, 0x0000, 0x0000, 0x0000, 0x0000, 0x0000,   // 0x0400 (1024) pixels
0xC8BA, 0x7831, 0x4009, 0x2806, 0x1803, 0x0801, 0x0000, 0x0000, 0x0000, 0x0000, 0x0000, 0x0000, 0x0000, 0x0000, 0x0000, 0x0000,   // 0x0410 (1040) pixels
0x0000, 0x0000, 0x0000, 0x0000, 0x0000, 0x0000, 0x0000, 0x0000, 0x0801, 0x1002, 0x2004, 0x3007, 0x500B, 0xB8D9, 0xA8B6, 0x480A,   // 0x0420 (1056) pixels
0x2806, 0x1803, 0x0801, 0x0000, 0x0000, 0x0000, 0x0000, 0x0000, 0x0000, 0x0000, 0x0000, 0x0000, 0x0000, 0x0000, 0x0000, 0x0000,   // 0x0430 (1072) pixels
0x0000, 0x0000, 0x0000, 0x0000, 0x0000, 0x0000, 0x0000, 0x0000, 0x0000, 0x0000, 0x0000, 0x0000, 0x0000, 0x0000, 0x0000, 0x0000,   // 0x0440 (1088) pixels
0xC0BA, 0x8032, 0x480A, 0x3007, 0x1804, 0x0802, 0x0001, 0x0000, 0x0000, 0x0000, 0x0000, 0x0000, 0x0000, 0x0000, 0x0000, 0x0000,   // 0x0450 (1104) pixels
0x0000, 0x0000, 0x0000, 0x0000, 0x0000, 0x0000, 0x0000, 0x0000, 0x0801, 0x1002, 0x2805, 0x3808, 0x580D, 0xC0D9, 0xA096, 0x480A,   // 0x0460 (1120) pixels
0x2806, 0x1803, 0x0801, 0x0000, 0x0000, 0x0000, 0x0000, 0x0000, 0x0000, 0x0000, 0x0000, 0x0000, 0x0000, 0x0000, 0x0000, 0x0000,   // 0x0470 (1136) pixels
0x0000, 0x0000, 0x0000, 0x0000, 0x0000, 0x0000, 0x0000, 0x0000, 0x0000, 0x0000, 0x0000, 0x0000, 0x0000, 0x0000, 0x0000, 0x0000,   // 0x0480 (1152) pixels
0xC0BA, 0x9875, 0x500B, 0x3808, 0x2805, 0x1003, 0x0801, 0x0000, 0x0000, 0x0000, 0x0000, 0x0000, 0x0000, 0x0000, 0x0000, 0x0000,   // 0x0490 (1168) pixels
0x0000, 0x0000, 0x0000, 0x0000, 0x0000, 0x0000, 0x0000, 0x0000, 0x0802, 0x1803, 0x2806, 0x4009, 0x700F, 0xC0BA, 0xA096, 0x480A,   // 0x04A0 (1184) pixels
0x3006, 0x1804, 0x0801, 0x0000, 0x0000, 0x0000, 0x0000, 0x0000, 0x0000, 0x0000, 0x0000, 0x0000, 0x0000, 0x0000, 0x0000, 0x0000,   // 0x04B0 (1200) pixels
0x0000, 0x0000, 0x0000, 0x0000, 0x0000, 0x0000, 0x0000, 0x0000, 0x0000, 0x0000, 0x0000, 0x0000, 0x0000, 0x0000, 0x0000, 0x0000,   // 0x04C0 (1216) pixels
0xD0DC, 0xC0BA, 0x680E, 0x4009, 0x3006, 0x1803, 0x0802, 0x0000, 0x0000, 0x0000, 0x0000, 0x0000, 0x0000, 0x0000, 0x0000, 0x0000,   // 0x04D0 (1232) pixels
0x0000, 0x0000, 0x0000, 0x0000, 0x0000, 0x0000, 0x0000, 0x0801, 0x1003, 0x2005, 0x3007, 0x500B, 0x9054, 0xE11D, 0xB097, 0x500B,   // 0x04E0 (1248) pixels
0x3007, 0x1804, 0x0801, 0x0000, 0x0000, 0x0000, 0x0000, 0x0000, 0x0000, 0x0000, 0x0000, 0x0000, 0x0000, 0x0000, 0x0000, 0x0000,   // 0x04F0 (1264) pixels
0x0000, 0x0000, 0x0000, 0x0000, 0x0000, 0x0000, 0x0000, 0x0000, 0x0000, 0x0000, 0x0000, 0x0000, 0x0000, 0x0000, 0x0000, 0x0000,   // 0x0500 (1280) pixels
0xF15E, 0xF19E, 0x8833, 0x500B, 0x3807, 0x2004, 0x1002, 0x0801, 0x0000, 0x0000, 0x0000, 0x0000, 0x0000, 0x0000, 0x0000, 0x0000,   // 0x0510 (1296) pixels
0x0000, 0x0000, 0x0000, 0x0000, 0x0000, 0x0000, 0x0000, 0x0801, 0x1804, 0x2806, 0x4009, 0x600D, 0xC0B9, 0xFA5F, 0xB8B8, 0x580C,   // 0x0520 (1312) pixels
0x3007, 0x1804, 0x0801, 0x0000, 0x0000, 0x0000, 0x0000, 0x0000, 0x0000, 0x0000, 0x0000, 0x0000, 0x0000, 0x0000, 0x0000, 0x0000,   // 0x0530 (1328) pixels
0x0000, 0x0000, 0x0000, 0x0000, 0x0000, 0x0000, 0x0000, 0x0000, 0x0000, 0x0000, 0x0000, 0x0000, 0x0000, 0x0000, 0x0000, 0x0000,   // 0x0540 (1344) pixels
0xE8FE, 0xF95F, 0xB0D7, 0x600D, 0x4009, 0x3006, 0x1803, 0x1002, 0x1042, 0x0841, 0x0841, 0x0841, 0x0000, 0x0000, 0x0000, 0x0000,   // 0x0550 (1360) pixels
0x0000, 0x0000, 0x0000, 0x0000, 0x0841, 0x0821, 0x0801, 0x1003, 0x2005, 0x3807, 0x500B, 0x8832, 0xE13D, 0xF97F, 0xC0B9, 0x580C,   // 0x0560 (1376) pixels
0x3007, 0x2004, 0x0801, 0x0000, 0x0000, 0x0000, 0x0000, 0x0000, 0x0000, 0x0000, 0x0000, 0x0000, 0x0000, 0x0000, 0x0000, 0x0000,   // 0x0570 (1392) pixels
0x0000, 0x0000, 0x0000, 0x0000, 0x0000, 0x0000, 0x0000, 0x0000, 0x0000, 0x0000, 0x0000, 0x0000, 0x0000, 0x0000, 0x0000, 0x0000,   // 0x0580 (1408) pixels
0xD8FC, 0xE0FD, 0xD11B, 0x8051, 0x504B, 0x4048, 0x2826, 0x2865, 0x1843, 0x1042, 0x0821, 0x1062, 0x0861, 0x0841, 0x0821, 0x0821,   // 0x0590 (1424) pixels
0x0841, 0x0861, 0x0841, 0x1062, 0x0841, 0x1042, 0x1844, 0x2045, 0x3027, 0x4829, 0x602D, 0xB8F8, 0xE11D, 0xE13D, 0xB8F8, 0x580D,   // 0x05A0 (1440) pixels
0x3808, 0x2004, 0x0801, 0x0000, 0x0000, 0x0000, 0x0000, 0x0000, 0x0000, 0x0000, 0x0000, 0x0000, 0x0000, 0x0000, 0x0000, 0x0000,   // 0x05B0 (1456) pixels
0x0000, 0x0000, 0x0000, 0x0000, 0x0000, 0x0000, 0x0000, 0x0000, 0x0000, 0x0000, 0x0000, 0x0000, 0x0000, 0x0000, 0x0000, 0x0000,   // 0x05C0 (1472) pixels
0xD11B, 0xB879, 0xC8FB, 0xC0FA, 0x684E, 0x484A, 0x3827, 0x2846, 0x2044, 0x1023, 0x1022, 0x0842, 0x0821, 0x0841, 0x0842, 0x0861,   // 0x05D0 (1488) pixels
0x0821, 0x0841, 0x0842, 0x1042, 0x1022, 0x1843, 0x2865, 0x3026, 0x4049, 0x584C, 0x9074, 0xE13D, 0xB078, 0xC91A, 0xB8D8, 0x580C,   // 0x05E0 (1504) pixels
0x3808, 0x2004, 0x0801, 0x0000, 0x0000, 0x0000, 0x0000, 0x0000, 0x0000, 0x0000, 0x0000, 0x0000, 0x0000, 0x0000, 0x0000, 0x0000,   // 0x05F0 (1520) pixels
0x0000, 0x0000, 0x0000, 0x0000, 0x0000, 0x0000, 0x0000, 0x0000, 0x0000, 0x0000, 0x0000, 0x0000, 0x0000, 0x0000, 0x0000, 0x0000,   // 0x0600 (1536) pixels
0xC91B, 0xA075, 0x9875, 0xD93C, 0xA8B6, 0x602D, 0x482A, 0x3848, 0x3046, 0x2045, 0x1844, 0x1843, 0x1042, 0x1042, 0x1883, 0x1042,   // 0x0610 (1552) pixels
0x0821, 0x1042, 0x1043, 0x1843, 0x2044, 0x2025, 0x3047, 0x4049, 0x504B, 0x8091, 0xD11B, 0xC0DA, 0x9033, 0xC91A, 0xB0D7, 0x580C,   // 0x0620 (1568) pixels
0x3007, 0x2004, 0x0801, 0x0000, 0x0000, 0x0000, 0x0000, 0x0000, 0x0000, 0x0000, 0x0000, 0x0000, 0x0000, 0x0000, 0x0000, 0x0000,   // 0x0630 (1584) pixels
0x0000, 0x0000, 0x0000, 0x0000, 0x0000, 0x0000, 0x0000, 0x0000, 0x0000, 0x0000, 0x0000, 0x0000, 0x0000, 0x0000, 0x0000, 0x0000,   // 0x0640 (1600) pixels
0xC8FB, 0x9875, 0x8031, 0xA876, 0xD95C, 0xA8B6, 0x602E, 0x502B, 0x4029, 0x3847, 0x3046, 0x2845, 0x2044, 0x1823, 0x1823, 0x1843,   // 0x0650 (1616) pixels
0x1823, 0x1843, 0x2024, 0x2825, 0x3026, 0x3848, 0x4809, 0x582C, 0x8051, 0xD11B, 0xC0F9, 0x8832, 0x8032, 0xC91B, 0xB0F7, 0x580B,   // 0x0660 (1632) pixels
0x3007, 0x1803, 0x0801, 0x0000, 0x0000, 0x0000, 0x0000, 0x0000, 0x0000, 0x0000, 0x0000, 0x0000, 0x0000, 0x0000, 0x0000, 0x0000,   // 0x0670 (1648) pixels
0x0000, 0x0000, 0x0000, 0x0000, 0x0000, 0x0000, 0x0000, 0x0000, 0x0000, 0x0000, 0x0000, 0x0000, 0x0000, 0x0000, 0x0000, 0x0000,   // 0x0680 (1664) pixels
0xD0DC, 0x9834, 0x7010, 0x7810, 0xA857, 0xE11D, 0xB898, 0x7810, 0x580C, 0x480A, 0x3808, 0x3007, 0x2805, 0x2005, 0x2004, 0x2004,   // 0x0690 (1680) pixels
0x2004, 0x2805, 0x3006, 0x3807, 0x4009, 0x500B, 0x600E, 0x9854, 0xD8FC, 0xC8BA, 0x8813, 0x7810, 0x7811, 0xC8FA, 0xB0B7, 0x480A,   // 0x06A0 (1696) pixels
0x3006, 0x1803, 0x0801, 0x0000, 0x0000, 0x0000, 0x0000, 0x0000, 0x0000, 0x0000, 0x0000, 0x0000, 0x0000, 0x0000, 0x0000, 0x0000,   // 0x06B0 (1712) pixels
0x0000, 0x0000, 0x0000, 0x0000, 0x0000, 0x0000, 0x0000, 0x0000, 0x0000, 0x0000, 0x0000, 0x0000, 0x0000, 0x0000, 0x0000, 0x0000,   // 0x06C0 (1728) pixels
0xD0DB, 0x9034, 0x700F, 0x700F, 0x7811, 0xA056, 0xD8FC, 0xD0FB, 0xA055, 0x7010, 0x580C, 0x480A, 0x4008, 0x3007, 0x3007, 0x3007,   // 0x06D0 (1744) pixels
0x3007, 0x3808, 0x4009, 0x500B, 0x600E, 0x8812, 0xB898, 0xE11D, 0xC09A, 0x8813, 0x700F, 0x700F, 0x7810, 0xC8DA, 0xA8B7, 0x4809,   // 0x06E0 (1760) pixels
0x2805, 0x1003, 0x0801, 0x0000, 0x0000, 0x0000, 0x0000, 0x0000, 0x0000, 0x0000, 0x0000, 0x0000, 0x0000, 0x0000, 0x0000, 0x0000,   // 0x06F0 (1776) pixels
0x0000, 0x0000, 0x0000, 0x0000, 0x0000, 0x0000, 0x0000, 0x0000, 0x0000, 0x0000, 0x0000, 0x0000, 0x0000, 0x0000, 0x0000, 0x0000,   // 0x0700 (1792) pixels
0xC8FA, 0xA056, 0x7010, 0x7010, 0x7811, 0x8012, 0xA016, 0xD09B, 0xE8FE, 0xD8DC, 0xA857, 0x8031, 0x680E, 0x500B, 0x500B, 0x500B,   // 0x0710 (1808) pixels
0x500B, 0x580C, 0x700F, 0x9834, 0xC099, 0xE91E, 0xE0DE, 0xB838, 0x8813, 0x8011, 0x7810, 0x7010, 0x8012, 0xD0FB, 0x9894, 0x3808,   // 0x0720 (1824) pixels
0x2005, 0x1002, 0x0801, 0x0000, 0x0000, 0x0000, 0x0000, 0x0000, 0x0000, 0x0000, 0x0000, 0x0000, 0x0000, 0x0000, 0x0000, 0x0000,   // 0x0730 (1840) pixels
0x0000, 0x0000, 0x0000, 0x0000, 0x0000, 0x0000, 0x0000, 0x0000, 0x0000, 0x0000, 0x0000, 0x0000, 0x0000, 0x0000, 0x0000, 0x0000,   // 0x0740 (1856) pixels
0x9894, 0xD0FC, 0xC0B9, 0xB8B9, 0xC0B9, 0xC0BA, 0xC8BB, 0xD8BC, 0xF0FF, 0xF99F, 0xF9DF, 0xD0BB, 0xB898, 0xB0B8, 0xB0B7, 0xB0B7,   // 0x0750 (1872) pixels
0xB0B7, 0xB8B8, 0xC099, 0xE95E, 0xF9FF, 0xF93F, 0xE0BE, 0xD0BB, 0xC8BA, 0xC0BA, 0xC0B9, 0xB8B9, 0xC8DB, 0xC0DA, 0x600D, 0x3006,   // 0x0760 (1888) pixels
0x1804, 0x0801, 0x0001, 0x0000, 0x0000, 0x0000, 0x0000, 0x0000, 0x0000, 0x0000, 0x0000, 0x0000, 0x0000, 0x0000, 0x0000, 0x0000,   // 0x0770 (1904) pixels
0x0000, 0x0000, 0x0000, 0x0000, 0x0000, 0x0000, 0x0000, 0x0000, 0x0000, 0x0000, 0x0000, 0x0000, 0x0000, 0x0000, 0x0000, 0x0000,   // 0x0780 (1920) pixels
0x480A, 0x8852, 0xB097, 0xB8B8, 0xB8B8, 0xB8B9, 0xC0B9, 0xC0B9, 0xC0B9, 0xC8BA, 0xC0B9, 0xB077, 0xA897, 0xA897, 0xB0B7, 0xB0B7,   // 0x0790 (1936) pixels
0xB097, 0xA897, 0xA877, 0xB8B9, 0xC8BA, 0xC8BA, 0xC0BA, 0xC0B9, 0xC0B9, 0xB8B9, 0xB8B8, 0xB0B8, 0xA075, 0x600D, 0x3807, 0x2005,   // 0x07A0 (1952) pixels
0x1002, 0x0801, 0x0000, 0x0000, 0x0000, 0x0000, 0x0000, 0x0000, 0x0000, 0x0000, 0x0000, 0x0000, 0x0000, 0x0000, 0x0000, 0x0000,   // 0x07B0 (1968) pixels
0x0000, 0x0000, 0x0000, 0x0000, 0x0000, 0x0000, 0x0000, 0x0000, 0x0000, 0x0000, 0x0000, 0x0000, 0x0000, 0x0000, 0x0000, 0x0000,   // 0x07C0 (1984) pixels
0x2806, 0x3808, 0x400A, 0x480A, 0x500B, 0x580C, 0x580C, 0x580D, 0x600D, 0x600D, 0x580D, 0x500B, 0x500B, 0x480B, 0x480A, 0x480A,   // 0x07D0 (2000) pixels
0x480A, 0x480A, 0x500B, 0x580C, 0x580D, 0x600D, 0x600D, 0x580C, 0x580C, 0x580B, 0x500B, 0x480A, 0x3808, 0x3006, 0x2005, 0x1803,   // 0x07E0 (2016) pixels
0x0801, 0x0001, 0x0000, 0x0000, 0x0000, 0x0000, 0x0000, 0x0000, 0x0000, 0x0000, 0x0000, 0x0000, 0x0000, 0x0000, 0x0000, 0x0000,   // 0x07F0 (2032) pixels
0x0000, 0x0000, 0x0000, 0x0000, 0x0000, 0x0000, 0x0000, 0x0000, 0x0000, 0x0000, 0x0000, 0x0000, 0x0000, 0x0000, 0x0000, 0x0000,   // 0x0800 (2048) pixels
};

const unsigned short Frame_Neon_Brick[2048] PROGMEM={
0x0064, 0x0065, 0x0065, 0x0086, 0x0086, 0x0066, 0x0066, 0x0067, 0x0087, 0x0087, 0x0888, 0x0888, 0x0869, 0x0869, 0x088A, 0x086A,   // 0x0010 (16) pixels
0x106A, 0x106A, 0x186B, 0x186C, 0x206C, 0x284D, 0x304D, 0x384E, 0x404E, 0x504F, 0x584F, 0x6850, 0x7050, 0x8030, 0x9052, 0xA854,   // 0x0020 (32) pixels
0xB034, 0xB834, 0xC054, 0xC054, 0xC054, 0xB834, 0xB833, 0xB833, 0xB833, 0xB833, 0xB832, 0xB832, 0xB832, 0xB032, 0xB031, 0xB031,   // 0x0030 (48) pixels
0xA831, 0xB031, 0xB011, 0xA810, 0xA810, 0xA030, 0xA02F, 0x980E, 0x980E, 0x900E, 0x880D, 0x800C, 0x700B, 0x700B, 0x700B, 0x4827,   // 0x0040 (64) pixels
0x0065, 0x0065, 0x0086, 0x0086, 0x0087, 0x0067, 0x0087, 0x0087, 0x0088, 0x0089, 0x0889, 0x086A, 0x086A, 0x086B, 0x088B, 0x088B,   // 0x0050 (80) pixels
0x088B, 0x106C, 0x104D, 0x186D, 0x204E, 0x284E, 0x304F, 0x384F, 0x4050, 0x5050, 0x6031, 0x7031, 0x7831, 0x7810, 0xA0D3, 0xD258,   // 0x0060 (96) pixels
0xE2B9, 0xE279, 0xE279, 0xE279, 0xE279, 0xE279, 0xE279, 0xE259, 0xDA59, 0xDA79, 0xDA59, 0xE259, 0xE259, 0xE259, 0xE259, 0xE259,   // 0x0070 (112) pixels
0xE259, 0xE259, 0xE259, 0xE258, 0xE258, 0xDA58, 0xDA37, 0xDA37, 0xDA38, 0xDA38, 0xDA37, 0xDA17, 0xDA37, 0xDA57, 0xC1F5, 0x5808,   // 0x0080 (128) pixels
0x0066, 0x0086, 0x0087, 0x0087, 0x0087, 0x0087, 0x0088, 0x0088, 0x00A9, 0x00A9, 0x008A, 0x088B, 0x088B, 0x088B, 0x088C, 0x088D,   // 0x0090 (144) pixels
0x086D, 0x108D, 0x188E, 0x186E, 0x206F, 0x286F, 0x304F, 0x4050, 0x4850, 0x5050, 0x5851, 0x7052, 0x7832, 0x7030, 0x702F, 0x8830,   // 0x00A0 (160) pixels
0x9831, 0x9831, 0x9030, 0x902F, 0x902F, 0x902F, 0x902F, 0x902F, 0x902F, 0x882F, 0x882E, 0x882E, 0x882E, 0x882E, 0x882E, 0x882E,   // 0x00B0 (176) pixels
0x882D, 0x802D, 0x802D, 0x802D, 0x802D, 0x802C, 0x804C, 0x784C, 0x784C, 0x784B, 0x704B, 0x704B, 0x704B, 0x90AF, 0xCAB7, 0x6009,   // 0x00C0 (192) pixels
0x0086, 0x0087, 0x0087, 0x0088, 0x0088, 0x0088, 0x0089, 0x0089, 0x008A, 0x008A, 0x008B, 0x008B, 0x088C, 0x086C, 0x088D, 0x088D,   // 0x00D0 (208) pixels
0x086E, 0x106E, 0x106F, 0x186F, 0x206F, 0x2870, 0x3050, 0x3850, 0x4851, 0x5051, 0x5831, 0x6832, 0x7053, 0x7032, 0x7030, 0x7830,   // 0x00E0 (224) pixels
0x8010, 0x8030, 0x8811, 0x9010, 0x9010, 0x9010, 0x9010, 0x900F, 0x880F, 0x880F, 0x882E, 0x882E, 0x880E, 0x880E, 0x882D, 0x882D,   // 0x00F0 (240) pixels
0x802C, 0x780C, 0x780C, 0x780C, 0x780B, 0x700B, 0x680A, 0x6809, 0x6009, 0x6008, 0x5807, 0x5007, 0x4807, 0x686B, 0xCA77, 0x682A,   // 0x0100 (256) pixels
0x00A8, 0x00A8, 0x0089, 0x00A9, 0x00A9, 0x00AA, 0x00AA, 0x00AB, 0x00AB, 0x00AC, 0x00AC, 0x008D, 0x008D, 0x088E, 0x088F, 0x088F,   // 0x0110 (272) pixels
0x1090, 0x1090, 0x1890, 0x1891, 0x2091, 0x2871, 0x3072, 0x4073, 0x4853, 0x5853, 0x6053, 0x6853, 0x7854, 0x8054, 0x8834, 0x9834,   // 0x0120 (288) pixels
0xA034, 0xA034, 0xA834, 0xA834, 0xB034, 0xB034, 0xB034, 0xB034, 0xB033, 0xB033, 0xA832, 0xA832, 0xA831, 0xA831, 0xA031, 0xA030,   // 0x0130 (304) pixels
0xA030, 0xA030, 0x982F, 0x982F, 0x900E, 0x900E, 0x882D, 0x882D, 0x802C, 0x782B, 0x702A, 0x6829, 0x5828, 0x688B, 0xD277, 0x680A,   // 0x0140 (320) pixels
0x012A, 0x010A, 0x00CA, 0x00AA, 0x00AA, 0x00AB, 0x00CC, 0x00AC, 0x00AD, 0x00AE, 0x00AE, 0x00AE, 0x00AF, 0x0890, 0x0890, 0x0891,   // 0x0150 (336) pixels
0x1091, 0x1091, 0x1092, 0x1892, 0x2072, 0x2072, 0x3073, 0x4073, 0x4873, 0x5853, 0x6054, 0x6854, 0x7834, 0x8034, 0x8834, 0x9835,   // 0x0160 (352) pixels
0xA035, 0xA035, 0xA835, 0xB035, 0xB035, 0xB035, 0xB034, 0xB834, 0xB034, 0xB033, 0xB033, 0xB032, 0xB032, 0xA832, 0xA831, 0xA831,   // 0x0170 (368) pixels
0xA831, 0xA030, 0xA030, 0xA02F, 0x980F, 0x982E, 0x902E, 0x900E, 0x880C, 0x800B, 0x782A, 0x7029, 0x6008, 0x706B, 0xD278, 0x700A,   // 0x0180 (384) pixels
0x2B32, 0x1A70, 0x00EB, 0x00AA, 0x00AB, 0x00AC, 0x00AD, 0x00AE, 0x00AE, 0x00AE, 0x00AF, 0x00B0, 0x00B0, 0x0091, 0x0091, 0x0892,   // 0x0190 (400) pixels
0x0892, 0x1092, 0x1092, 0x1873, 0x2073, 0x2093, 0x3094, 0x3874, 0x4874, 0x5074, 0x5854, 0x6054, 0x7055, 0x7835, 0x8835, 0x9035,   // 0x01A0 (416) pixels
0x9835, 0xA035, 0xA835, 0xA835, 0xB035, 0xB035, 0xB034, 0xB834, 0xB034, 0xB033, 0xB033, 0xB033, 0xB032, 0xA832, 0xA831, 0xA831,   // 0x01B0 (432) pixels
0xA031, 0xA030, 0xA030, 0xA010, 0x980F, 0x980F, 0x982F, 0x980E, 0x880C, 0x800C, 0x782A, 0x7029, 0x6008, 0x706B, 0xD277, 0x780B,   // 0x01C0 (448) pixels
0x33B5, 0x1AD2, 0x010C, 0x00AC, 0x00AC, 0x008D, 0x00AE, 0x00AF, 0x00AF, 0x00AF, 0x00B0, 0x00B0, 0x00B1, 0x00B1, 0x00B2, 0x08B2,   // 0x01D0 (464) pixels
0x0892, 0x1093, 0x1093, 0x1093, 0x1894, 0x2074, 0x3074, 0x3874, 0x4074, 0x5055, 0x5855, 0x6055, 0x7055, 0x7855, 0x8035, 0x8855,   // 0x01E0 (480) pixels
0x9035, 0x9835, 0xA035, 0xA035, 0xA835, 0xA835, 0xB035, 0xB034, 0xB034, 0xB033, 0xB033, 0xB033, 0xB032, 0xA832, 0xA832, 0xA831,   // 0x01F0 (496) pixels
0xA031, 0xA030, 0xA030, 0xA02F, 0xA00F, 0x980F, 0x980F, 0x980F, 0x900D, 0x802C, 0x782B, 0x7029, 0x6008, 0x706B, 0xD277, 0x780B,   // 0x0200 (512) pixels
0x33D6, 0x1AF3, 0x012E, 0x00CD, 0x00CE, 0x00AF, 0x00B0, 0x00B1, 0x00D1, 0x00D1, 0x00D2, 0x00D3, 0x00B3, 0x00B3, 0x08F4, 0x08D5,   // 0x0210 (528) pixels
0x08B5, 0x10B5, 0x10B5, 0x1895, 0x2095, 0x2895, 0x3095, 0x3096, 0x4076, 0x5076, 0x5856, 0x6856, 0x7056, 0x7856, 0x8856, 0x9057,   // 0x0220 (544) pixels
0x9836, 0xA056, 0xA836, 0xA836, 0xB036, 0xB035, 0xB035, 0xB035, 0xB034, 0xB034, 0xB033, 0xB033, 0xB033, 0xB033, 0xB033, 0xB032,   // 0x0230 (560) pixels
0xA831, 0xA831, 0xA831, 0xA811, 0xA810, 0xA010, 0xA010, 0xA00F, 0x980E, 0x900D, 0x800B, 0x782A, 0x6008, 0x706B, 0xD277, 0x782B,   // 0x0240 (576) pixels
0x3417, 0x1B14, 0x014F, 0x00CE, 0x00CF, 0x00D0, 0x00D1, 0x00D2, 0x00D2, 0x00D3, 0x00D3, 0x00D3, 0x00D4, 0x00D4, 0x00F5, 0x08D6,   // 0x0250 (592) pixels
0x08B6, 0x10B6, 0x1096, 0x18B6, 0x2096, 0x2896, 0x2896, 0x3096, 0x4076, 0x5076, 0x5876, 0x6877, 0x7057, 0x7857, 0x8057, 0x9057,   // 0x0260 (608) pixels
0x9857, 0xA057, 0xA037, 0xA836, 0xA836, 0xB036, 0xB055, 0xB035, 0xB035, 0xB034, 0xB034, 0xB033, 0xB033, 0xB033, 0xB033, 0xB032,   // 0x0270 (624) pixels
0xA832, 0xA831, 0xA831, 0xA811, 0xA810, 0xA010, 0xA010, 0x982F, 0x980E, 0x880D, 0x802B, 0x782A, 0x6009, 0x706B, 0xD277, 0x800C,   // 0x0280 (640) pixels
0x3417, 0x1AF4, 0x0130, 0x00CF, 0x00B0, 0x00B1, 0x00B1, 0x00D2, 0x00D2, 0x00B3, 0x00B4, 0x00B4, 0x00D4, 0x00D4, 0x00D5, 0x00D6,   // 0x0290 (656) pixels
0x08B6, 0x08B6, 0x0896, 0x1096, 0x1896, 0x2096, 0x2876, 0x3076, 0x3876, 0x4876, 0x5076, 0x6056, 0x6856, 0x7056, 0x8056, 0x8857,   // 0x02A0 (672) pixels
0x8856, 0x9856, 0xA036, 0xA036, 0xA036, 0xA835, 0xA835, 0xB034, 0xB034, 0xB034, 0xA833, 0xB033, 0xB032, 0xA832, 0xA832, 0xA832,   // 0x02B0 (688) pixels
0xA031, 0xA030, 0xA030, 0xA010, 0xA00F, 0x982F, 0x980F, 0x900E, 0x880D, 0x802C, 0x780A, 0x7029, 0x5828, 0x706B, 0xCA77, 0x802C,   // 0x02C0 (704) pixels
0x3437, 0x1B16, 0x0151, 0x00F0, 0x00D1, 0x00D2, 0x00D3, 0x00F4, 0x00F4, 0x00D4, 0x00D5, 0x00D5, 0x00F6, 0x00D6, 0x00D6, 0x00D7,   // 0x02D0 (720) pixels
0x00D6, 0x08B6, 0x08B6, 0x10B6, 0x1897, 0x2097, 0x2897, 0x3097, 0x3877, 0x4877, 0x5077, 0x6057, 0x6857, 0x7057, 0x8057, 0x8857,   // 0x02E0 (736) pixels
0x9037, 0x9856, 0x9856, 0xA037, 0xA836, 0xA836, 0xB036, 0xB035, 0xB035, 0xB034, 0xB034, 0xB033, 0xB033, 0xB032, 0xA832, 0xA832,   // 0x02F0 (752) pixels
0xA831, 0xA031, 0xA031, 0xA010, 0xA010, 0x980F, 0x980E, 0x900E, 0x880D, 0x800C, 0x780B, 0x700A, 0x6008, 0x706B, 0xCA76, 0x800C,   // 0x0300 (768) pixels
0x3458, 0x1B16, 0x0152, 0x00F2, 0x00F3, 0x00F5, 0x00F5, 0x0115, 0x0116, 0x00F6, 0x00F6, 0x00F7, 0x00F7, 0x00F7, 0x00F8, 0x00F8,   // 0x0310 (784) pixels
0x00D8, 0x08D8, 0x08D7, 0x10D7, 0x18B7, 0x2098, 0x2898, 0x3098, 0x3878, 0x4877, 0x5078, 0x6077, 0x6877, 0x7077, 0x7857, 0x8857,   // 0x0320 (800) pixels
0x9037, 0x9837, 0xA057, 0xA057, 0xA837, 0xB036, 0xB056, 0xB836, 0xB035, 0xB035, 0xB034, 0xB034, 0xB033, 0xB033, 0xB033, 0xA832,   // 0x0330 (816) pixels
0xA832, 0xA031, 0xA031, 0xA030, 0xA030, 0x980F, 0x982E, 0x902E, 0x882D, 0x882C, 0x782B, 0x7029, 0x5808, 0x704B, 0xCA56, 0x802C,   // 0x0340 (832) pixels
0x3438, 0x1B16, 0x0153, 0x00F3, 0x00F4, 0x00F5, 0x0116, 0x0116, 0x0116, 0x00F7, 0x00F7, 0x00F7, 0x00F7, 0x00F8, 0x00F8, 0x00F8,   // 0x0350 (848) pixels
0x00D8, 0x08D8, 0x08D8, 0x10D8, 0x18B8, 0x2098, 0x28B8, 0x30B8, 0x3898, 0x4078, 0x5078, 0x5878, 0x6877, 0x7057, 0x7857, 0x8857,   // 0x0360 (864) pixels
0x9057, 0x9857, 0x9857, 0xA057, 0xA837, 0xA836, 0xB036, 0xB036, 0xB035, 0xB035, 0xB034, 0xB034, 0xB033, 0xB053, 0xA832, 0xA832,   // 0x0370 (880) pixels
0xA831, 0xA031, 0xA030, 0xA030, 0x980F, 0x980F, 0x902E, 0x902E, 0x802C, 0x802B, 0x782A, 0x6829, 0x5828, 0x706B, 0xCA56, 0x802C,   // 0x0380 (896) pixels
0x3438, 0x1AF7, 0x0154, 0x00F4, 0x00D4, 0x00F5, 0x0116, 0x00F6, 0x00F6, 0x00F6, 0x00F7, 0x00F7, 0x00F7, 0x00F7, 0x00F8, 0x00D8,   // 0x0390 (912) pixels
0x00D8, 0x00B8, 0x08B8, 0x08B7, 0x10B7, 0x1897, 0x2098, 0x2898, 0x3078, 0x4077, 0x4877, 0x5857, 0x6057, 0x6857, 0x7057, 0x8057,   // 0x03A0 (928) pixels
0x8857, 0x9057, 0x9857, 0x9836, 0xA036, 0xA036, 0xA836, 0xA835, 0xA835, 0xA834, 0xA834, 0xA833, 0xA833, 0xA832, 0xA031, 0xA031,   // 0x03B0 (944) pixels
0x9830, 0x9830, 0x982F, 0x902F, 0x902E, 0x902D, 0x882D, 0x802D, 0x782B, 0x782A, 0x6829, 0x6028, 0x5027, 0x686B, 0xCA77, 0x802C,   // 0x03C0 (960) pixels
0x3459, 0x1B17, 0x0175, 0x0116, 0x0117, 0x0117, 0x0117, 0x0117, 0x0118, 0x0118, 0x0118, 0x0118, 0x0118, 0x0118, 0x0119, 0x0119,   // 0x03D0 (976) pixels
0x00F8, 0x00D8, 0x08D8, 0x08D8, 0x10D8, 0x18B8, 0x20B8, 0x2898, 0x3098, 0x4098, 0x4878, 0x5878, 0x6058, 0x6858, 0x7858, 0x8058,   // 0x03E0 (992) pixels
0x8857, 0x9057, 0x9857, 0xA057, 0xA037, 0xA837, 0xB036, 0xB036, 0xB035, 0xB035, 0xA834, 0xA834, 0xA833, 0xA832, 0xA832, 0xA852,   // 0x03F0 (1008) pixels
0xA031, 0xA030, 0x9830, 0x982F, 0x902E, 0x902E, 0x882D, 0x802C, 0x802B, 0x782B, 0x702A, 0x6029, 0x5027, 0x686A, 0xCA57, 0x782C,   // 0x0400 (1024) pixels
0x3459, 0x1B18, 0x0176, 0x0117, 0x0118, 0x0118, 0x0118, 0x0118, 0x0118, 0x0118, 0x0118, 0x0118, 0x0118, 0x0118, 0x0119, 0x0119,   // 0x0410 (1040) pixels
0x00F8, 0x00D9, 0x08D8, 0x08D8, 0x10B9, 0x18B9, 0x2098, 0x2899, 0x3099, 0x3899, 0x4878, 0x5078, 0x6078, 0x6857, 0x7858, 0x8058,   // 0x0420 (1056) pixels
0x8858, 0x9037, 0x9837, 0xA037, 0xA037, 0xA837, 0xA836, 0xA836, 0xA835, 0xA834, 0xA834, 0xA833, 0xA833, 0xA832, 0xA832, 0xA831,   // 0x0430 (1072) pixels
0xA030, 0x9830, 0x902F, 0x902F, 0x902E, 0x882D, 0x802C, 0x802C, 0x782B, 0x702A, 0x6829, 0x6028, 0x5027, 0x684A, 0xCA56, 0x782C,   // 0x0440 (1088) pixels
0x3419, 0x1B18, 0x0177, 0x0118, 0x00F8, 0x0118, 0x0118, 0x0118, 0x0118, 0x0118, 0x00F8, 0x00F8, 0x00F8, 0x00F8, 0x0119, 0x0119,   // 0x0450 (1104) pixels
0x00D8, 0x00D8, 0x08D8, 0x08D8, 0x10B8, 0x18B8, 0x1898, 0x2098, 0x2898, 0x3878, 0x4078, 0x5078, 0x5878, 0x6057, 0x7058, 0x8058,   // 0x0460 (1120) pixels
0x8837, 0x9037, 0x9837, 0x9837, 0xA037, 0xA036, 0xA036, 0xA835, 0xA834, 0xA034, 0xA033, 0xA033, 0xA032, 0xA032, 0xA031, 0xA051,   // 0x0470 (1136) pixels
0x984F, 0x904F, 0x902E, 0x882E, 0x882D, 0x802C, 0x782C, 0x782B, 0x702A, 0x682A, 0x6028, 0x5827, 0x4826, 0x604A, 0xCA56, 0x784B,   // 0x0480 (1152) pixels
0x3439, 0x1B18, 0x0176, 0x0117, 0x00F8, 0x00F7, 0x0118, 0x0117, 0x0118, 0x0118, 0x00F7, 0x00F8, 0x00F8, 0x00F8, 0x00F8, 0x00F8,   // 0x0490 (1168) pixels
0x00F8, 0x00D8, 0x08D8, 0x08D8, 0x08B8, 0x10B8, 0x18B8, 0x2098, 0x2898, 0x3098, 0x4078, 0x4878, 0x5858, 0x6058, 0x7058, 0x7858,   // 0x04A0 (1184) pixels
0x8037, 0x8837, 0x9037, 0x9837, 0x9836, 0xA036, 0xA035, 0xA035, 0xA034, 0xA054, 0xA053, 0xA032, 0xA032, 0x9831, 0x9850, 0x9850,   // 0x04B0 (1200) pixels
0x902F, 0x882E, 0x882E, 0x802D, 0x802C, 0x782C, 0x782B, 0x704A, 0x684A, 0x6029, 0x5848, 0x5027, 0x4026, 0x6049, 0xCA56, 0x704B,   // 0x04C0 (1216) pixels
0x345A, 0x1B18, 0x0176, 0x0117, 0x0118, 0x0118, 0x0118, 0x0118, 0x0118, 0x0118, 0x0118, 0x0118, 0x00F8, 0x00F8, 0x00F8, 0x00F8,   // 0x04D0 (1232) pixels
0x00F8, 0x00F8, 0x08D8, 0x08D8, 0x08D8, 0x10B8, 0x10B8, 0x18B9, 0x2099, 0x3099, 0x3879, 0x4878, 0x5058, 0x6058, 0x7058, 0x7837,   // 0x04E0 (1248) pixels
0x8838, 0x8838, 0x9017, 0x9817, 0xA037, 0xA036, 0xA036, 0xA835, 0xA034, 0xA034, 0xA033, 0xA032, 0xA032, 0x9831, 0x9850, 0x904F,   // 0x04F0 (1264) pixels
0x902F, 0x882E, 0x882E, 0x802D, 0x782C, 0x784B, 0x702B, 0x702A, 0x6829, 0x6049, 0x5848, 0x4847, 0x4026, 0x6049, 0xCA56, 0x684B,   // 0x0500 (1280) pixels
0x3459, 0x1AF7, 0x0155, 0x0116, 0x0117, 0x00F7, 0x0118, 0x0118, 0x0118, 0x0118, 0x0117, 0x0117, 0x00F7, 0x00F8, 0x00F8, 0x00F8,   // 0x0510 (1296) pixels
0x00F8, 0x00F8, 0x00D8, 0x08D8, 0x08B8, 0x08B8, 0x10B9, 0x18B8, 0x2098, 0x3098, 0x3878, 0x4878, 0x5058, 0x6058, 0x6858, 0x7838,   // 0x0520 (1312) pixels
0x8038, 0x8838, 0x9017, 0x9817, 0x9817, 0x9836, 0xA036, 0xA035, 0xA034, 0xA033, 0x9833, 0x9832, 0x9831, 0x9050, 0x902F, 0x902F,   // 0x0530 (1328) pixels
0x884E, 0x884E, 0x804D, 0x784C, 0x782B, 0x704B, 0x684A, 0x684A, 0x6029, 0x5848, 0x5047, 0x4846, 0x4025, 0x5849, 0xCA56, 0x604A,   // 0x0540 (1344) pixels
0x3C18, 0x1AD7, 0x0154, 0x00F4, 0x00F4, 0x00D5, 0x00F6, 0x00F6, 0x00F6, 0x00F6, 0x00F6, 0x00F6, 0x00D6, 0x00D7, 0x00F7, 0x00D7,   // 0x0550 (1360) pixels
0x00D7, 0x00D7, 0x08D7, 0x08B7, 0x08B8, 0x08B8, 0x10B8, 0x18B8, 0x1898, 0x2898, 0x3077, 0x3877, 0x4877, 0x5857, 0x6057, 0x7037,   // 0x0560 (1376) pixels
0x7837, 0x8036, 0x8837, 0x9036, 0x9036, 0x9035, 0x9835, 0x9834, 0x9033, 0x9032, 0x9032, 0x9051, 0x9030, 0x884F, 0x884E, 0x804D,   // 0x0570 (1392) pixels
0x804D, 0x784C, 0x784B, 0x702B, 0x682A, 0x682A, 0x6049, 0x6049, 0x5027, 0x4847, 0x4046, 0x4046, 0x3025, 0x5849, 0xCA56, 0x5048,   // 0x0580 (1408) pixels
0x3C18, 0x1AF6, 0x0153, 0x00F3, 0x00F4, 0x00F5, 0x00F5, 0x00F6, 0x00F6, 0x0116, 0x00F6, 0x00F6, 0x00F6, 0x00F7, 0x00F7, 0x00F7,   // 0x0590 (1424) pixels
0x00F7, 0x00D7, 0x00D7, 0x08B7, 0x08B8, 0x08B7, 0x10B8, 0x18B8, 0x1898, 0x2098, 0x3097, 0x3877, 0x4877, 0x5057, 0x6057, 0x7057,   // 0x05A0 (1440) pixels
0x7837, 0x8037, 0x8817, 0x9017, 0x9036, 0x9835, 0x9835, 0x9034, 0x9033, 0x9032, 0x9032, 0x9050, 0x8850, 0x884F, 0x802E, 0x804E,   // 0x05B0 (1456) pixels
0x804D, 0x784C, 0x704B, 0x704B, 0x684A, 0x6049, 0x6049, 0x5848, 0x5047, 0x4847, 0x4046, 0x3845, 0x3025, 0x5848, 0xCA56, 0x5048,   // 0x05C0 (1472) pixels
0x3417, 0x1AF6, 0x0132, 0x00D1, 0x00F2, 0x00F3, 0x00F4, 0x00D5, 0x00D5, 0x00F5, 0x00D5, 0x00D6, 0x00D6, 0x00D6, 0x00F7, 0x00F7,   // 0x05D0 (1488) pixels
0x00D7, 0x00D7, 0x00B7, 0x00B7, 0x08B7, 0x08B7, 0x08B7, 0x10B8, 0x1898, 0x2098, 0x3077, 0x3877, 0x4877, 0x5056, 0x6057, 0x6837,   // 0x05E0 (1504) pixels
0x7836, 0x8036, 0x8816, 0x8816, 0x9015, 0x9015, 0x9014, 0x8833, 0x8832, 0x8832, 0x8851, 0x8850, 0x882F, 0x802E, 0x802E, 0x804D,   // 0x05F0 (1520) pixels
0x782C, 0x702C, 0x702B, 0x684A, 0x6049, 0x6049, 0x5828, 0x5028, 0x4847, 0x4046, 0x3845, 0x3845, 0x3024, 0x5048, 0xC236, 0x5048,   // 0x0600 (1536) pixels
0x3417, 0x1AD5, 0x0131, 0x00D0, 0x00D1, 0x00D2, 0x00D2, 0x00D3, 0x00D3, 0x00D4, 0x00D5, 0x00D5, 0x00D5, 0x00D5, 0x00D6, 0x00D6,   // 0x0610 (1552) pixels
0x00D6, 0x08B6, 0x08B6, 0x08B6, 0x08B6, 0x08B7, 0x08B7, 0x1097, 0x1097, 0x2097, 0x2876, 0x3076, 0x4056, 0x5056, 0x5856, 0x6036,   // 0x0620 (1568) pixels
0x7035, 0x7835, 0x7815, 0x8015, 0x8014, 0x8814, 0x8033, 0x8032, 0x8031, 0x8030, 0x8030, 0x802F, 0x782E, 0x782D, 0x784D, 0x784C,   // 0x0630 (1584) pixels
0x702B, 0x682A, 0x602A, 0x6049, 0x5849, 0x5848, 0x5028, 0x4847, 0x4046, 0x3845, 0x3845, 0x3045, 0x3024, 0x5048, 0xC256, 0x4848,   // 0x0640 (1600) pixels
0x3416, 0x1AD4, 0x010F, 0x00AF, 0x00AF, 0x00B0, 0x00B1, 0x00D1, 0x00D2, 0x00B2, 0x00B3, 0x00B3, 0x00B3, 0x00D4, 0x00D4, 0x00B4,   // 0x0650 (1616) pixels
0x00B4, 0x00B4, 0x08B5, 0x08B5, 0x08B5, 0x0895, 0x0895, 0x1096, 0x1896, 0x2075, 0x2075, 0x2875, 0x3854, 0x4054, 0x4855, 0x5855,   // 0x0660 (1632) pixels
0x6034, 0x6834, 0x6834, 0x7033, 0x7833, 0x7832, 0x7831, 0x7831, 0x7830, 0x784F, 0x782E, 0x702D, 0x704D, 0x702C, 0x704B, 0x704B,   // 0x0670 (1648) pixels
0x604A, 0x604A, 0x5849, 0x5048, 0x5048, 0x4847, 0x4847, 0x4046, 0x3845, 0x3825, 0x3045, 0x2844, 0x2824, 0x4046, 0xBA13, 0x4047,   // 0x0680 (1664) pixels
0x3416, 0x1AD3, 0x010E, 0x00AE, 0x00AF, 0x00AF, 0x00D0, 0x00D1, 0x00D1, 0x00D2, 0x00D2, 0x00D3, 0x00D3, 0x00D4, 0x00B4, 0x00B4,   // 0x0690 (1680) pixels
0x00B4, 0x08B4, 0x08B5, 0x00B5, 0x0895, 0x08B5, 0x10B6, 0x10B6, 0x1895, 0x2075, 0x2875, 0x3074, 0x3874, 0x4054, 0x4854, 0x5054,   // 0x06A0 (1696) pixels
0x5834, 0x6834, 0x6833, 0x6833, 0x7032, 0x7031, 0x7031, 0x7831, 0x7030, 0x782F, 0x782E, 0x782D, 0x702D, 0x702C, 0x684B, 0x682A,   // 0x06B0 (1712) pixels
0x604A, 0x6049, 0x5849, 0x5048, 0x5047, 0x4847, 0x4846, 0x4046, 0x3825, 0x3825, 0x3044, 0x2844, 0x2043, 0x2824, 0x4046, 0x2844,   // 0x06C0 (1728) pixels
0x3416, 0x1AF3, 0x012D, 0x00CD, 0x00CE, 0x00CE, 0x00CF, 0x00CF, 0x00D0, 0x00D0, 0x00D1, 0x00D2, 0x00D2, 0x00D2, 0x00D3, 0x00D3,   // 0x06D0 (1744) pixels
0x00D3, 0x00D3, 0x00B4, 0x00B4, 0x08B4, 0x08B4, 0x10B5, 0x1895, 0x1894, 0x2094, 0x2094, 0x3093, 0x3073, 0x3873, 0x4053, 0x4853,   // 0x06E0 (1760) pixels
0x5033, 0x5832, 0x6032, 0x6031, 0x6831, 0x6850, 0x6850, 0x6830, 0x682E, 0x702E, 0x702D, 0x682C, 0x684B, 0x604B, 0x604A, 0x584A,   // 0x06F0 (1776) pixels
0x5849, 0x5048, 0x5047, 0x4847, 0x4847, 0x4046, 0x3825, 0x3845, 0x3045, 0x3045, 0x2844, 0x2043, 0x2023, 0x1823, 0x1843, 0x1823,   // 0x0700 (1792) pixels
0x3415, 0x12D3, 0x014D, 0x010D, 0x010D, 0x00EE, 0x010F, 0x010F, 0x010F, 0x0110, 0x0110, 0x0111, 0x0111, 0x0111, 0x00F2, 0x00F2,   // 0x0710 (1808) pixels
0x00F2, 0x00F3, 0x00F3, 0x00F3, 0x00F3, 0x00F3, 0x08F4, 0x10D4, 0x10D3, 0x18D3, 0x20B3, 0x20B3, 0x28B3, 0x30B3, 0x3892, 0x4072,   // 0x0720 (1824) pixels
0x4851, 0x5051, 0x5030, 0x5830, 0x582F, 0x602E, 0x604E, 0x604D, 0x604C, 0x602C, 0x602C, 0x582B, 0x582A, 0x5829, 0x5029, 0x5048,   // 0x0730 (1840) pixels
0x4848, 0x4847, 0x4027, 0x4046, 0x3826, 0x3025, 0x3025, 0x3045, 0x2824, 0x2824, 0x2023, 0x1843, 0x1843, 0x1822, 0x1822, 0x1022,   // 0x0740 (1856) pixels
0x3C15, 0x44B8, 0x33D5, 0x2BB5, 0x2B95, 0x2B95, 0x2B75, 0x2B75, 0x2355, 0x2355, 0x2355, 0x2335, 0x2315, 0x1B15, 0x1AF6, 0x1AF6,   // 0x0750 (1872) pixels
0x1AD6, 0x1AD6, 0x12D6, 0x12B6, 0x12B6, 0x1A96, 0x1A96, 0x1A96, 0x1A76, 0x2256, 0x2255, 0x2235, 0x2235, 0x2A15, 0x31D4, 0x38F2,   // 0x0760 (1888) pixels
0x4051, 0x4850, 0x504F, 0x504F, 0x504E, 0x502D, 0x502D, 0x584D, 0x584C, 0x502B, 0x504B, 0x504A, 0x5029, 0x5049, 0x4828, 0x4848,   // 0x0770 (1904) pixels
0x4047, 0x4046, 0x3846, 0x3845, 0x3025, 0x3025, 0x3044, 0x2844, 0x2024, 0x2023, 0x1843, 0x1843, 0x1822, 0x1022, 0x1022, 0x1042,   // 0x0780 (1920) pixels
0x124F, 0x33B4, 0x33B4, 0x33B4, 0x33D5, 0x33D5, 0x33D5, 0x33D5, 0x33D6, 0x33D6, 0x33D6, 0x33F6, 0x33F7, 0x33F7, 0x33F7, 0x33D7,   // 0x0790 (1936) pixels
0x33F7, 0x3418, 0x3418, 0x33F8, 0x3BF8, 0x3C19, 0x3C39, 0x3C39, 0x3C19, 0x3C39, 0x3C59, 0x4459, 0x4459, 0x4C99, 0x4C18, 0x39B2,   // 0x07A0 (1952) pixels
0x382F, 0x404F, 0x484E, 0x484E, 0x502D, 0x502D, 0x484C, 0x502B, 0x502B, 0x504A, 0x504A, 0x4849, 0x4848, 0x4848, 0x4848, 0x4847,   // 0x07B0 (1968) pixels
0x4027, 0x3826, 0x3845, 0x3045, 0x3044, 0x3024, 0x2824, 0x2043, 0x2043, 0x1843, 0x1842, 0x1842, 0x1822, 0x1022, 0x1042, 0x1042,   // 0x07C0 (1984) pixels
0x012A, 0x012A, 0x00EA, 0x010B, 0x010B, 0x012C, 0x016D, 0x016E, 0x018E, 0x018F, 0x018F, 0x016F, 0x016F, 0x0170, 0x0191, 0x01B1,   // 0x07D0 (2000) pixels
0x0191, 0x0191, 0x01B1, 0x01B2, 0x01D3, 0x09D3, 0x09B2, 0x09B3, 0x11D3, 0x11B3, 0x1192, 0x11B2, 0x19B2, 0x1992, 0x2152, 0x30D0,   // 0x07E0 (2016) pixels
0x386E, 0x384D, 0x404D, 0x404C, 0x484C, 0x482B, 0x484B, 0x484A, 0x404A, 0x4849, 0x4048, 0x4048, 0x4047, 0x4047, 0x3847, 0x3846,   // 0x07F0 (2032) pixels
0x3825, 0x3025, 0x3025, 0x3045, 0x2844, 0x2844, 0x2043, 0x2043, 0x1843, 0x1843, 0x1842, 0x1042, 0x1022, 0x1042, 0x1041, 0x1042,   // 0x0800 (2048) pixels
};

const unsigned short Frame_Neon_Fog[2048] PROGMEM={
0x11AE, 0x098D, 0x098D, 0x11AD, 0x11AE, 0x11CF, 0x19F1, 0x1A12, 0x2212, 0x2211, 0x2212, 0x2A12, 0x2A13, 0x2A34, 0x3234, 0x29F3,   // 0x0010 (16) pixels
0x29D2, 0x29B1, 0x2991, 0x2991, 0x2972, 0x3172, 0x2930, 0x290E, 0x28EE, 0x28EE, 0x28EE, 0x30EF, 0x30F0, 0x30CE, 0x30AD, 0x30AD,   // 0x0020 (32) pixels
0x308D, 0x308D, 0x388E, 0x40AF, 0x408E, 0x408D, 0x408D, 0x408D, 0x488E, 0x508E, 0x5890, 0x5890, 0x588F, 0x606F, 0x6070, 0x6871,   // 0x0030 (48) pixels
0x7092, 0x8093, 0x80B3, 0x80B3, 0x80B2, 0x8092, 0x8872, 0x8872, 0x9073, 0x8852, 0x8050, 0x782F, 0x782F, 0x782E, 0x802F, 0x9051,   // 0x0040 (64) pixels
0x09AE, 0x098D, 0x098D, 0x098D, 0x11AE, 0x11CF, 0x19F1, 0x19F2, 0x1A12, 0x21F1, 0x21F2, 0x21F2, 0x2A13, 0x2A13, 0x2A14, 0x29F3,   // 0x0050 (80) pixels
0x29B1, 0x2991, 0x2971, 0x2971, 0x2971, 0x2951, 0x290F, 0x290E, 0x28EE, 0x28EE, 0x28CE, 0x30CF, 0x30F0, 0x30CE, 0x30AD, 0x30AD,   // 0x0060 (96) pixels
0x308D, 0x308D, 0x38AE, 0x40AF, 0x408E, 0x408E, 0x408D, 0x488E, 0x486E, 0x506F, 0x5890, 0x5890, 0x588F, 0x606F, 0x606F, 0x6870,   // 0x0070 (112) pixels
0x7071, 0x7893, 0x8093, 0x7892, 0x7891, 0x7871, 0x7871, 0x8051, 0x8051, 0x8051, 0x782F, 0x702E, 0x702E, 0x702D, 0x702E, 0x8030,   // 0x0080 (128) pixels
0x098D, 0x096D, 0x096D, 0x098D, 0x098E, 0x11AF, 0x11D0, 0x19F1, 0x19F1, 0x19F1, 0x21D1, 0x21F2, 0x21F2, 0x29F3, 0x29F3, 0x29D2,   // 0x0090 (144) pixels
0x21B1, 0x2970, 0x2170, 0x2150, 0x2951, 0x2930, 0x210F, 0x20ED, 0x20ED, 0x20CD, 0x28CD, 0x28CE, 0x30CF, 0x30CE, 0x30AD, 0x30AD,   // 0x00A0 (160) pixels
0x308D, 0x308E, 0x388F, 0x40B0, 0x408F, 0x408E, 0x406E, 0x486E, 0x486E, 0x506F, 0x5871, 0x5871, 0x5870, 0x586F, 0x606F, 0x6070,   // 0x00B0 (176) pixels
0x6871, 0x7872, 0x7872, 0x7071, 0x7070, 0x7070, 0x7050, 0x7850, 0x7830, 0x782F, 0x702E, 0x680D, 0x680D, 0x600C, 0x680D, 0x782E,   // 0x00C0 (192) pixels
0x016D, 0x016D, 0x096D, 0x096D, 0x098E, 0x11AF, 0x11D1, 0x19F1, 0x19F1, 0x19F1, 0x21D1, 0x21D1, 0x21F2, 0x29F3, 0x29F3, 0x21D2,   // 0x00D0 (208) pixels
0x2190, 0x2170, 0x216F, 0x2150, 0x2130, 0x2930, 0x20EE, 0x20ED, 0x20CD, 0x20CD, 0x28CD, 0x28CE, 0x30CF, 0x30AE, 0x30AE, 0x308E,   // 0x00E0 (224) pixels
0x388E, 0x38AE, 0x38AF, 0x40B0, 0x408F, 0x408E, 0x488E, 0x486F, 0x508F, 0x5870, 0x6072, 0x6071, 0x6070, 0x606F, 0x606F, 0x606F,   // 0x00F0 (240) pixels
0x6850, 0x7071, 0x7071, 0x7070, 0x684F, 0x684F, 0x684F, 0x702F, 0x702F, 0x700E, 0x680D, 0x600D, 0x600C, 0x580C, 0x600C, 0x700D,   // 0x0100 (256) pixels
0x016D, 0x016D, 0x096D, 0x098E, 0x098F, 0x11D0, 0x11D1, 0x19F2, 0x19F2, 0x19F1, 0x19F2, 0x21F2, 0x21F3, 0x29F4, 0x29F3, 0x29D2,   // 0x0110 (272) pixels
0x2191, 0x2170, 0x2150, 0x2150, 0x2150, 0x2930, 0x20EE, 0x20EE, 0x20CD, 0x20CD, 0x28CD, 0x28CF, 0x30D0, 0x30CF, 0x30AE, 0x30AE,   // 0x0120 (288) pixels
0x38AE, 0x38AE, 0x40AF, 0x48B1, 0x4891, 0x4890, 0x5070, 0x5070, 0x5090, 0x5890, 0x6072, 0x6071, 0x6070, 0x6070, 0x606F, 0x606F,   // 0x0130 (304) pixels
0x6870, 0x7071, 0x7071, 0x6850, 0x684F, 0x684F, 0x682E, 0x682E, 0x702E, 0x682E, 0x682D, 0x600C, 0x600C, 0x580B, 0x600C, 0x680D,   // 0x0140 (320) pixels
0x016D, 0x016D, 0x096E, 0x098E, 0x09B0, 0x09D1, 0x11F2, 0x19F2, 0x19F2, 0x19F2, 0x19F2, 0x21F3, 0x21F3, 0x21F4, 0x29F3, 0x21B2,   // 0x0150 (336) pixels
0x21B1, 0x2171, 0x2150, 0x2151, 0x2951, 0x2931, 0x290F, 0x20EE, 0x20EE, 0x28CE, 0x28CE, 0x30CF, 0x30D0, 0x30CF, 0x30AF, 0x38AF,   // 0x0160 (352) pixels
0x38AF, 0x38B0, 0x48B1, 0x50B2, 0x50B2, 0x4891, 0x4870, 0x5070, 0x5090, 0x5871, 0x6892, 0x6872, 0x6871, 0x6070, 0x6070, 0x6070,   // 0x0170 (368) pixels
0x6870, 0x7071, 0x7071, 0x6850, 0x684F, 0x684F, 0x684E, 0x682E, 0x702E, 0x702E, 0x680E, 0x680D, 0x600C, 0x600C, 0x600C, 0x680C,   // 0x0180 (384) pixels
0x016D, 0x016D, 0x096E, 0x098F, 0x09B0, 0x09D1, 0x11F2, 0x11F2, 0x19D2, 0x19D2, 0x19D2, 0x19D3, 0x21F3, 0x21F4, 0x21D3, 0x21B2,   // 0x0190 (400) pixels
0x2191, 0x2170, 0x2150, 0x2151, 0x2151, 0x2931, 0x290F, 0x20EF, 0x20EF, 0x28EF, 0x28CF, 0x30D0, 0x30F1, 0x38D0, 0x38B0, 0x38B0,   // 0x01A0 (416) pixels
0x40B0, 0x40B1, 0x48B2, 0x50B2, 0x4891, 0x4890, 0x5070, 0x5090, 0x5891, 0x6092, 0x6893, 0x6893, 0x6872, 0x6871, 0x6871, 0x6870,   // 0x01B0 (432) pixels
0x6870, 0x7071, 0x7071, 0x7070, 0x684F, 0x704F, 0x704F, 0x702F, 0x702F, 0x702F, 0x700E, 0x680E, 0x680D, 0x600C, 0x600C, 0x680D,   // 0x01C0 (448) pixels
0x016D, 0x016E, 0x096E, 0x09AF, 0x09D1, 0x09D2, 0x11D2, 0x11F2, 0x11D2, 0x19D2, 0x19D3, 0x19D3, 0x19D3, 0x21D4, 0x21B3, 0x2192,   // 0x01D0 (464) pixels
0x2171, 0x2171, 0x2151, 0x2151, 0x2152, 0x2131, 0x28F0, 0x28EF, 0x28EF, 0x28EF, 0x28D0, 0x30F1, 0x30F2, 0x38D1, 0x38B1, 0x38B1,   // 0x01E0 (480) pixels
0x40B1, 0x40B1, 0x48B1, 0x50B2, 0x48B1, 0x4891, 0x5091, 0x5091, 0x5891, 0x6092, 0x7094, 0x7094, 0x7093, 0x6872, 0x6871, 0x6871,   // 0x01F0 (496) pixels
0x6871, 0x7071, 0x7871, 0x7051, 0x7050, 0x702F, 0x702F, 0x702F, 0x782F, 0x782F, 0x780F, 0x700E, 0x700E, 0x680D, 0x680C, 0x680D,   // 0x0200 (512) pixels
0x016D, 0x016E, 0x018F, 0x09B0, 0x09D2, 0x09F2, 0x11F3, 0x11F3, 0x11F3, 0x11D3, 0x19D3, 0x19F3, 0x19F4, 0x21D5, 0x19D4, 0x2193,   // 0x0210 (528) pixels
0x2172, 0x1971, 0x2151, 0x2152, 0x2152, 0x2932, 0x2910, 0x28F0, 0x28F0, 0x28F0, 0x30F1, 0x30F2, 0x38F2, 0x38D2, 0x38B1, 0x38B1,   // 0x0220 (544) pixels
0x40B1, 0x40B1, 0x48B1, 0x50B2, 0x50B2, 0x5091, 0x5091, 0x5891, 0x6092, 0x6893, 0x7095, 0x7896, 0x7094, 0x7072, 0x7072, 0x7072,   // 0x0230 (560) pixels
0x7071, 0x7872, 0x7872, 0x7851, 0x7851, 0x7050, 0x7030, 0x7830, 0x7830, 0x8031, 0x8011, 0x8010, 0x780F, 0x700E, 0x700D, 0x700E,   // 0x0240 (576) pixels
0x018E, 0x018E, 0x01B0, 0x09D1, 0x0A13, 0x0A14, 0x1214, 0x1214, 0x11F3, 0x11F3, 0x19F4, 0x1A15, 0x2215, 0x21F5, 0x21F5, 0x21B4,   // 0x0250 (592) pixels
0x2193, 0x2173, 0x2153, 0x2153, 0x2153, 0x2933, 0x2911, 0x28F1, 0x2911, 0x28F1, 0x30F1, 0x30F3, 0x38F3, 0x38D2, 0x40D1, 0x40D1,   // 0x0260 (608) pixels
0x40D2, 0x48B2, 0x48B2, 0x50B3, 0x50B2, 0x5092, 0x5892, 0x5892, 0x6093, 0x6894, 0x78B6, 0x8097, 0x7895, 0x7893, 0x7073, 0x7072,   // 0x0270 (624) pixels
0x7872, 0x7872, 0x8073, 0x8052, 0x8052, 0x7851, 0x7851, 0x8031, 0x8031, 0x8832, 0x8832, 0x8811, 0x8030, 0x780F, 0x780E, 0x780F,   // 0x0280 (640) pixels
0x018F, 0x018F, 0x01B0, 0x09F2, 0x0A14, 0x0A35, 0x1235, 0x1235, 0x1235, 0x1A35, 0x1A36, 0x2256, 0x2257, 0x2A57, 0x2216, 0x21F6,   // 0x0290 (656) pixels
0x21B5, 0x2194, 0x2174, 0x2174, 0x2954, 0x2954, 0x2913, 0x2912, 0x2912, 0x3112, 0x30F3, 0x38F3, 0x40F4, 0x40F3, 0x40F2, 0x48D3,   // 0x02A0 (672) pixels
0x48D3, 0x48D3, 0x50D3, 0x58D4, 0x58B3, 0x58B3, 0x58B3, 0x60B3, 0x68B4, 0x70B5, 0x80B7, 0x88B7, 0x8096, 0x8095, 0x7894, 0x7873,   // 0x02B0 (688) pixels
0x8073, 0x8074, 0x8874, 0x8874, 0x8853, 0x8852, 0x8052, 0x8852, 0x9033, 0x9033, 0x9033, 0x9032, 0x8811, 0x8010, 0x800F, 0x800F,   // 0x02C0 (704) pixels
0x01AF, 0x01B0, 0x09D1, 0x0A14, 0x0A56, 0x1256, 0x1256, 0x1256, 0x1A56, 0x1A76, 0x2297, 0x2AB8, 0x2AB8, 0x32B8, 0x3278, 0x2A57,   // 0x02D0 (720) pixels
0x2A17, 0x29F6, 0x29B6, 0x29B6, 0x2976, 0x2955, 0x3134, 0x3114, 0x3134, 0x3114, 0x3914, 0x4115, 0x4115, 0x4914, 0x48F4, 0x50F4,   // 0x02E0 (736) pixels
0x50F4, 0x50F4, 0x58D5, 0x60D5, 0x60D5, 0x60B4, 0x60B4, 0x68B4, 0x68B5, 0x78B5, 0x80B6, 0x88B7, 0x8896, 0x8896, 0x8095, 0x8894,   // 0x02F0 (752) pixels
0x8874, 0x8875, 0x9075, 0x9075, 0x9074, 0x9074, 0x9053, 0x9053, 0x9033, 0x9834, 0xA034, 0xA034, 0x9833, 0x9031, 0x8810, 0x8010,   // 0x0300 (768) pixels
0x09F1, 0x09F2, 0x0A13, 0x0A56, 0x0AD9, 0x12B8, 0x1297, 0x1A97, 0x2297, 0x22B8, 0x2AD9, 0x32FA, 0x32FA, 0x3AFA, 0x3AD9, 0x3A99,   // 0x0310 (784) pixels
0x3A79, 0x3A38, 0x3218, 0x31F8, 0x31D8, 0x3197, 0x3156, 0x3155, 0x3936, 0x3936, 0x4136, 0x4936, 0x4936, 0x4915, 0x5115, 0x5115,   // 0x0320 (800) pixels
0x58F5, 0x60F5, 0x60F6, 0x68F7, 0x68F6, 0x68D6, 0x68B5, 0x70B5, 0x70B5, 0x78B6, 0x80B7, 0x88B7, 0x8896, 0x8896, 0x8896, 0x8895,   // 0x0330 (816) pixels
0x9096, 0x9896, 0xA096, 0xA076, 0x9875, 0x9855, 0x9854, 0x9855, 0xA876, 0xB097, 0xB097, 0xB897, 0xB097, 0xB075, 0xA874, 0xA074,   // 0x0340 (832) pixels
0x0A33, 0x0A33, 0x0A55, 0x0A76, 0x12D9, 0x133A, 0x1B1A, 0x231A, 0x231A, 0x333B, 0x3B9C, 0x43BD, 0x4BDD, 0x4BBE, 0x435E, 0x431E,   // 0x0350 (848) pixels
0x42DD, 0x429B, 0x427A, 0x4259, 0x4219, 0x39D9, 0x3998, 0x3977, 0x3957, 0x4157, 0x4957, 0x5158, 0x5158, 0x5137, 0x5937, 0x6138,   // 0x0360 (864) pixels
0x6138, 0x6917, 0x6917, 0x7118, 0x78F8, 0x70D7, 0x78D7, 0x78D7, 0x78B7, 0x80B7, 0x88B7, 0x90B7, 0x90B7, 0x9097, 0x9096, 0x9897,   // 0x0370 (880) pixels
0xA097, 0xA097, 0xA898, 0xB078, 0xA897, 0xA897, 0xB0B8, 0xB0B8, 0xB097, 0xB076, 0xA855, 0xA835, 0xA034, 0x9833, 0x9833, 0x9853,   // 0x0380 (896) pixels
0x1295, 0x0A75, 0x0A76, 0x0A97, 0x12D9, 0x1AF9, 0x231A, 0x2B5B, 0x339C, 0x3BDE, 0x4C3F, 0x5C9F, 0x6CDF, 0x6CBF, 0x6C7F, 0x641F,   // 0x0390 (912) pixels
0x5BBF, 0x535F, 0x52FE, 0x4ABC, 0x4A5B, 0x421A, 0x41BA, 0x419A, 0x499B, 0x497A, 0x4959, 0x5179, 0x5979, 0x5979, 0x6179, 0x717A,   // 0x03A0 (928) pixels
0x797B, 0x817C, 0x895C, 0x893B, 0x811A, 0x78F8, 0x78D8, 0x78D8, 0x80D8, 0x88D8, 0x90D8, 0x90B8, 0x90D8, 0x98B8, 0x98B7, 0xA098,   // 0x03B0 (944) pixels
0xA899, 0xB09A, 0xC0BB, 0xC8DB, 0xC8FB, 0xC8BA, 0xB899, 0xB057, 0xA856, 0xA856, 0xA856, 0xA855, 0xA035, 0xA034, 0x9832, 0x9832,   // 0x03C0 (960) pixels
0x12D7, 0x12D8, 0x0AD9, 0x12D8, 0x12F9, 0x1B19, 0x233A, 0x2B5B, 0x339C, 0x43DD, 0x4C3E, 0x5C7F, 0x649F, 0x6CBF, 0x749F, 0x749F,   // 0x03D0 (976) pixels
0x747F, 0x743F, 0x6BDF, 0x639F, 0x631F, 0x527D, 0x4A1B, 0x49DB, 0x49BC, 0x59DE, 0x61DE, 0x69FE, 0x71DD, 0x699B, 0x719B, 0x717A,   // 0x03E0 (992) pixels
0x717A, 0x815C, 0x917E, 0xA17F, 0xA15E, 0x991C, 0x90FB, 0x88D9, 0x88D8, 0x88D8, 0x90D8, 0x98D8, 0x98D8, 0x98B8, 0xA0B8, 0xA8B9,   // 0x03F0 (1008) pixels
0xB0DA, 0xC0DB, 0xC8DC, 0xC8BC, 0xC89B, 0xC07A, 0xC059, 0xB859, 0xB858, 0xB858, 0xB037, 0xB036, 0xB036, 0xA834, 0x9833, 0x9852,   // 0x0400 (1024) pixels
0x1B59, 0x1319, 0x137C, 0x1B7C, 0x1B3B, 0x1B3B, 0x235C, 0x339D, 0x3BBD, 0x43DD, 0x4BFE, 0x543F, 0x5C5F, 0x647F, 0x6C7F, 0x6C5F,   // 0x0410 (1040) pixels
0x745F, 0x743F, 0x741F, 0x73FF, 0x73BF, 0x6B3F, 0x5A7E, 0x521D, 0x51DD, 0x59DD, 0x61DE, 0x69DF, 0x71DF, 0x719E, 0x695C, 0x715B,   // 0x0420 (1056) pixels
0x795C, 0x797C, 0x897C, 0x915D, 0x995E, 0xA15F, 0xA13F, 0xA11E, 0xA0FD, 0xA0FC, 0xA0FB, 0xA0FA, 0xA0DA, 0xA0D9, 0xA8FA, 0xB0DA,   // 0x0430 (1072) pixels
0xB0DA, 0xB0BA, 0xB89B, 0xC09B, 0xC07A, 0xB879, 0xB859, 0xB858, 0xB858, 0xB838, 0xB837, 0xB837, 0xB037, 0xB035, 0xA033, 0x9853,   // 0x0440 (1088) pixels
0x23FE, 0x135B, 0x131A, 0x133C, 0x1B7D, 0x239E, 0x237D, 0x2B7D, 0x339E, 0x3BBE, 0x43DE, 0x4BFE, 0x541F, 0x5C1F, 0x641F, 0x641F,   // 0x0450 (1104) pixels
0x6C1F, 0x6BFF, 0x6BDF, 0x6BBF, 0x6B9F, 0x6B3F, 0x5A9F, 0x523E, 0x51FD, 0x51BD, 0x599D, 0x619E, 0x69BE, 0x719F, 0x797E, 0x797E,   // 0x0460 (1120) pixels
0x795D, 0x793C, 0x813C, 0x813B, 0x811B, 0x891B, 0x911C, 0x991D, 0xA13D, 0xA93D, 0xA93D, 0xB11D, 0xB11C, 0xB0FB, 0xB0DB, 0xB0DA,   // 0x0470 (1136) pixels
0xA8B9, 0xA8B8, 0xA899, 0xB099, 0xB099, 0xB078, 0xA857, 0xA857, 0xA836, 0xA856, 0xB036, 0xB837, 0xB036, 0xA835, 0x9853, 0x9852,   // 0x0480 (1152) pixels
0x2C1F, 0x1BFF, 0x137D, 0x12FA, 0x12DA, 0x12FA, 0x1B1B, 0x233C, 0x2B5D, 0x335D, 0x3B7D, 0x439E, 0x4B9E, 0x4BBF, 0x53BF, 0x5BBF,   // 0x0490 (1168) pixels
0x5B9F, 0x5B7F, 0x5B5F, 0x5B3F, 0x5AFF, 0x5A9F, 0x525E, 0x51FE, 0x51DD, 0x51DE, 0x59BE, 0x61BE, 0x619D, 0x697D, 0x695D, 0x693C,   // 0x04A0 (1184) pixels
0x691B, 0x68FA, 0x68F9, 0x70F9, 0x70D8, 0x78D8, 0x78D8, 0x80D8, 0x88F9, 0x993B, 0xA95C, 0xA95C, 0xA95B, 0xA93B, 0xA91A, 0xA8FA,   // 0x04B0 (1200) pixels
0xA8D9, 0xA8B8, 0xA097, 0xA096, 0x9876, 0x9855, 0x9054, 0x9034, 0x9033, 0x9833, 0x9834, 0xA034, 0xA835, 0xA033, 0x9833, 0x9852,   // 0x04C0 (1216) pixels
0x1BBD, 0x139E, 0x135D, 0x12FB, 0x12B9, 0x1298, 0x1278, 0x1A98, 0x22B9, 0x2ADA, 0x331C, 0x333D, 0x3B3E, 0x435E, 0x435F, 0x4B3F,   // 0x04D0 (1232) pixels
0x4B3F, 0x4B1F, 0x4ADF, 0x4ABE, 0x4A7E, 0x4A3E, 0x4A1D, 0x49DD, 0x49BD, 0x497C, 0x495C, 0x515B, 0x513B, 0x591B, 0x591B, 0x60FA,   // 0x04E0 (1248) pixels
0x60D9, 0x60D8, 0x60D7, 0x60B6, 0x68B6, 0x68B6, 0x68B6, 0x70B6, 0x70B6, 0x78B6, 0x88D7, 0x9919, 0xA13A, 0xA95B, 0xA95A, 0xA138,   // 0x04F0 (1264) pixels
0x9916, 0x98D6, 0x98D5, 0x9095, 0x9074, 0x8853, 0x8832, 0x8832, 0x8812, 0x8812, 0x9012, 0x9833, 0xA014, 0xA815, 0xA814, 0xA835,   // 0x0500 (1280) pixels
0x12F9, 0x12FA, 0x0AFA, 0x0ABA, 0x0A78, 0x1256, 0x1235, 0x1A35, 0x1A36, 0x2257, 0x2299, 0x2ABB, 0x32DC, 0x32DD, 0x3ADD, 0x3ADE,   // 0x0510 (1296) pixels
0x3ABE, 0x3A9E, 0x3A7E, 0x425D, 0x423D, 0x41FC, 0x39BC, 0x397B, 0x415B, 0x413A, 0x413A, 0x491A, 0x511A, 0x50F9, 0x50FA, 0x50D9,   // 0x0520 (1312) pixels
0x50D7, 0x50B5, 0x58B5, 0x5894, 0x5894, 0x5893, 0x6094, 0x6094, 0x6894, 0x70B4, 0x70B4, 0x78D5, 0x80D5, 0x88F6, 0x90F7, 0x90F7,   // 0x0530 (1328) pixels
0x90D5, 0x88D4, 0x80B3, 0x8092, 0x8072, 0x7851, 0x7831, 0x7830, 0x7810, 0x8010, 0x8811, 0x9012, 0x9813, 0xA014, 0xA014, 0xA034,   // 0x0540 (1344) pixels
0x1295, 0x0A76, 0x0A56, 0x0A36, 0x0A35, 0x0A14, 0x11F3, 0x11F2, 0x11F3, 0x19F3, 0x1A15, 0x2236, 0x2238, 0x2A59, 0x2A5A, 0x2A5B,   // 0x0550 (1360) pixels
0x323B, 0x321B, 0x321B, 0x31FB, 0x31DB, 0x399A, 0x317A, 0x3959, 0x3938, 0x3918, 0x3918, 0x40F7, 0x40D6, 0x40D6, 0x40D5, 0x48B5,   // 0x0560 (1376) pixels
0x48B4, 0x4893, 0x4892, 0x4872, 0x5071, 0x5071, 0x5071, 0x5871, 0x5871, 0x6092, 0x6892, 0x68B2, 0x70B3, 0x70B3, 0x78B3, 0x78B3,   // 0x0570 (1392) pixels
0x78B2, 0x7892, 0x7891, 0x7071, 0x7070, 0x704F, 0x702F, 0x700F, 0x700E, 0x700F, 0x700F, 0x7810, 0x8010, 0x8010, 0x8810, 0x8030,   // 0x0580 (1408) pixels
0x0A32, 0x0A13, 0x09F3, 0x09D2, 0x09B1, 0x09B0, 0x0990, 0x098F, 0x0990, 0x11B0, 0x11B1, 0x19D2, 0x19D3, 0x19D4, 0x21D5, 0x21D6,   // 0x0590 (1424) pixels
0x21D6, 0x29B7, 0x29B7, 0x2998, 0x2978, 0x2958, 0x2938, 0x3117, 0x3116, 0x30F6, 0x38D6, 0x38D6, 0x38B5, 0x38B4, 0x3893, 0x3892,   // 0x05A0 (1440) pixels
0x4071, 0x4071, 0x4070, 0x404F, 0x404F, 0x404F, 0x484F, 0x484F, 0x504F, 0x506F, 0x586F, 0x5870, 0x6090, 0x6090, 0x6890, 0x6890,   // 0x05B0 (1456) pixels
0x6870, 0x6870, 0x684F, 0x684F, 0x604E, 0x602E, 0x600E, 0x600D, 0x600D, 0x600D, 0x680D, 0x700E, 0x700E, 0x780E, 0x780E, 0x700E,   // 0x05C0 (1472) pixels
0x09CF, 0x01B0, 0x01B0, 0x018F, 0x016E, 0x016E, 0x014D, 0x094D, 0x094D, 0x094D, 0x114E, 0x116F, 0x1170, 0x1170, 0x1971, 0x1972,   // 0x05D0 (1488) pixels
0x1972, 0x1953, 0x1953, 0x2154, 0x2134, 0x2114, 0x28F4, 0x28F3, 0x28D3, 0x28D2, 0x28B2, 0x30B2, 0x3091, 0x3091, 0x3070, 0x3070,   // 0x05E0 (1504) pixels
0x386F, 0x384F, 0x384E, 0x384E, 0x384D, 0x384D, 0x384D, 0x404D, 0x404D, 0x404D, 0x484D, 0x484D, 0x506D, 0x506D, 0x586E, 0x586E,   // 0x05F0 (1520) pixels
0x584E, 0x584E, 0x584D, 0x582D, 0x582D, 0x582D, 0x580C, 0x580C, 0x580C, 0x580C, 0x600C, 0x600C, 0x600C, 0x680D, 0x680D, 0x680C,   // 0x0600 (1536) pixels
0x016D, 0x016D, 0x014D, 0x014D, 0x012C, 0x012B, 0x010B, 0x010B, 0x090B, 0x090B, 0x090C, 0x090C, 0x090D, 0x112D, 0x110E, 0x112F,   // 0x0610 (1552) pixels
0x112F, 0x1110, 0x1910, 0x18F1, 0x18F1, 0x18F1, 0x20D1, 0x20B0, 0x20B0, 0x20B0, 0x288F, 0x288F, 0x288E, 0x286E, 0x286D, 0x284D,   // 0x0620 (1568) pixels
0x284C, 0x284C, 0x284C, 0x304B, 0x302B, 0x302B, 0x302B, 0x382B, 0x382B, 0x382B, 0x382B, 0x402B, 0x402B, 0x402B, 0x484B, 0x482C,   // 0x0630 (1584) pixels
0x482C, 0x502C, 0x502C, 0x502C, 0x502C, 0x500B, 0x500B, 0x500B, 0x500B, 0x500A, 0x500A, 0x500B, 0x580B, 0x580B, 0x580B, 0x580B,   // 0x0640 (1600) pixels
0x012A, 0x012B, 0x010A, 0x010A, 0x00EA, 0x00E9, 0x00C9, 0x00C9, 0x00C9, 0x00C9, 0x00C9, 0x08CA, 0x08CA, 0x08CA, 0x08CB, 0x10CB,   // 0x0650 (1616) pixels
0x10CC, 0x10CD, 0x10CD, 0x10CE, 0x10CF, 0x18AF, 0x18AF, 0x188E, 0x188E, 0x188D, 0x206D, 0x206C, 0x206C, 0x206C, 0x204B, 0x204B,   // 0x0660 (1632) pixels
0x204A, 0x202A, 0x282A, 0x282A, 0x2829, 0x2829, 0x282A, 0x302A, 0x3029, 0x3029, 0x3029, 0x3029, 0x3029, 0x3829, 0x3809, 0x382A,   // 0x0670 (1648) pixels
0x402A, 0x400A, 0x400A, 0x480A, 0x480A, 0x480A, 0x480A, 0x480A, 0x4809, 0x4809, 0x4809, 0x4809, 0x4809, 0x4809, 0x5009, 0x4809,   // 0x0680 (1664) pixels
0x00E8, 0x00E9, 0x00C8, 0x00C8, 0x00C8, 0x00A8, 0x00A7, 0x00A7, 0x00A7, 0x00A7, 0x0088, 0x0088, 0x00A8, 0x00A8, 0x08A8, 0x08A9,   // 0x0690 (1680) pixels
0x08A9, 0x08AA, 0x088A, 0x108B, 0x108C, 0x108C, 0x108C, 0x106C, 0x186B, 0x186B, 0x186B, 0x184A, 0x184A, 0x1849, 0x1849, 0x1829,   // 0x06A0 (1696) pixels
0x2029, 0x2028, 0x2028, 0x2028, 0x2028, 0x2028, 0x2028, 0x2828, 0x2808, 0x2808, 0x2808, 0x2807, 0x2808, 0x2808, 0x3008, 0x3008,   // 0x06B0 (1712) pixels
0x3008, 0x3808, 0x3809, 0x3809, 0x3809, 0x4009, 0x4008, 0x3808, 0x3808, 0x3808, 0x4008, 0x4008, 0x4008, 0x4008, 0x4008, 0x4008,   // 0x06C0 (1728) pixels
0x00A7, 0x00A7, 0x00A7, 0x00A6, 0x0086, 0x0086, 0x0086, 0x0086, 0x0086, 0x0066, 0x0086, 0x0086, 0x0066, 0x0066, 0x0067, 0x0067,   // 0x06D0 (1744) pixels
0x0867, 0x0868, 0x0868, 0x0869, 0x0869, 0x106A, 0x106A, 0x1069, 0x1069, 0x1049, 0x1048, 0x1048, 0x1048, 0x1047, 0x1047, 0x1027,   // 0x06E0 (1760) pixels
0x1827, 0x1827, 0x1826, 0x1826, 0x1827, 0x2007, 0x2007, 0x2007, 0x2007, 0x2006, 0x2006, 0x2006, 0x2006, 0x2006, 0x2006, 0x2806,   // 0x06F0 (1776) pixels
0x2807, 0x2807, 0x3007, 0x3007, 0x3007, 0x3007, 0x3007, 0x3007, 0x3007, 0x3006, 0x3006, 0x3006, 0x3006, 0x3807, 0x3807, 0x3006,   // 0x0700 (1792) pixels
0x0085, 0x0085, 0x0085, 0x0085, 0x0065, 0x0065, 0x0065, 0x0065, 0x0065, 0x0065, 0x0065, 0x0065, 0x0065, 0x0045, 0x0045, 0x0045,   // 0x0710 (1808) pixels
0x0046, 0x0846, 0x0846, 0x0847, 0x0848, 0x0848, 0x0848, 0x0848, 0x0847, 0x1047, 0x1047, 0x1026, 0x1026, 0x1026, 0x1025, 0x1025,   // 0x0720 (1824) pixels
0x1025, 0x1025, 0x1025, 0x1005, 0x1805, 0x1805, 0x1805, 0x1805, 0x1805, 0x1805, 0x1805, 0x1805, 0x1805, 0x1805, 0x1805, 0x1805,   // 0x0730 (1840) pixels
0x2005, 0x2005, 0x2005, 0x2005, 0x2806, 0x2805, 0x2805, 0x2805, 0x2805, 0x2805, 0x2805, 0x2805, 0x2805, 0x2805, 0x2805, 0x2805,   // 0x0740 (1856) pixels
0x0064, 0x0064, 0x0064, 0x0064, 0x0043, 0x0043, 0x0044, 0x0043, 0x0044, 0x0044, 0x0044, 0x0044, 0x0044, 0x0044, 0x0044, 0x0044,   // 0x0750 (1872) pixels
0x0044, 0x0044, 0x0845, 0x0845, 0x0846, 0x0846, 0x0846, 0x0846, 0x0846, 0x0825, 0x0825, 0x0825, 0x0825, 0x0824, 0x0824, 0x0824,   // 0x0760 (1888) pixels
0x0824, 0x0804, 0x0824, 0x1024, 0x1004, 0x1004, 0x1004, 0x1004, 0x1004, 0x1004, 0x1004, 0x1003, 0x1003, 0x1003, 0x1804, 0x1804,   // 0x0770 (1904) pixels
0x1804, 0x1804, 0x1804, 0x1804, 0x1804, 0x2004, 0x2004, 0x2004, 0x2004, 0x2004, 0x2004, 0x2004, 0x2004, 0x2004, 0x2004, 0x2004,   // 0x0780 (1920) pixels
0x0043, 0x0043, 0x0043, 0x0043, 0x0043, 0x0023, 0x0023, 0x0043, 0x0023, 0x0023, 0x0023, 0x0023, 0x0023, 0x0023, 0x0023, 0x0023,   // 0x0790 (1936) pixels
0x0023, 0x0023, 0x0023, 0x0024, 0x0024, 0x0824, 0x0824, 0x0824, 0x0824, 0x0824, 0x0824, 0x0823, 0x0803, 0x0803, 0x0803, 0x0803,   // 0x07A0 (1952) pixels
0x0803, 0x0803, 0x0803, 0x0803, 0x0803, 0x0803, 0x1003, 0x1003, 0x1003, 0x1003, 0x1003, 0x1003, 0x1003, 0x1003, 0x1003, 0x1003,   // 0x07B0 (1968) pixels
0x1003, 0x1003, 0x1803, 0x1803, 0x1803, 0x1803, 0x1803, 0x1803, 0x1803, 0x1803, 0x1803, 0x1803, 0x1804, 0x1804, 0x1803, 0x1803,   // 0x07C0 (1984) pixels
0x0022, 0x0022, 0x0022, 0x0022, 0x0022, 0x0022, 0x0022, 0x0022, 0x0022, 0x0022, 0x0022, 0x0022, 0x0022, 0x0022, 0x0022, 0x0022,   // 0x07D0 (2000) pixels
0x0022, 0x0022, 0x0022, 0x0023, 0x0023, 0x0023, 0x0023, 0x0023, 0x0823, 0x0823, 0x0023, 0x0803, 0x0803, 0x0802, 0x0802, 0x0802,   // 0x07E0 (2016) pixels
0x0802, 0x0802, 0x0802, 0x0802, 0x0802, 0x0802, 0x0802, 0x0802, 0x0802, 0x0802, 0x0802, 0x0802, 0x0802, 0x0802, 0x0802, 0x0802,   // 0x07F0 (2032) pixels
0x1002, 0x1002, 0x1002, 0x1002, 0x1002, 0x1002, 0x1002, 0x1002, 0x1803, 0x1802, 0x1802, 0x1803, 0x1803, 0x1803, 0x1803, 0x1803,   // 0x0800 (2048) pixels
};

const unsigned short Frame_Tron[2048] PROGMEM={
0x096B, 0x1252, 0x22F5, 0x2317, 0x2337, 0x2358, 0x2378, 0x23B9, 0x2BDA, 0x2BFA, 0x2C1A, 0x343B, 0x345B, 0x347C, 0x349C, 0x3CBC,   // 0x0010 (16) pixels
0x3CDD, 0x3CFD, 0x451D, 0x453D, 0x455D, 0x457E, 0x4D9E, 0x4D9E, 0x4D9E, 0x4DBE, 0x4DBE, 0x4D9E, 0x4D9E, 0x4DBE, 0x4DBE, 0x4DBE,   // 0x0020 (32) pixels
0x55BE, 0x55BE, 0x55BE, 0x55BE, 0x55BE, 0x55BE, 0x55BE, 0x55BE, 0x55BE, 0x55BE, 0x55BE, 0x55DE, 0x55DE, 0x55DE, 0x55DE, 0x55DE,   // 0x0030 (48) pixels
0x55DE, 0x5DDE, 0x5DDE, 0x5DDE, 0x5DDE, 0x5DDE, 0x5DFE, 0x5DFE, 0x5DFE, 0x5DFE, 0x5E1E, 0x661E, 0x661E, 0x661E, 0x5DBE, 0x1BBA,   // 0x0040 (64) pixels
0x09CF, 0x33FA, 0x2B99, 0x2378, 0x2B78, 0x2B99, 0x2BB9, 0x2BDA, 0x33FA, 0x341A, 0x343B, 0x345B, 0x3C7C, 0x3C9C, 0x3CBC, 0x3CDD,   // 0x0050 (80) pixels
0x44FD, 0x451D, 0x453D, 0x455D, 0x4D7E, 0x4D9E, 0x4DBE, 0x55BE, 0x55BE, 0x55BE, 0x55BE, 0x55BE, 0x55BE, 0x55BE, 0x55DE, 0x55DE,   // 0x0060 (96) pixels
0x5DDE, 0x5DDE, 0x5DDE, 0x55DE, 0x55DE, 0x5DDE, 0x55DE, 0x5DDE, 0x5DDE, 0x5DDE, 0x5DDE, 0x5DFE, 0x5DFE, 0x5DFE, 0x5DFE, 0x5DFE,   // 0x0070 (112) pixels
0x5DFE, 0x65FE, 0x65FE, 0x65FE, 0x65FE, 0x65FE, 0x661E, 0x661E, 0x663E, 0x663E, 0x6E5E, 0x6E7E, 0x6E9F, 0x873F, 0xCFFF, 0x455E,   // 0x0080 (128) pixels
0x1210, 0x2B79, 0x0A33, 0x09D0, 0x09D0, 0x09D0, 0x09F0, 0x09F0, 0x09F1, 0x09F1, 0x0A12, 0x0A12, 0x0A33, 0x0A53, 0x0A54, 0x0A75,   // 0x0090 (144) pixels
0x0A75, 0x0A76, 0x0A96, 0x0A96, 0x0AB7, 0x12B7, 0x12D7, 0x12D8, 0x12D8, 0x0AD8, 0x0AF8, 0x0AF8, 0x0AF8, 0x12F8, 0x12F8, 0x12F8,   // 0x00A0 (160) pixels
0x0AF8, 0x0AF8, 0x12F8, 0x12F8, 0x12F8, 0x12F8, 0x12F8, 0x12F8, 0x12F8, 0x12F8, 0x0AF8, 0x12F9, 0x12F9, 0x1319, 0x0B19, 0x1319,   // 0x00B0 (176) pixels
0x1319, 0x1319, 0x1319, 0x0B39, 0x133A, 0x133A, 0x135A, 0x135A, 0x137A, 0x137B, 0x13BB, 0x1BFC, 0x1C7D, 0x257E, 0xA77F, 0x457E,   // 0x00C0 (192) pixels
0x11EF, 0x2337, 0x09F0, 0x098D, 0x098C, 0x096C, 0x096C, 0x096C, 0x098C, 0x098D, 0x098D, 0x098D, 0x09AE, 0x09AE, 0x09AE, 0x09CE,   // 0x00D0 (208) pixels
0x09CF, 0x09CF, 0x09CF, 0x09F0, 0x09F0, 0x09F1, 0x0A11, 0x0A11, 0x0A11, 0x0A11, 0x0A11, 0x0A11, 0x0A11, 0x0A12, 0x0A12, 0x0A32,   // 0x00E0 (224) pixels
0x0A12, 0x0A12, 0x0A12, 0x0A12, 0x0A32, 0x0A12, 0x0A12, 0x0A12, 0x0A32, 0x0A32, 0x0A32, 0x0A32, 0x0A32, 0x0A32, 0x0A32, 0x0A33,   // 0x00F0 (240) pixels
0x0A53, 0x0A53, 0x0A53, 0x0A54, 0x1274, 0x1274, 0x1275, 0x1295, 0x1296, 0x12B7, 0x12F8, 0x133A, 0x1BBB, 0x24DD, 0x9F3F, 0x457E,   // 0x0100 (256) pixels
0x11CE, 0x2316, 0x09CF, 0x096C, 0x094A, 0x092A, 0x092A, 0x092A, 0x092A, 0x092A, 0x094A, 0x094B, 0x094B, 0x094B, 0x094B, 0x096C,   // 0x0110 (272) pixels
0x096C, 0x096C, 0x096C, 0x098C, 0x098D, 0x098D, 0x098D, 0x098D, 0x098D, 0x098D, 0x098E, 0x098E, 0x09AE, 0x09AE, 0x09AE, 0x09AE,   // 0x0120 (288) pixels
0x09AE, 0x09AE, 0x09AE, 0x09AE, 0x09AE, 0x09AE, 0x09AE, 0x09AE, 0x09AE, 0x09AE, 0x09AE, 0x09AE, 0x09AE, 0x09CE, 0x09CF, 0x09CF,   // 0x0130 (304) pixels
0x09CF, 0x09CF, 0x09F0, 0x09F0, 0x09F0, 0x0A11, 0x0A11, 0x0A32, 0x0A32, 0x0A53, 0x1295, 0x12D7, 0x133A, 0x247D, 0x9F3F, 0x455E,   // 0x0140 (320) pixels
0x09AD, 0x22D4, 0x09AE, 0x094A, 0x0929, 0x0909, 0x0108, 0x0108, 0x0108, 0x0108, 0x0109, 0x0909, 0x0909, 0x0909, 0x0929, 0x0929,   // 0x0150 (336) pixels
0x0929, 0x0929, 0x092A, 0x092A, 0x092A, 0x092A, 0x094A, 0x094A, 0x094A, 0x094A, 0x094B, 0x094B, 0x094B, 0x094B, 0x094B, 0x094B,   // 0x0160 (352) pixels
0x094B, 0x094B, 0x094B, 0x094B, 0x094B, 0x094B, 0x094B, 0x094B, 0x094B, 0x094B, 0x094B, 0x094B, 0x096B, 0x096C, 0x096C, 0x096C,   // 0x0170 (368) pixels
0x096C, 0x098D, 0x098D, 0x09AE, 0x09AE, 0x09CE, 0x09CF, 0x09EF, 0x09F0, 0x0A11, 0x0A53, 0x1295, 0x12F9, 0x1C3C, 0x9F1F, 0x453D,   // 0x0180 (384) pixels
0x098D, 0x2293, 0x098C, 0x0929, 0x0908, 0x00E7, 0x00E7, 0x00E7, 0x08E7, 0x00E7, 0x00E7, 0x00E7, 0x00E7, 0x00E7, 0x00E7, 0x00E7,   // 0x0190 (400) pixels
0x00E8, 0x0108, 0x0108, 0x0108, 0x0108, 0x0108, 0x0908, 0x0108, 0x0109, 0x0109, 0x0109, 0x0109, 0x0109, 0x0909, 0x0929, 0x0929,   // 0x01A0 (416) pixels
0x0929, 0x0929, 0x0929, 0x0929, 0x0929, 0x0929, 0x0929, 0x0929, 0x0929, 0x0129, 0x0129, 0x0129, 0x0129, 0x092A, 0x092A, 0x092A,   // 0x01B0 (432) pixels
0x094A, 0x094B, 0x094B, 0x096C, 0x096C, 0x098D, 0x098D, 0x09AE, 0x09CE, 0x09EF, 0x0A11, 0x0A53, 0x12D7, 0x1C1C, 0x9F1F, 0x453D,   // 0x01C0 (448) pixels
0x096B, 0x1A52, 0x096B, 0x0908, 0x08E7, 0x08C7, 0x08C7, 0x08C6, 0x08C6, 0x08C6, 0x00C6, 0x00A6, 0x00C6, 0x00C6, 0x00C6, 0x00C6,   // 0x01D0 (464) pixels
0x00C6, 0x00C7, 0x00C6, 0x00C6, 0x00C7, 0x00E7, 0x00E7, 0x00E7, 0x00E7, 0x00E7, 0x00E7, 0x00E7, 0x00E7, 0x00E7, 0x00E7, 0x00E7,   // 0x01E0 (480) pixels
0x00E7, 0x00E7, 0x00E7, 0x00E7, 0x00E7, 0x00E7, 0x00E7, 0x00E7, 0x00E7, 0x00E7, 0x00E7, 0x0107, 0x0108, 0x0108, 0x0108, 0x0109,   // 0x01F0 (496) pixels
0x0109, 0x0129, 0x092A, 0x092A, 0x094A, 0x094B, 0x096C, 0x096C, 0x09AD, 0x09AE, 0x09F0, 0x1232, 0x12B6, 0x1BDC, 0x9F1F, 0x451D,   // 0x0200 (512) pixels
0x114A, 0x1A30, 0x094A, 0x08E7, 0x08C7, 0x08C6, 0x08A6, 0x08A6, 0x00A6, 0x00A6, 0x00A5, 0x00A5, 0x00A5, 0x00A5, 0x00A5, 0x00A5,   // 0x0210 (528) pixels
0x00A5, 0x00A5, 0x00A5, 0x00A5, 0x00A6, 0x00A6, 0x00A6, 0x00A6, 0x00A6, 0x00A6, 0x00A6, 0x00A6, 0x00A6, 0x00C6, 0x00C6, 0x00C6,   // 0x0220 (544) pixels
0x00A6, 0x00A6, 0x00A6, 0x00A6, 0x00C6, 0x00C6, 0x00C6, 0x00C6, 0x00C6, 0x00C6, 0x00C6, 0x00C6, 0x00C6, 0x00C7, 0x00E7, 0x00E7,   // 0x0230 (560) pixels
0x00E7, 0x0108, 0x0108, 0x0128, 0x0929, 0x092A, 0x094A, 0x094B, 0x096C, 0x098D, 0x09CF, 0x0A11, 0x1276, 0x1BDB, 0xA71F, 0x451D,   // 0x0240 (576) pixels
0x112A, 0x1A0F, 0x0929, 0x08C7, 0x08C6, 0x08A6, 0x08A5, 0x08A5, 0x0085, 0x0085, 0x0084, 0x0084, 0x0084, 0x0084, 0x0084, 0x0084,   // 0x0250 (592) pixels
0x0084, 0x0084, 0x0084, 0x0084, 0x0084, 0x0084, 0x0085, 0x0085, 0x0085, 0x0085, 0x00A5, 0x0085, 0x0085, 0x0085, 0x0085, 0x0085,   // 0x0260 (608) pixels
0x00A5, 0x00A5, 0x00A5, 0x00A5, 0x00A5, 0x00A5, 0x0085, 0x0085, 0x0085, 0x0085, 0x00A5, 0x00A5, 0x00A5, 0x00A6, 0x00A6, 0x00A6,   // 0x0270 (624) pixels
0x00C6, 0x00C7, 0x00E7, 0x00E7, 0x0108, 0x0908, 0x0929, 0x092A, 0x094A, 0x096C, 0x09AD, 0x09EF, 0x1254, 0x1B9B, 0xA6FF, 0x44FD,   // 0x0280 (640) pixels
0x1109, 0x19CD, 0x1108, 0x08C6, 0x08A5, 0x0885, 0x0884, 0x0884, 0x0864, 0x0864, 0x0884, 0x0864, 0x0064, 0x0064, 0x0063, 0x0063,   // 0x0290 (656) pixels
0x0063, 0x0063, 0x0063, 0x0063, 0x0063, 0x0063, 0x0063, 0x0063, 0x0063, 0x0083, 0x0083, 0x0083, 0x0084, 0x0084, 0x0084, 0x0084,   // 0x02A0 (672) pixels
0x0084, 0x0084, 0x0084, 0x0084, 0x0084, 0x0084, 0x0084, 0x0084, 0x0084, 0x0084, 0x0084, 0x0084, 0x0084, 0x0084, 0x0085, 0x0085,   // 0x02B0 (688) pixels
0x00A5, 0x00A6, 0x00A6, 0x00C6, 0x00C6, 0x00E7, 0x0108, 0x0908, 0x0929, 0x094A, 0x096C, 0x09CE, 0x1233, 0x1B5A, 0xA6FF, 0x44DD,   // 0x02C0 (704) pixels
0x10E8, 0x19AC, 0x10E8, 0x10A6, 0x1085, 0x1084, 0x1084, 0x0864, 0x0863, 0x0863, 0x0863, 0x0863, 0x0843, 0x0043, 0x0043, 0x0043,   // 0x02D0 (720) pixels
0x0043, 0x0043, 0x0043, 0x0043, 0x0043, 0x0043, 0x0043, 0x0043, 0x0043, 0x0063, 0x0063, 0x0043, 0x0063, 0x0063, 0x0063, 0x0043,   // 0x02E0 (736) pixels
0x0043, 0x0043, 0x0043, 0x0043, 0x0043, 0x0063, 0x0043, 0x0063, 0x0063, 0x0063, 0x0063, 0x0063, 0x0063, 0x0063, 0x0083, 0x0084,   // 0x02F0 (752) pixels
0x0084, 0x0084, 0x0085, 0x00A5, 0x00A6, 0x08C6, 0x08C7, 0x08E7, 0x0908, 0x0929, 0x094B, 0x098D, 0x11F0, 0x1319, 0xA6DF, 0x449C,   // 0x0300 (768) pixels
0x18E7, 0x216B, 0x18C7, 0x10A5, 0x1084, 0x1084, 0x1064, 0x1063, 0x0863, 0x0863, 0x0843, 0x0843, 0x0842, 0x0842, 0x0042, 0x0022,   // 0x0310 (784) pixels
0x0022, 0x0042, 0x0042, 0x0042, 0x0042, 0x0042, 0x0022, 0x0022, 0x0022, 0x0042, 0x0042, 0x0042, 0x0042, 0x0042, 0x0042, 0x0042,   // 0x0320 (800) pixels
0x0042, 0x0042, 0x0042, 0x0042, 0x0042, 0x0042, 0x0042, 0x0042, 0x0042, 0x0042, 0x0042, 0x0042, 0x0042, 0x0043, 0x0043, 0x0063,   // 0x0330 (816) pixels
0x0063, 0x0063, 0x0084, 0x0084, 0x0085, 0x00A5, 0x08A6, 0x08C6, 0x08C7, 0x08E8, 0x0929, 0x094B, 0x11AE, 0x1275, 0x9E5E, 0x3BD9,   // 0x0340 (832) pixels
0x18C6, 0x212A, 0x18A6, 0x1885, 0x1884, 0x1064, 0x1063, 0x1063, 0x1043, 0x0842, 0x0842, 0x0842, 0x0842, 0x0842, 0x0821, 0x0821,   // 0x0350 (848) pixels
0x0021, 0x0021, 0x0021, 0x0021, 0x0021, 0x0021, 0x0021, 0x0021, 0x0021, 0x0021, 0x0021, 0x0021, 0x0021, 0x0021, 0x0021, 0x0021,   // 0x0360 (864) pixels
0x0021, 0x0021, 0x0021, 0x0021, 0x0021, 0x0021, 0x0021, 0x0021, 0x0021, 0x0021, 0x0021, 0x0022, 0x0021, 0x0022, 0x0042, 0x0042,   // 0x0370 (880) pixels
0x0042, 0x0043, 0x0063, 0x0063, 0x0064, 0x0084, 0x0085, 0x08A5, 0x08A6, 0x08C7, 0x08E7, 0x0909, 0x114B, 0x11AE, 0x32B4, 0x1A11,   // 0x0380 (896) pixels
0x20A5, 0x2908, 0x20A6, 0x2085, 0x2064, 0x1864, 0x1843, 0x1843, 0x1042, 0x1042, 0x0842, 0x0842, 0x0841, 0x0821, 0x0821, 0x0821,   // 0x0390 (912) pixels
0x0021, 0x0021, 0x0021, 0x0021, 0x0021, 0x0021, 0x0021, 0x0021, 0x0021, 0x0021, 0x0021, 0x0021, 0x0021, 0x0021, 0x0021, 0x0021,   // 0x03A0 (928) pixels
0x0021, 0x0021, 0x0021, 0x0021, 0x0021, 0x0021, 0x0021, 0x0021, 0x0021, 0x0021, 0x0021, 0x0021, 0x0021, 0x0021, 0x0021, 0x0022,   // 0x03B0 (944) pixels
0x0022, 0x0042, 0x0042, 0x0843, 0x0863, 0x0863, 0x0884, 0x0884, 0x0885, 0x08A6, 0x08C6, 0x10E7, 0x1108, 0x1129, 0x212B, 0x192A,   // 0x03C0 (960) pixels
0x3085, 0x30E8, 0x3085, 0x2884, 0x2864, 0x2063, 0x2043, 0x1842, 0x1842, 0x1842, 0x1042, 0x1022, 0x1022, 0x0821, 0x0821, 0x0821,   // 0x03D0 (976) pixels
0x0821, 0x0821, 0x0021, 0x0021, 0x0021, 0x0021, 0x0001, 0x0001, 0x0021, 0x0021, 0x0021, 0x0021, 0x0021, 0x0021, 0x0021, 0x0021,   // 0x03E0 (992) pixels
0x0021, 0x0021, 0x0021, 0x0021, 0x0021, 0x0021, 0x0021, 0x0021, 0x0021, 0x0021, 0x0021, 0x0021, 0x0021, 0x0021, 0x0021, 0x0021,   // 0x03F0 (1008) pixels
0x0021, 0x0841, 0x0842, 0x0842, 0x0843, 0x0843, 0x0863, 0x0864, 0x1064, 0x1084, 0x1085, 0x10A6, 0x18C7, 0x18C7, 0x28E8, 0x20C8,   // 0x0400 (1024) pixels
0x4086, 0x40C7, 0x4086, 0x3865, 0x3064, 0x2864, 0x2843, 0x2043, 0x2042, 0x1842, 0x1842, 0x1822, 0x1021, 0x1021, 0x1021, 0x0821,   // 0x0410 (1040) pixels
0x0821, 0x0821, 0x0821, 0x0821, 0x0821, 0x0821, 0x0820, 0x0820, 0x0820, 0x0820, 0x0820, 0x0821, 0x0820, 0x0820, 0x0820, 0x0820,   // 0x0420 (1056) pixels
0x0820, 0x0820, 0x0820, 0x0820, 0x0820, 0x0820, 0x0820, 0x0820, 0x0820, 0x0820, 0x0821, 0x0821, 0x0821, 0x0821, 0x0021, 0x0821,   // 0x0430 (1072) pixels
0x0821, 0x0821, 0x0822, 0x0842, 0x0842, 0x0843, 0x0843, 0x1063, 0x1063, 0x1064, 0x1084, 0x1085, 0x18A5, 0x18A6, 0x38E7, 0x20A6,   // 0x0440 (1088) pixels
0x70C7, 0x892A, 0x70A7, 0x5085, 0x4064, 0x3864, 0x3043, 0x2843, 0x2843, 0x2042, 0x2022, 0x1822, 0x1822, 0x1821, 0x1821, 0x1021,   // 0x0450 (1104) pixels
0x1001, 0x1001, 0x1001, 0x0800, 0x0800, 0x0800, 0x0820, 0x0800, 0x0800, 0x0820, 0x0820, 0x0820, 0x0820, 0x0820, 0x0820, 0x0820,   // 0x0460 (1120) pixels
0x0820, 0x0820, 0x0820, 0x0820, 0x0820, 0x0820, 0x0820, 0x0820, 0x0820, 0x0820, 0x0801, 0x0821, 0x0801, 0x0821, 0x0821, 0x0821,   // 0x0470 (1136) pixels
0x0821, 0x0821, 0x0821, 0x0841, 0x0842, 0x0842, 0x1042, 0x1043, 0x1063, 0x1063, 0x1064, 0x1884, 0x1884, 0x2085, 0x40C7, 0x28A6,   // 0x0480 (1152) pixels
0xB16C, 0xF518, 0xA90B, 0x68A6, 0x5085, 0x4864, 0x3864, 0x3043, 0x3043, 0x2843, 0x2822, 0x2022, 0x2022, 0x1822, 0x1821, 0x1821,   // 0x0490 (1168) pixels
0x1021, 0x1021, 0x1021, 0x1001, 0x1001, 0x1001, 0x1001, 0x1001, 0x1001, 0x1001, 0x1001, 0x1001, 0x1001, 0x1001, 0x1001, 0x1001,   // 0x04A0 (1184) pixels
0x1001, 0x1001, 0x1001, 0x1001, 0x1001, 0x1001, 0x1001, 0x1001, 0x1000, 0x1001, 0x1001, 0x1001, 0x1001, 0x1001, 0x1001, 0x1021,   // 0x04B0 (1200) pixels
0x1021, 0x1021, 0x1021, 0x1022, 0x1022, 0x1022, 0x1042, 0x1042, 0x1843, 0x1843, 0x1863, 0x1864, 0x2064, 0x2885, 0x48C7, 0x3085,   // 0x04C0 (1216) pixels
0xD1AE, 0xFDDB, 0xD14D, 0x80A7, 0x6086, 0x5065, 0x4864, 0x4064, 0x3843, 0x3043, 0x3043, 0x2842, 0x2822, 0x2022, 0x2022, 0x2021,   // 0x04D0 (1232) pixels
0x1821, 0x1821, 0x1821, 0x1821, 0x1821, 0x1821, 0x1821, 0x1821, 0x1821, 0x1821, 0x1821, 0x1821, 0x1821, 0x1821, 0x1821, 0x1821,   // 0x04E0 (1248) pixels
0x1821, 0x1821, 0x1821, 0x1021, 0x1021, 0x1821, 0x1821, 0x1821, 0x1001, 0x1021, 0x1021, 0x1021, 0x1021, 0x1021, 0x1021, 0x1021,   // 0x04F0 (1264) pixels
0x1021, 0x1021, 0x1821, 0x1822, 0x1822, 0x1822, 0x1842, 0x1842, 0x1842, 0x1843, 0x1863, 0x2063, 0x2064, 0x3064, 0x58E7, 0x3885,   // 0x0500 (1280) pixels
0xD9EF, 0xFDFA, 0xD98E, 0x90A8, 0x70A7, 0x6085, 0x5064, 0x4864, 0x4044, 0x3843, 0x3843, 0x3043, 0x3042, 0x2842, 0x2822, 0x2822,   // 0x0510 (1296) pixels
0x2022, 0x2022, 0x2021, 0x2021, 0x2021, 0x2021, 0x2021, 0x2021, 0x2021, 0x2021, 0x2021, 0x2021, 0x2021, 0x2021, 0x2021, 0x2021,   // 0x0520 (1312) pixels
0x2021, 0x1821, 0x1821, 0x1821, 0x1821, 0x2021, 0x2021, 0x1821, 0x1821, 0x1821, 0x1821, 0x1821, 0x1821, 0x1821, 0x1821, 0x1821,   // 0x0530 (1328) pixels
0x1821, 0x1821, 0x1822, 0x1822, 0x1822, 0x1822, 0x1842, 0x1842, 0x1842, 0x2042, 0x2043, 0x2043, 0x2863, 0x3864, 0x60E7, 0x4085,   // 0x0540 (1344) pixels
0xE1EF, 0xFDFB, 0xE18E, 0xA0A9, 0x78A7, 0x6886, 0x5865, 0x5064, 0x4864, 0x4064, 0x4063, 0x3843, 0x3843, 0x3043, 0x3043, 0x3042,   // 0x0550 (1360) pixels
0x2842, 0x2842, 0x2822, 0x2822, 0x2822, 0x2822, 0x2822, 0x2822, 0x2822, 0x2822, 0x2822, 0x2822, 0x2822, 0x2822, 0x2822, 0x2822,   // 0x0560 (1376) pixels
0x2822, 0x2822, 0x2822, 0x2822, 0x2822, 0x2022, 0x2822, 0x2022, 0x2022, 0x2022, 0x2022, 0x2022, 0x2022, 0x2022, 0x2022, 0x2022,   // 0x0570 (1392) pixels
0x2022, 0x2022, 0x2022, 0x2022, 0x2022, 0x2022, 0x2022, 0x2022, 0x2022, 0x2843, 0x2843, 0x2843, 0x3063, 0x4064, 0x6907, 0x4885,   // 0x0580 (1408) pixels
0xE20F, 0xFE1B, 0xE9AF, 0xA8C9, 0x80A7, 0x7086, 0x6085, 0x5885, 0x5065, 0x5064, 0x4864, 0x4864, 0x4063, 0x4043, 0x3843, 0x3843,   // 0x0590 (1424) pixels
0x3043, 0x3043, 0x3043, 0x3042, 0x3042, 0x3042, 0x3042, 0x3042, 0x3042, 0x3042, 0x3042, 0x3042, 0x2842, 0x3042, 0x3042, 0x2842,   // 0x05A0 (1440) pixels
0x2842, 0x2842, 0x2842, 0x2842, 0x2842, 0x2822, 0x2822, 0x2822, 0x2822, 0x2822, 0x2822, 0x2822, 0x2822, 0x2822, 0x2822, 0x2822,   // 0x05B0 (1456) pixels
0x2822, 0x2822, 0x2822, 0x2822, 0x2822, 0x2822, 0x2842, 0x2822, 0x2823, 0x2843, 0x2843, 0x3043, 0x3864, 0x4864, 0x7908, 0x5885,   // 0x05C0 (1472) pixels
0xEA30, 0xFE1B, 0xE9CF, 0xB0CA, 0x90A8, 0x78A7, 0x6886, 0x6086, 0x5885, 0x5865, 0x5065, 0x5064, 0x4864, 0x4864, 0x4864, 0x4043,   // 0x05D0 (1488) pixels
0x4043, 0x4043, 0x4043, 0x3843, 0x3843, 0x3843, 0x3843, 0x3843, 0x3843, 0x3843, 0x3843, 0x3843, 0x3843, 0x3843, 0x3843, 0x3843,   // 0x05E0 (1504) pixels
0x3843, 0x3843, 0x3843, 0x3843, 0x3043, 0x3043, 0x3043, 0x3043, 0x3043, 0x3043, 0x3043, 0x3043, 0x3042, 0x3042, 0x3042, 0x3042,   // 0x05F0 (1520) pixels
0x3042, 0x3042, 0x3042, 0x3042, 0x3042, 0x3043, 0x3043, 0x3043, 0x3043, 0x3043, 0x3043, 0x3043, 0x3864, 0x5065, 0x8109, 0x6086,   // 0x0600 (1536) pixels
0xEA30, 0xFE1A, 0xE9CF, 0xB8CA, 0x98C8, 0x80A7, 0x7887, 0x7086, 0x6886, 0x6086, 0x6085, 0x5865, 0x5865, 0x5065, 0x5065, 0x5064,   // 0x0610 (1552) pixels
0x4864, 0x4864, 0x4864, 0x4844, 0x4844, 0x4864, 0x4864, 0x4044, 0x4044, 0x4043, 0x4063, 0x4044, 0x4044, 0x4043, 0x4064, 0x4043,   // 0x0620 (1568) pixels
0x4044, 0x4043, 0x4043, 0x4043, 0x4044, 0x4043, 0x4043, 0x4063, 0x4043, 0x4043, 0x4043, 0x4043, 0x3843, 0x3843, 0x3843, 0x3843,   // 0x0630 (1584) pixels
0x3843, 0x3843, 0x3843, 0x3843, 0x3843, 0x3843, 0x3043, 0x3043, 0x3043, 0x3843, 0x3843, 0x3843, 0x4064, 0x5865, 0x9129, 0x6886,   // 0x0640 (1600) pixels
0xEA30, 0xFE1A, 0xE9EF, 0xC0EA, 0xA0C9, 0x90A8, 0x80A7, 0x78A7, 0x7086, 0x7086, 0x7086, 0x6886, 0x6086, 0x6085, 0x6085, 0x6085,   // 0x0650 (1616) pixels
0x5865, 0x5865, 0x5865, 0x5865, 0x5865, 0x5865, 0x5065, 0x5065, 0x5065, 0x5064, 0x5064, 0x5065, 0x5065, 0x5065, 0x5065, 0x5065,   // 0x0660 (1632) pixels
0x5065, 0x5065, 0x5064, 0x5064, 0x5064, 0x5064, 0x5064, 0x5064, 0x5064, 0x5064, 0x4864, 0x4864, 0x4864, 0x4864, 0x4864, 0x4864,   // 0x0670 (1648) pixels
0x4844, 0x4044, 0x4044, 0x4044, 0x4043, 0x4043, 0x4043, 0x4043, 0x4043, 0x4044, 0x4044, 0x4844, 0x4864, 0x6065, 0x994A, 0x70A7,   // 0x0680 (1664) pixels
0xEA30, 0xFE1B, 0xF230, 0xD0EB, 0xB0EA, 0xA0C9, 0x90C8, 0x88A8, 0x88A7, 0x80A7, 0x80A7, 0x78A7, 0x7887, 0x7886, 0x7086, 0x7086,   // 0x0690 (1680) pixels
0x7086, 0x6886, 0x6886, 0x6886, 0x6886, 0x6886, 0x6886, 0x6886, 0x6886, 0x6886, 0x6886, 0x6886, 0x6886, 0x6886, 0x6886, 0x6886,   // 0x06A0 (1696) pixels
0x6886, 0x6886, 0x6886, 0x6886, 0x6086, 0x6086, 0x6086, 0x6086, 0x6085, 0x6085, 0x6085, 0x6085, 0x6085, 0x5865, 0x5865, 0x5865,   // 0x06B0 (1712) pixels
0x5865, 0x5865, 0x5065, 0x5065, 0x5064, 0x5064, 0x5064, 0x5064, 0x4844, 0x4844, 0x4864, 0x5064, 0x5865, 0x6886, 0xA94B, 0x78A7,   // 0x06C0 (1728) pixels
0xEA30, 0xFE3B, 0xF271, 0xE10D, 0xC8EB, 0xB8EA, 0xA8C9, 0xA0C9, 0xA0C9, 0x98C8, 0x98A8, 0x98C8, 0x90A8, 0x90A8, 0x90A8, 0x88A8,   // 0x06D0 (1744) pixels
0x88A8, 0x88A8, 0x88A8, 0x88A7, 0x88A7, 0x80A7, 0x80A7, 0x80A7, 0x80A7, 0x80A7, 0x80A7, 0x80A7, 0x80A7, 0x80A7, 0x80A7, 0x80A7,   // 0x06E0 (1760) pixels
0x80A7, 0x80A7, 0x80A7, 0x80A7, 0x80A7, 0x80A7, 0x80A7, 0x80A7, 0x80A7, 0x78A7, 0x78A7, 0x7887, 0x7887, 0x70A6, 0x7086, 0x7086,   // 0x06F0 (1776) pixels
0x6886, 0x6886, 0x6886, 0x6886, 0x6085, 0x6085, 0x6085, 0x5865, 0x5865, 0x5865, 0x5865, 0x5865, 0x6085, 0x7886, 0xB16B, 0x80A7,   // 0x0700 (1792) pixels
0xEA30, 0xFE3B, 0xF2D2, 0xF16F, 0xE92D, 0xE0EC, 0xD8EC, 0xD0CB, 0xD0CB, 0xC8CB, 0xC8CB, 0xC8CA, 0xC8CA, 0xC8CA, 0xC0CA, 0xC0AA,   // 0x0710 (1808) pixels
0xC0AA, 0xC0AA, 0xC0AA, 0xC0AA, 0xC0AA, 0xB8AA, 0xB8AA, 0xB8AA, 0xB8AA, 0xB8AA, 0xB8AA, 0xB8AA, 0xB8AA, 0xB8AA, 0xB8AA, 0xB8AA,   // 0x0720 (1824) pixels
0xB8AA, 0xB8AA, 0xB8AA, 0xB8AA, 0xB8CA, 0xB8AA, 0xB8AA, 0xB8AA, 0xB0A9, 0xB0A9, 0xB0A9, 0xB0A9, 0xA8A9, 0xA8A9, 0xA0A8, 0xA0A8,   // 0x0730 (1840) pixels
0x9888, 0x9888, 0x9088, 0x9087, 0x8887, 0x8087, 0x8087, 0x7887, 0x7886, 0x7886, 0x7086, 0x7086, 0x7886, 0x8887, 0xC18C, 0x88C8,   // 0x0740 (1856) pixels
0xE1CF, 0xFE9C, 0xF538, 0xF477, 0xF436, 0xF415, 0xF3F5, 0xF3D5, 0xF3D5, 0xF3B5, 0xF3B5, 0xF394, 0xF394, 0xF394, 0xF394, 0xF394,   // 0x0750 (1872) pixels
0xF394, 0xF394, 0xF394, 0xF394, 0xF394, 0xF374, 0xF374, 0xF373, 0xF373, 0xF373, 0xF373, 0xF373, 0xF373, 0xF373, 0xF373, 0xF373,   // 0x0760 (1888) pixels
0xF373, 0xF373, 0xF353, 0xF353, 0xF353, 0xF353, 0xF353, 0xF353, 0xF333, 0xF333, 0xF312, 0xF2F2, 0xEAD2, 0xEAD1, 0xEAB1, 0xE291,   // 0x0770 (1904) pixels
0xE270, 0xE250, 0xE22F, 0xDA0F, 0xD9EF, 0xD1EE, 0xC9CE, 0xC9AD, 0xC9AD, 0xC18C, 0xB96C, 0xB96C, 0xB94B, 0xB94C, 0xD1EE, 0x88C8,   // 0x0780 (1920) pixels
0xC0EB, 0xEB32, 0xF456, 0xF476, 0xF476, 0xF476, 0xF476, 0xF456, 0xF456, 0xF456, 0xF436, 0xF436, 0xF436, 0xF436, 0xF436, 0xF436,   // 0x0790 (1936) pixels
0xF436, 0xF436, 0xF416, 0xF416, 0xF415, 0xF415, 0xF3F5, 0xF3F5, 0xF3F5, 0xF3F5, 0xF3F5, 0xF3F5, 0xF3F5, 0xF3F5, 0xF3F5, 0xF3F5,   // 0x07A0 (1952) pixels
0xF3F5, 0xF3F5, 0xF3F5, 0xF3D5, 0xF3D5, 0xF3D5, 0xF3D5, 0xF3D5, 0xF3D5, 0xF3D5, 0xF3B4, 0xF394, 0xF373, 0xF353, 0xEB33, 0xEAF2,   // 0x07B0 (1968) pixels
0xEAD2, 0xEAB1, 0xEA91, 0xE270, 0xE250, 0xE22F, 0xDA0F, 0xD9EF, 0xD1EE, 0xC9CD, 0xC9AD, 0xC18D, 0xB98C, 0xB98C, 0xA12A, 0x6085,   // 0x07C0 (1984) pixels
0x80A7, 0xA088, 0xB8AA, 0xC0CA, 0xC8CB, 0xC8CB, 0xC8EB, 0xC8CB, 0xC8CB, 0xC8CB, 0xC8CB, 0xC8CB, 0xC8CB, 0xC8CB, 0xC8CB, 0xC8CB,   // 0x07D0 (2000) pixels
0xC8CB, 0xC8CB, 0xC8CB, 0xC8CB, 0xC8CA, 0xC8CA, 0xC0CA, 0xC0CA, 0xC0CA, 0xC0CA, 0xC0CA, 0xC0CA, 0xC0CA, 0xC0CA, 0xC0CA, 0xC0CA,   // 0x07E0 (2016) pixels
0xC0CA, 0xC0CA, 0xC0CA, 0xC0CA, 0xC0CA, 0xC0CA, 0xC0CA, 0xC0CA, 0xC0CA, 0xC0CA, 0xB8AA, 0xB8AA, 0xB0A9, 0xB0A9, 0xA8A9, 0xA8A9,   // 0x07F0 (2032) pixels
0xA0A8, 0xA088, 0x9888, 0x9088, 0x9087, 0x8887, 0x8087, 0x8087, 0x7886, 0x7886, 0x7066, 0x6866, 0x6065, 0x5865, 0x5044, 0x4043,   // 0x0800 (2048) pixels
};
