// Generated by   : ImageConverter 565 Online
// Generated from : Night_Lights.png
// Time generated : Sat, 31 May 25 13:58:41 +0200  (Server timezone: CET)
// Image Size     : 64x32 pixels
// Memory usage   : 4096 bytes


#if defined(__AVR__)
    #include <avr/pgmspace.h>
#elif defined(__PIC32MX__)
    #define PROGMEM
#elif defined(__arm__)
    #define PROGMEM
#endif

const unsigned short World_Map_Mask[2048] PROGMEM={
/*
Key:
Land =  0x07E0,   Hollow = 0x0000
Water = 0x001F,   Hollow = 0xFFE0
Ice =   0xFFFF,   Hollow = 0xF800
*/
0x001F, 0x001F, 0x001F, 0x001F, 0x001F, 0x001F, 0x001F, 0x001F, 0x001F, 0x001F, 0x001F, 0x001F, 0x001F, 0x001F, 0xFFE0, 0xF800,   // 0x0010 (16) pixels
0xFFFF, 0xFFFF, 0xFFFF, 0xFFFF, 0xFFFF, 0xFFFF, 0xFFFF, 0xFFFF, 0xFFFF, 0xFFFF, 0xFFFF, 0xFFFF, 0xFFFF, 0xFFFF, 0xF800, 0xFFE0,   // 0x0020 (32) pixels
0x001F, 0x001F, 0x001F, 0x001F, 0x001F, 0x001F, 0x001F, 0x001F, 0x001F, 0x001F, 0x001F, 0x001F, 0x001F, 0x001F, 0x001F, 0x001F,   // 0x0030 (48) pixels
0x001F, 0x001F, 0x001F, 0x001F, 0x001F, 0x001F, 0x001F, 0x001F, 0x001F, 0x001F, 0x001F, 0x001F, 0x001F, 0x001F, 0x001F, 0x001F,   // 0x0040 (64) pixels
0x001F, 0x001F, 0x001F, 0x001F, 0x001F, 0x001F, 0x001F, 0x001F, 0x001F, 0x001F, 0x001F, 0xFFE0, 0xFFE0, 0x001F, 0xFFE0, 0xFFE0,   // 0x0050 (80) pixels
0xF800, 0xFFFF, 0xF800, 0xF800, 0xF800, 0xFFFF, 0xFFFF, 0xFFFF, 0xFFFF, 0xFFFF, 0xFFFF, 0xFFFF, 0xFFFF, 0xF800, 0xFFE0, 0x001F,   // 0x0060 (96) pixels
0x001F, 0x001F, 0x001F, 0x001F, 0x001F, 0x001F, 0x001F, 0x001F, 0x001F, 0x001F, 0xFFE0, 0x001F, 0x001F, 0x001F, 0x001F, 0x001F,   // 0x0070 (112) pixels
0xFFE0, 0xFFE0, 0xFFE0, 0xFFE0, 0x001F, 0x001F, 0x001F, 0x001F, 0xFFE0, 0xFFE0, 0x001F, 0x001F, 0x001F, 0x001F, 0x001F, 0x001F,   // 0x0080 (128) pixels
0x001F, 0x001F, 0x001F, 0xFFE0, 0xFFE0, 0xFFE0, 0xFFE0, 0x001F, 0xFFE0, 0x001F, 0xFFE0, 0x0000, 0x0000, 0xFFE0, 0x0000, 0xFFE0,   // 0x0090 (144) pixels
0xFFE0, 0xF800, 0xFFE0, 0xFFE0, 0xFFE0, 0xF800, 0xFFFF, 0xFFFF, 0xFFFF, 0xFFFF, 0xFFFF, 0xFFFF, 0xF800, 0xFFE0, 0x001F, 0x001F,   // 0x00A0 (160) pixels
0x001F, 0x001F, 0x001F, 0xFFE0, 0xFFE0, 0x001F, 0x001F, 0x001F, 0x001F, 0xFFE0, 0x0000, 0xFFE0, 0xFFE0, 0xFFE0, 0xFFE0, 0xFFE0,   // 0x00B0 (176) pixels
0x0000, 0x0000, 0x0000, 0x0000, 0xFFE0, 0xFFE0, 0xFFE0, 0xFFE0, 0x0000, 0x0000, 0xFFE0, 0xFFE0, 0x001F, 0x001F, 0x001F, 0x001F,   // 0x00C0 (192) pixels
0x001F, 0x001F, 0xFFE0, 0x0000, 0x0000, 0x0000, 0x0000, 0xFFE0, 0x0000, 0xFFE0, 0xFFE0, 0x0000, 0x07E0, 0x0000, 0x07E0, 0x0000,   // 0x00D0 (208) pixels
0x0000, 0x07E0, 0x0000, 0x0000, 0xFFE0, 0xFFE0, 0xF800, 0xFFFF, 0xFFFF, 0xF800, 0xF800, 0xF800, 0xFFE0, 0x001F, 0x001F, 0x001F,   // 0x00E0 (224) pixels
0x001F, 0x001F, 0xFFE0, 0x0000, 0x0000, 0xFFE0, 0x001F, 0xFFE0, 0xFFE0, 0xFFE0, 0x0000, 0xFFE0, 0x0000, 0x0000, 0x0000, 0x0000,   // 0x00F0 (240) pixels
0x07E0, 0x07E0, 0x07E0, 0x07E0, 0x0000, 0x0000, 0x0000, 0x0000, 0x07E0, 0x07E0, 0x0000, 0x0000, 0xFFE0, 0xFFE0, 0xFFE0, 0xFFE0,   // 0x0100 (256) pixels
0x001F, 0xFFE0, 0x0000, 0x07E0, 0x07E0, 0x0000, 0x0000, 0x0000, 0x07E0, 0x0000, 0x0000, 0x07E0, 0x07E0, 0x07E0, 0x07E0, 0x0000,   // 0x0110 (272) pixels
0xFFE0, 0x0000, 0x07E0, 0x0000, 0xFFE0, 0x001F, 0xFFE0, 0xF800, 0xF800, 0xFFE0, 0xFFE0, 0xFFE0, 0xF800, 0xFFE0, 0x001F, 0x001F,   // 0x0120 (288) pixels
0x001F, 0xFFE0, 0x0000, 0x0000, 0x07E0, 0x0000, 0xFFE0, 0x0000, 0x0000, 0x0000, 0x07E0, 0x0000, 0x07E0, 0x07E0, 0x07E0, 0x07E0,   // 0x0130 (304) pixels
0x07E0, 0x07E0, 0x07E0, 0x07E0, 0x07E0, 0x07E0, 0x07E0, 0x07E0, 0x07E0, 0x07E0, 0x0000, 0x07E0, 0x0000, 0x0000, 0x0000, 0x0000,   // 0x0140 (320) pixels
0x001F, 0x001F, 0xFFE0, 0x0000, 0x0000, 0xFFE0, 0xFFE0, 0x0000, 0x07E0, 0x07E0, 0x07E0, 0x07E0, 0x07E0, 0x07E0, 0x0000, 0xFFE0,   // 0x0150 (336) pixels
0xFFE0, 0x0000, 0x07E0, 0x07E0, 0x0000, 0xFFE0, 0x001F, 0xFFE0, 0xFFE0, 0x001F, 0x001F, 0x001F, 0xFFE0, 0x001F, 0xFFE0, 0xFFE0,   // 0x0160 (352) pixels
0xFFE0, 0x0000, 0x0000, 0xFFE0, 0x0000, 0x07E0, 0x0000, 0x07E0, 0x07E0, 0x07E0, 0x07E0, 0x07E0, 0x07E0, 0x07E0, 0x07E0, 0x07E0,   // 0x0170 (368) pixels
0x07E0, 0x07E0, 0x07E0, 0x07E0, 0x07E0, 0x07E0, 0x07E0, 0x07E0, 0x07E0, 0x0000, 0xFFE0, 0x0000, 0x0000, 0xFFE0, 0xFFE0, 0xFFE0,   // 0x0180 (384) pixels
0x001F, 0x001F, 0x001F, 0xFFE0, 0xFFE0, 0x001F, 0x001F, 0xFFE0, 0x0000, 0x0000, 0x07E0, 0x07E0, 0x07E0, 0x07E0, 0x07E0, 0x0000,   // 0x0190 (400) pixels
0x0000, 0x07E0, 0x07E0, 0x07E0, 0x0000, 0x0000, 0xFFE0, 0x001F, 0x001F, 0x001F, 0x001F, 0x001F, 0x001F, 0xFFE0, 0x0000, 0x0000,   // 0x01A0 (416) pixels
0xFFE0, 0x0000, 0x07E0, 0x0000, 0x07E0, 0x07E0, 0x07E0, 0x07E0, 0x07E0, 0x07E0, 0x07E0, 0x07E0, 0x07E0, 0x07E0, 0x07E0, 0x07E0,   // 0x01B0 (432) pixels
0x07E0, 0x07E0, 0x07E0, 0x07E0, 0x07E0, 0x07E0, 0x07E0, 0x07E0, 0x07E0, 0x0000, 0xFFE0, 0xFFE0, 0xFFE0, 0x001F, 0x001F, 0x001F,   // 0x01C0 (448) pixels
0x001F, 0x001F, 0x001F, 0x001F, 0x001F, 0x001F, 0x001F, 0x001F, 0xFFE0, 0xFFE0, 0x0000, 0x07E0, 0x07E0, 0x07E0, 0x07E0, 0x0000,   // 0x01D0 (464) pixels
0xFFE0, 0x0000, 0x07E0, 0x0000, 0xFFE0, 0x0000, 0x0000, 0xFFE0, 0x001F, 0x001F, 0x001F, 0x001F, 0x001F, 0x001F, 0xFFE0, 0x0000,   // 0x01E0 (480) pixels
0x0000, 0x07E0, 0x07E0, 0x07E0, 0x07E0, 0x0000, 0x0000, 0x07E0, 0x07E0, 0x07E0, 0x07E0, 0x07E0, 0x07E0, 0x07E0, 0x07E0, 0x07E0,   // 0x01F0 (496) pixels
0x07E0, 0x07E0, 0x07E0, 0x07E0, 0x07E0, 0x07E0, 0x07E0, 0x0000, 0x0000, 0xFFE0, 0x001F, 0x001F, 0x001F, 0x001F, 0x001F, 0x001F,   // 0x0200 (512) pixels
0x001F, 0x001F, 0x001F, 0x001F, 0x001F, 0x001F, 0x001F, 0x001F, 0x001F, 0xFFE0, 0x0000, 0x07E0, 0x07E0, 0x07E0, 0x07E0, 0x07E0,   // 0x0210 (528) pixels
0x0000, 0x07E0, 0x0000, 0xFFE0, 0x001F, 0xFFE0, 0xFFE0, 0x001F, 0x001F, 0x001F, 0x001F, 0x001F, 0x001F, 0xFFE0, 0x0000, 0x0000,   // 0x0220 (544) pixels
0x07E0, 0x07E0, 0x0000, 0x0000, 0x0000, 0xFFE0, 0xFFE0, 0x0000, 0x07E0, 0x07E0, 0x07E0, 0x07E0, 0x07E0, 0x07E0, 0x07E0, 0x07E0,   // 0x0230 (560) pixels
0x07E0, 0x07E0, 0x07E0, 0x07E0, 0x07E0, 0x07E0, 0x0000, 0xFFE0, 0xFFE0, 0x0000, 0xFFE0, 0x001F, 0x001F, 0x001F, 0x001F, 0x001F,   // 0x0240 (576) pixels
0x001F, 0x001F, 0x001F, 0x001F, 0x001F, 0x001F, 0x001F, 0x001F, 0x001F, 0xFFE0, 0x0000, 0x07E0, 0x07E0, 0x07E0, 0x07E0, 0x07E0,   // 0x0250 (592) pixels
0x07E0, 0x07E0, 0x0000, 0xFFE0, 0x001F, 0x001F, 0x001F, 0x001F, 0x001F, 0x001F, 0x001F, 0x001F, 0x001F, 0x001F, 0xFFE0, 0xFFE0,   // 0x0260 (608) pixels
0x0000, 0x0000, 0xFFE0, 0xFFE0, 0xFFE0, 0x0000, 0x0000, 0x07E0, 0x07E0, 0x07E0, 0x07E0, 0x07E0, 0x07E0, 0x07E0, 0x07E0, 0x07E0,   // 0x0270 (624) pixels
0x07E0, 0x07E0, 0x07E0, 0x07E0, 0x07E0, 0x07E0, 0x0000, 0xFFE0, 0x0000, 0xFFE0, 0x001F, 0x001F, 0x001F, 0x001F, 0x001F, 0x001F,   // 0x0280 (640) pixels
0x001F, 0x001F, 0x001F, 0x001F, 0x001F, 0x001F, 0x001F, 0x001F, 0x001F, 0x001F, 0xFFE0, 0x0000, 0x0000, 0x07E0, 0x07E0, 0x0000,   // 0x0290 (656) pixels
0x0000, 0x0000, 0xFFE0, 0x001F, 0x001F, 0x001F, 0x001F, 0x001F, 0x001F, 0x001F, 0x001F, 0x001F, 0x001F, 0xFFE0, 0x0000, 0x0000,   // 0x02A0 (672) pixels
0x07E0, 0x07E0, 0x0000, 0xFFE0, 0x0000, 0x07E0, 0x0000, 0x07E0, 0x07E0, 0x0000, 0x0000, 0x07E0, 0x07E0, 0x07E0, 0x07E0, 0x07E0,   // 0x02B0 (688) pixels
0x07E0, 0x07E0, 0x07E0, 0x07E0, 0x07E0, 0x0000, 0xFFE0, 0x001F, 0xFFE0, 0x001F, 0x001F, 0x001F, 0x001F, 0x001F, 0x001F, 0x001F,   // 0x02C0 (704) pixels
0x001F, 0x001F, 0x001F, 0x001F, 0xFFE0, 0x001F, 0x001F, 0x001F, 0x001F, 0x001F, 0x001F, 0xFFE0, 0xFFE0, 0x0000, 0x0000, 0xFFE0,   // 0x02D0 (720) pixels
0xFFE0, 0x0000, 0xFFE0, 0xFFE0, 0x001F, 0x001F, 0x001F, 0x001F, 0x001F, 0x001F, 0x001F, 0x001F, 0xFFE0, 0x0000, 0x07E0, 0x07E0,   // 0x02E0 (736) pixels
0x07E0, 0x07E0, 0x07E0, 0x0000, 0x07E0, 0x0000, 0xFFE0, 0x0000, 0x0000, 0xFFE0, 0xFFE0, 0x0000, 0x0000, 0x07E0, 0x07E0, 0x0000,   // 0x02F0 (752) pixels
0x0000, 0x07E0, 0x07E0, 0x07E0, 0x0000, 0x0000, 0xFFE0, 0x001F, 0x001F, 0x001F, 0x001F, 0x001F, 0x001F, 0x001F, 0x001F, 0x001F,   // 0x0300 (768) pixels
0x001F, 0x001F, 0x001F, 0xFFE0, 0x0000, 0xFFE0, 0x001F, 0x001F, 0x001F, 0x001F, 0x001F, 0x001F, 0xFFE0, 0x0000, 0x0000, 0xFFE0,   // 0x0310 (784) pixels
0xFFE0, 0xFFE0, 0xFFE0, 0x0000, 0xFFE0, 0x001F, 0x001F, 0x001F, 0x001F, 0x001F, 0x001F, 0x001F, 0xFFE0, 0x0000, 0x07E0, 0x07E0,   // 0x0320 (800) pixels
0x07E0, 0x07E0, 0x07E0, 0x07E0, 0x07E0, 0x07E0, 0x0000, 0x0000, 0x07E0, 0x0000, 0xFFE0, 0xFFE0, 0xFFE0, 0x0000, 0x0000, 0xFFE0,   // 0x0330 (816) pixels
0xFFE0, 0x0000, 0x07E0, 0x0000, 0xFFE0, 0xFFE0, 0x001F, 0x001F, 0x001F, 0x001F, 0x001F, 0x001F, 0x001F, 0x001F, 0x001F, 0x001F,   // 0x0340 (832) pixels
0x001F, 0x001F, 0x001F, 0x001F, 0xFFE0, 0x001F, 0x001F, 0x001F, 0x001F, 0x001F, 0x001F, 0x001F, 0x001F, 0xFFE0, 0xFFE0, 0xFFE0,   // 0x0350 (848) pixels
0x0000, 0xFFE0, 0xFFE0, 0xFFE0, 0xFFE0, 0x001F, 0x001F, 0x001F, 0x001F, 0x001F, 0x001F, 0x001F, 0xFFE0, 0x0000, 0x07E0, 0x07E0,   // 0x0360 (864) pixels
0x07E0, 0x07E0, 0x07E0, 0x07E0, 0x07E0, 0x07E0, 0x0000, 0xFFE0, 0x0000, 0xFFE0, 0x001F, 0x001F, 0xFFE0, 0x0000, 0xFFE0, 0x001F,   // 0x0370 (880) pixels
0xFFE0, 0x0000, 0x0000, 0xFFE0, 0xFFE0, 0x0000, 0xFFE0, 0x001F, 0x001F, 0x001F, 0x001F, 0x001F, 0x001F, 0x001F, 0x001F, 0x001F,   // 0x0380 (896) pixels
0x001F, 0x001F, 0x001F, 0x001F, 0x001F, 0x001F, 0x001F, 0x001F, 0x001F, 0x001F, 0x001F, 0x001F, 0x001F, 0x001F, 0x001F, 0x001F,   // 0x0390 (912) pixels
0xFFE0, 0x0000, 0x0000, 0x0000, 0x0000, 0xFFE0, 0xFFE0, 0x001F, 0x001F, 0x001F, 0x001F, 0x001F, 0x001F, 0xFFE0, 0x0000, 0x0000,   // 0x03A0 (928) pixels
0x0000, 0x0000, 0x07E0, 0x07E0, 0x07E0, 0x07E0, 0x07E0, 0x0000, 0x0000, 0xFFE0, 0x001F, 0x001F, 0x001F, 0xFFE0, 0x001F, 0x001F,   // 0x03B0 (944) pixels
0xFFE0, 0x0000, 0xFFE0, 0x001F, 0xFFE0, 0xFFE0, 0xFFE0, 0x001F, 0x001F, 0x001F, 0x001F, 0x001F, 0x001F, 0x001F, 0x001F, 0x001F,   // 0x03C0 (960) pixels
0x001F, 0x001F, 0x001F, 0x001F, 0x001F, 0x001F, 0x001F, 0x001F, 0x001F, 0x001F, 0x001F, 0x001F, 0x001F, 0x001F, 0x001F, 0x001F,   // 0x03D0 (976) pixels
0x001F, 0xFFE0, 0x0000, 0x07E0, 0x07E0, 0x0000, 0x0000, 0xFFE0, 0xFFE0, 0x001F, 0x001F, 0x001F, 0x001F, 0x001F, 0xFFE0, 0xFFE0,   // 0x03E0 (992) pixels
0xFFE0, 0xFFE0, 0x0000, 0x07E0, 0x07E0, 0x07E0, 0x07E0, 0x0000, 0xFFE0, 0x001F, 0x001F, 0x001F, 0x001F, 0x001F, 0x001F, 0x001F,   // 0x03F0 (1008) pixels
0xFFE0, 0x0000, 0xFFE0, 0xFFE0, 0x0000, 0xFFE0, 0x0000, 0xFFE0, 0xFFE0, 0x001F, 0x001F, 0x001F, 0x001F, 0x001F, 0x001F, 0x001F,   // 0x0400 (1024) pixels
0x001F, 0x001F, 0x001F, 0x001F, 0x001F, 0x001F, 0x001F, 0x001F, 0x001F, 0x001F, 0x001F, 0x001F, 0x001F, 0x001F, 0x001F, 0x001F,   // 0x0410 (1040) pixels
0x001F, 0xFFE0, 0x0000, 0x07E0, 0x07E0, 0x07E0, 0x07E0, 0x0000, 0x0000, 0xFFE0, 0x001F, 0x001F, 0x001F, 0x001F, 0x001F, 0x001F,   // 0x0420 (1056) pixels
0x001F, 0xFFE0, 0x0000, 0x07E0, 0x07E0, 0x07E0, 0x0000, 0xFFE0, 0x001F, 0x001F, 0x001F, 0x001F, 0x001F, 0x001F, 0x001F, 0x001F,   // 0x0430 (1072) pixels
0x001F, 0xFFE0, 0x0000, 0xFFE0, 0x0000, 0x0000, 0xFFE0, 0x0000, 0x0000, 0xFFE0, 0x001F, 0x001F, 0x001F, 0x001F, 0x001F, 0x001F,   // 0x0440 (1088) pixels
0x001F, 0x001F, 0x001F, 0x001F, 0x001F, 0x001F, 0x001F, 0x001F, 0x001F, 0x001F, 0x001F, 0x001F, 0x001F, 0x001F, 0x001F, 0x001F,   // 0x0450 (1104) pixels
0x001F, 0xFFE0, 0x0000, 0x07E0, 0x07E0, 0x07E0, 0x07E0, 0x07E0, 0x07E0, 0x0000, 0xFFE0, 0x001F, 0x001F, 0x001F, 0x001F, 0x001F,   // 0x0460 (1120) pixels
0x001F, 0xFFE0, 0x0000, 0x07E0, 0x07E0, 0x07E0, 0x0000, 0xFFE0, 0xFFE0, 0x001F, 0x001F, 0x001F, 0x001F, 0x001F, 0x001F, 0x001F,   // 0x0470 (1136) pixels
0x001F, 0x001F, 0xFFE0, 0xFFE0, 0x0000, 0xFFE0, 0xFFE0, 0xFFE0, 0xFFE0, 0xFFE0, 0x001F, 0x001F, 0x001F, 0x001F, 0x001F, 0x001F,   // 0x0480 (1152) pixels
0x001F, 0x001F, 0x001F, 0x001F, 0x001F, 0x001F, 0x001F, 0x001F, 0x001F, 0x001F, 0x001F, 0x001F, 0x001F, 0x001F, 0x001F, 0x001F,   // 0x0490 (1168) pixels
0x001F, 0xFFE0, 0x0000, 0x07E0, 0x07E0, 0x07E0, 0x07E0, 0x07E0, 0x0000, 0xFFE0, 0x001F, 0x001F, 0x001F, 0x001F, 0x001F, 0x001F,   // 0x04A0 (1184) pixels
0x001F, 0xFFE0, 0x0000, 0x07E0, 0x07E0, 0x07E0, 0x0000, 0xFFE0, 0x0000, 0xFFE0, 0x001F, 0x001F, 0x001F, 0x001F, 0x001F, 0x001F,   // 0x04B0 (1200) pixels
0x001F, 0x001F, 0x001F, 0x001F, 0xFFE0, 0xFFE0, 0x0000, 0x0000, 0xFFE0, 0x0000, 0xFFE0, 0x001F, 0x001F, 0x001F, 0x001F, 0x001F,   // 0x04C0 (1216) pixels
0x001F, 0x001F, 0x001F, 0x001F, 0x001F, 0x001F, 0x001F, 0x001F, 0x001F, 0x001F, 0x001F, 0x001F, 0x001F, 0x001F, 0x001F, 0x001F,   // 0x04D0 (1232) pixels
0x001F, 0x001F, 0xFFE0, 0x0000, 0x07E0, 0x07E0, 0x07E0, 0x0000, 0x0000, 0xFFE0, 0x001F, 0x001F, 0x001F, 0x001F, 0x001F, 0x001F,   // 0x04E0 (1248) pixels
0x001F, 0xFFE0, 0x0000, 0x07E0, 0x07E0, 0x0000, 0xFFE0, 0xFFE0, 0x0000, 0xFFE0, 0x001F, 0x001F, 0x001F, 0x001F, 0x001F, 0x001F,   // 0x04F0 (1264) pixels
0x001F, 0x001F, 0x001F, 0x001F, 0xFFE0, 0x0000, 0x07E0, 0x07E0, 0x0000, 0x0000, 0xFFE0, 0x001F, 0x001F, 0x001F, 0x001F, 0x001F,   // 0x0500 (1280) pixels
0x001F, 0x001F, 0x001F, 0x001F, 0x001F, 0x001F, 0x001F, 0x001F, 0x001F, 0x001F, 0x001F, 0x001F, 0x001F, 0x001F, 0x001F, 0x001F,   // 0x0510 (1296) pixels
0x001F, 0x001F, 0xFFE0, 0x0000, 0x07E0, 0x07E0, 0x0000, 0xFFE0, 0xFFE0, 0x001F, 0x001F, 0x001F, 0x001F, 0x001F, 0x001F, 0x001F,   // 0x0520 (1312) pixels
0x001F, 0x001F, 0xFFE0, 0x0000, 0x07E0, 0x0000, 0xFFE0, 0x001F, 0xFFE0, 0x001F, 0x001F, 0x001F, 0x001F, 0x001F, 0x001F, 0x001F,   // 0x0530 (1328) pixels
0x001F, 0x001F, 0x001F, 0xFFE0, 0x0000, 0x07E0, 0x07E0, 0x07E0, 0x07E0, 0x07E0, 0x0000, 0xFFE0, 0x001F, 0x001F, 0x001F, 0x001F,   // 0x0540 (1344) pixels
0x001F, 0x001F, 0x001F, 0x001F, 0x001F, 0x001F, 0x001F, 0x001F, 0x001F, 0x001F, 0x001F, 0x001F, 0x001F, 0x001F, 0x001F, 0x001F,   // 0x0550 (1360) pixels
0x001F, 0x001F, 0xFFE0, 0x0000, 0x07E0, 0x07E0, 0x0000, 0xFFE0, 0x001F, 0x001F, 0x001F, 0x001F, 0x001F, 0x001F, 0x001F, 0x001F,   // 0x0560 (1376) pixels
0x001F, 0x001F, 0xFFE0, 0x0000, 0x0000, 0xFFE0, 0x001F, 0x001F, 0x001F, 0x001F, 0x001F, 0x001F, 0x001F, 0x001F, 0x001F, 0x001F,   // 0x0570 (1392) pixels
0x001F, 0x001F, 0x001F, 0xFFE0, 0x0000, 0x0000, 0x0000, 0x0000, 0x0000, 0x07E0, 0x0000, 0xFFE0, 0x001F, 0x001F, 0xFFE0, 0x001F,   // 0x0580 (1408) pixels
0x001F, 0x001F, 0x001F, 0x001F, 0x001F, 0x001F, 0x001F, 0x001F, 0x001F, 0x001F, 0x001F, 0x001F, 0x001F, 0x001F, 0x001F, 0x001F,   // 0x0590 (1424) pixels
0x001F, 0x001F, 0xFFE0, 0x0000, 0x07E0, 0x0000, 0xFFE0, 0x001F, 0x001F, 0x001F, 0x001F, 0x001F, 0x001F, 0x001F, 0x001F, 0x001F,   // 0x05A0 (1440) pixels
0x001F, 0x001F, 0x001F, 0xFFE0, 0xFFE0, 0x001F, 0x001F, 0x001F, 0x001F, 0x001F, 0x001F, 0x001F, 0x001F, 0x001F, 0x001F, 0x001F,   // 0x05B0 (1456) pixels
0x001F, 0x001F, 0x001F, 0xFFE0, 0x0000, 0xFFE0, 0xFFE0, 0xFFE0, 0xFFE0, 0x0000, 0x0000, 0xFFE0, 0x001F, 0xFFE0, 0x0000, 0xFFE0,   // 0x05C0 (1472) pixels
0x001F, 0x001F, 0x001F, 0x001F, 0x001F, 0x001F, 0x001F, 0x001F, 0x001F, 0x001F, 0x001F, 0x001F, 0x001F, 0x001F, 0x001F, 0x001F,   // 0x05D0 (1488) pixels
0x001F, 0x001F, 0xFFE0, 0x0000, 0x0000, 0xFFE0, 0x001F, 0x001F, 0x001F, 0x001F, 0x001F, 0x001F, 0x001F, 0x001F, 0x001F, 0x001F,   // 0x05E0 (1504) pixels
0x001F, 0x001F, 0x001F, 0x001F, 0x001F, 0x001F, 0x001F, 0x001F, 0x001F, 0x001F, 0x001F, 0x001F, 0x001F, 0x001F, 0x001F, 0x001F,   // 0x05F0 (1520) pixels
0x001F, 0x001F, 0x001F, 0x001F, 0xFFE0, 0x001F, 0x001F, 0x001F, 0x001F, 0xFFE0, 0xFFE0, 0x001F, 0x001F, 0xFFE0, 0x0000, 0xFFE0,   // 0x0600 (1536) pixels
0x001F, 0x001F, 0x001F, 0x001F, 0x001F, 0x001F, 0x001F, 0x001F, 0x001F, 0x001F, 0x001F, 0x001F, 0x001F, 0x001F, 0x001F, 0x001F,   // 0x0610 (1552) pixels
0x001F, 0x001F, 0xFFE0, 0x0000, 0xFFE0, 0x001F, 0x001F, 0x001F, 0x001F, 0x001F, 0x001F, 0x001F, 0x001F, 0x001F, 0x001F, 0x001F,   // 0x0620 (1568) pixels
0x001F, 0x001F, 0x001F, 0x001F, 0x001F, 0x001F, 0x001F, 0x001F, 0x001F, 0x001F, 0x001F, 0x001F, 0x001F, 0x001F, 0x001F, 0x001F,   // 0x0630 (1584) pixels
0x001F, 0x001F, 0x001F, 0x001F, 0x001F, 0x001F, 0x001F, 0x001F, 0xFFE0, 0x0000, 0xFFE0, 0x001F, 0xFFE0, 0x0000, 0xFFE0, 0x001F,   // 0x0640 (1600) pixels
0x001F, 0x001F, 0x001F, 0x001F, 0x001F, 0x001F, 0x001F, 0x001F, 0x001F, 0x001F, 0x001F, 0x001F, 0x001F, 0x001F, 0x001F, 0x001F,   // 0x0650 (1616) pixels
0x001F, 0x001F, 0xFFE0, 0x0000, 0xFFE0, 0x001F, 0x001F, 0x001F, 0x001F, 0x001F, 0x001F, 0x001F, 0x001F, 0x001F, 0x001F, 0x001F,   // 0x0660 (1632) pixels
0x001F, 0x001F, 0x001F, 0x001F, 0x001F, 0x001F, 0x001F, 0x001F, 0x001F, 0x001F, 0x001F, 0x001F, 0x001F, 0x001F, 0x001F, 0x001F,   // 0x0670 (1648) pixels
0x001F, 0x001F, 0x001F, 0x001F, 0x001F, 0x001F, 0x001F, 0x001F, 0x001F, 0xFFE0, 0x001F, 0x001F, 0x001F, 0xFFE0, 0x001F, 0x001F,   // 0x0680 (1664) pixels
0x001F, 0x001F, 0x001F, 0x001F, 0x001F, 0x001F, 0x001F, 0x001F, 0x001F, 0x001F, 0x001F, 0x001F, 0x001F, 0x001F, 0x001F, 0x001F,   // 0x0690 (1680) pixels
0x001F, 0x001F, 0x001F, 0xFFE0, 0x001F, 0x001F, 0x001F, 0x001F, 0x001F, 0x001F, 0x001F, 0x001F, 0x001F, 0x001F, 0x001F, 0x001F,   // 0x06A0 (1696) pixels
0x001F, 0x001F, 0x001F, 0x001F, 0x001F, 0x001F, 0x001F, 0x001F, 0x001F, 0x001F, 0x001F, 0x001F, 0x001F, 0x001F, 0x001F, 0x001F,   // 0x06B0 (1712) pixels
0x001F, 0x001F, 0x001F, 0x001F, 0x001F, 0x001F, 0x001F, 0x001F, 0x001F, 0x001F, 0x001F, 0x001F, 0x001F, 0x001F, 0x001F, 0x001F,   // 0x06C0 (1728) pixels
0x001F, 0x001F, 0x001F, 0x001F, 0x001F, 0x001F, 0x001F, 0x001F, 0x001F, 0x001F, 0x001F, 0x001F, 0x001F, 0x001F, 0x001F, 0x001F,   // 0x06D0 (1744) pixels
0x001F, 0x001F, 0x001F, 0xFFE0, 0xFFE0, 0x001F, 0x001F, 0x001F, 0x001F, 0x001F, 0x001F, 0x001F, 0x001F, 0x001F, 0xFFE0, 0xFFE0,   // 0x06E0 (1760) pixels
0xFFE0, 0xFFE0, 0xFFE0, 0xFFE0, 0xFFE0, 0xFFE0, 0xFFE0, 0xFFE0, 0xFFE0, 0xFFE0, 0xFFE0, 0xFFE0, 0xFFE0, 0xFFE0, 0xFFE0, 0xFFE0,   // 0x06F0 (1776) pixels
0xFFE0, 0xFFE0, 0xFFE0, 0xFFE0, 0xFFE0, 0xFFE0, 0xFFE0, 0xFFE0, 0xFFE0, 0xFFE0, 0xFFE0, 0xFFE0, 0xFFE0, 0x001F, 0x001F, 0x001F,   // 0x0700 (1792) pixels
0x001F, 0x001F, 0x001F, 0x001F, 0x001F, 0x001F, 0xFFE0, 0xFFE0, 0xFFE0, 0xFFE0, 0xFFE0, 0xFFE0, 0xFFE0, 0xFFE0, 0xFFE0, 0xFFE0,   // 0x0710 (1808) pixels
0xFFE0, 0xFFE0, 0xFFE0, 0xF800, 0xF800, 0xFFE0, 0x001F, 0x001F, 0x001F, 0x001F, 0x001F, 0xFFE0, 0xFFE0, 0xFFE0, 0xF800, 0xF800,   // 0x0720 (1824) pixels
0xF800, 0xF800, 0xF800, 0xF800, 0xF800, 0xF800, 0xF800, 0xF800, 0xF800, 0xF800, 0xF800, 0xF800, 0xF800, 0xF800, 0xF800, 0xF800,   // 0x0730 (1840) pixels
0xF800, 0xF800, 0xF800, 0xF800, 0xF800, 0xF800, 0xF800, 0xF800, 0xF800, 0xF800, 0xF800, 0xF800, 0xF800, 0xFFE0, 0x001F, 0x001F,   // 0x0740 (1856) pixels
0xFFE0, 0xFFE0, 0xFFE0, 0xFFE0, 0xFFE0, 0xFFE0, 0xF800, 0xF800, 0xF800, 0xF800, 0xF800, 0xF800, 0xF800, 0xF800, 0xF800, 0xF800,   // 0x0750 (1872) pixels
0xF800, 0xF800, 0xF800, 0xFFFF, 0xFFFF, 0xF800, 0xFFE0, 0xFFE0, 0xFFE0, 0xFFE0, 0xFFE0, 0xF800, 0xF800, 0xF800, 0xFFFF, 0xFFFF,   // 0x0760 (1888) pixels
0xFFFF, 0xFFFF, 0xFFFF, 0xFFFF, 0xFFFF, 0xFFFF, 0xFFFF, 0xFFFF, 0xFFFF, 0xFFFF, 0xFFFF, 0xFFFF, 0xFFFF, 0xFFFF, 0xFFFF, 0xFFFF,   // 0x0770 (1904) pixels
0xFFFF, 0xFFFF, 0xFFFF, 0xFFFF, 0xFFFF, 0xFFFF, 0xFFFF, 0xFFFF, 0xFFFF, 0xFFFF, 0xFFFF, 0xFFFF, 0xF800, 0xFFE0, 0xFFE0, 0xFFE0,   // 0x0780 (1920) pixels
0xF800, 0xF800, 0xF800, 0xF800, 0xF800, 0xF800, 0xFFFF, 0xFFFF, 0xFFFF, 0xFFFF, 0xFFFF, 0xFFFF, 0xFFFF, 0xFFFF, 0xFFFF, 0xFFFF,   // 0x0790 (1936) pixels
0xFFFF, 0xFFFF, 0xFFFF, 0xFFFF, 0xFFFF, 0xFFFF, 0xF800, 0xF800, 0xF800, 0xF800, 0xF800, 0xFFFF, 0xFFFF, 0xFFFF, 0xFFFF, 0xFFFF,   // 0x07A0 (1952) pixels
0xFFFF, 0xFFFF, 0xFFFF, 0xFFFF, 0xFFFF, 0xFFFF, 0xFFFF, 0xFFFF, 0xFFFF, 0xFFFF, 0xFFFF, 0xFFFF, 0xFFFF, 0xFFFF, 0xFFFF, 0xFFFF,   // 0x07B0 (1968) pixels
0xFFFF, 0xFFFF, 0xFFFF, 0xFFFF, 0xFFFF, 0xFFFF, 0xFFFF, 0xFFFF, 0xFFFF, 0xFFFF, 0xFFFF, 0xFFFF, 0xFFFF, 0xF800, 0xF800, 0xF800,   // 0x07C0 (1984) pixels
0xFFFF, 0xFFFF, 0xFFFF, 0xFFFF, 0xFFFF, 0xFFFF, 0xFFFF, 0xFFFF, 0xFFFF, 0xFFFF, 0xFFFF, 0xFFFF, 0xFFFF, 0xFFFF, 0xFFFF, 0xFFFF,   // 0x07D0 (2000) pixels
0xFFFF, 0xFFFF, 0xFFFF, 0xFFFF, 0xFFFF, 0xFFFF, 0xFFFF, 0xFFFF, 0xFFFF, 0xFFFF, 0xFFFF, 0xFFFF, 0xFFFF, 0xFFFF, 0xFFFF, 0xFFFF,   // 0x07E0 (2016) pixels
0xFFFF, 0xFFFF, 0xFFFF, 0xFFFF, 0xFFFF, 0xFFFF, 0xFFFF, 0xFFFF, 0xFFFF, 0xFFFF, 0xFFFF, 0xFFFF, 0xFFFF, 0xFFFF, 0xFFFF, 0xFFFF,   // 0x07F0 (2032) pixels
0xFFFF, 0xFFFF, 0xFFFF, 0xFFFF, 0xFFFF, 0xFFFF, 0xFFFF, 0xFFFF, 0xFFFF, 0xFFFF, 0xFFFF, 0xFFFF, 0xFFFF, 0xFFFF, 0xFFFF, 0xFFFF,   // 0x0800 (2048) pixels
};


const unsigned short Blue_Marble[2048] PROGMEM={
0x0846, 0x0846, 0x0846, 0x0846, 0x0846, 0x0846, 0x0846, 0x0846, 0x0846, 0x0846, 0x0846, 0x0846, 0x0846, 0x0846, 0x0846, 0xFFFF,   // 0x0010 (16) pixels
0xFFFF, 0xFFFF, 0xFFFF, 0xFFFF, 0xFFFF, 0xFFFF, 0xFFFF, 0xFFFF, 0xFFFF, 0xFFFF, 0xFFFF, 0xFFFF, 0xFFFF, 0xFFFF, 0xFFFF, 0x0846,   // 0x0020 (32) pixels
0x0846, 0x0846, 0x0846, 0x0846, 0x0846, 0x0846, 0x0846, 0x0846, 0x0846, 0x0846, 0x0846, 0x0846, 0x0846, 0x0846, 0x0846, 0x0846,   // 0x0030 (48) pixels
0x0846, 0x0846, 0x0846, 0x0846, 0x0846, 0x0846, 0x0846, 0x0846, 0x0846, 0x0846, 0x0846, 0x0846, 0x0846, 0x0846, 0x0846, 0x0846,   // 0x0040 (64) pixels
0x0846, 0x0846, 0x0846, 0x0846, 0x0846, 0x0846, 0x0846, 0x0846, 0x0846, 0x0846, 0x0846, 0x0846, 0x0846, 0x0846, 0x0846, 0x0004,   // 0x0050 (80) pixels
0xF7BE, 0xEF5D, 0xDEFB, 0xE73C, 0x0000, 0xEF7E, 0xFFFF, 0xFFFF, 0xFFFF, 0xFFFF, 0xFFFF, 0xFFFF, 0xD69B, 0xFFFF, 0x0846, 0x0846,   // 0x0060 (96) pixels
0x0846, 0x0846, 0x0846, 0x0846, 0x0846, 0x0846, 0x0846, 0x0846, 0x0846, 0x0846, 0x0025, 0x0004, 0x0846, 0x0846, 0x0846, 0x0846,   // 0x0070 (112) pixels
0x0005, 0x0846, 0x0846, 0x0846, 0x0846, 0x0846, 0x0846, 0x0846, 0x0846, 0x0846, 0x0846, 0x0846, 0x0846, 0x0846, 0x0846, 0x0846,   // 0x0080 (128) pixels
0x0846, 0x0846, 0x0846, 0x0846, 0x0846, 0x0846, 0x0846, 0x0846, 0x0846, 0x0846, 0x0046, 0xC615, 0x31A9, 0x0846, 0xF79C, 0x0001,   // 0x0090 (144) pixels
0x0005, 0x9D16, 0x0846, 0x0846, 0x0004, 0xA5D8, 0xFFFF, 0xFFFF, 0xFFFF, 0xFFFF, 0xFFFF, 0xF7DF, 0x2967, 0x0846, 0x0846, 0x0846,   // 0x00A0 (160) pixels
0x0846, 0x0846, 0x0846, 0x0846, 0x0846, 0x0846, 0x0846, 0x0846, 0x0846, 0x0846, 0xEFBE, 0x6370, 0x0846, 0x0846, 0x0005, 0x0846,   // 0x00B0 (176) pixels
0xA4D0, 0xA48D, 0xA4AD, 0x83AA, 0x0846, 0x0846, 0x0846, 0x0846, 0x83C9, 0x6B4A, 0x0026, 0x0846, 0x0846, 0x0846, 0x0846, 0x0846,   // 0x00C0 (192) pixels
0x0846, 0x0846, 0x0846, 0x7347, 0x6B27, 0x83A8, 0x4A69, 0x0846, 0x09A7, 0x0026, 0x0026, 0x946C, 0x8C09, 0x7387, 0x6306, 0x7B89,   // 0x00D0 (208) pixels
0x636C, 0x6329, 0x736B, 0xBE17, 0x0846, 0x0846, 0x528A, 0xFFFF, 0xFFFF, 0xFFFF, 0xF7BE, 0xF7DE, 0x0846, 0x0846, 0x0846, 0x0846,   // 0x00E0 (224) pixels
0x0846, 0x0846, 0x0846, 0x29E5, 0x73A8, 0x0046, 0x0846, 0x0846, 0x0846, 0x0846, 0x8428, 0x0846, 0x7C4B, 0x6347, 0x5B46, 0x6347,   // 0x00F0 (240) pixels
0x7BA8, 0x7BA7, 0x6B67, 0x7368, 0x5B26, 0x5B06, 0x6326, 0x5B26, 0x6346, 0x6385, 0x7BC7, 0x6306, 0x0006, 0x0846, 0x10A6, 0x0826,   // 0x0100 (256) pixels
0x0846, 0x0846, 0x3A67, 0x6B87, 0x4282, 0x4283, 0x52C5, 0x5B05, 0x7BE9, 0x52C4, 0x5283, 0x4A85, 0x4A85, 0x6B06, 0x62C7, 0x6B08,   // 0x0110 (272) pixels
0x0006, 0x6306, 0x5B29, 0x9C6B, 0x0846, 0x0846, 0x0846, 0xFFFF, 0xFFDF, 0x0846, 0x0846, 0x0846, 0x49E3, 0x0006, 0x0846, 0x0846,   // 0x0120 (288) pixels
0x0846, 0x0846, 0x42A4, 0x3A22, 0x42A3, 0x4262, 0x0865, 0x42C3, 0x3A82, 0x3A82, 0x5B46, 0x4B03, 0x52A4, 0x5284, 0x4263, 0x3202,   // 0x0130 (304) pixels
0x4B03, 0x5324, 0x5324, 0x4B04, 0x5324, 0x6305, 0x5305, 0x5AE6, 0x73A7, 0x5B05, 0x6326, 0x52C4, 0x6346, 0x6B86, 0x6365, 0x6B67,   // 0x0140 (320) pixels
0x0846, 0x0846, 0x0846, 0x3AC6, 0x7C4B, 0x0846, 0x0846, 0x6306, 0x3222, 0x5B25, 0x3A82, 0x4A63, 0x7BA8, 0x4A84, 0x4A85, 0x0826,   // 0x0150 (336) pixels
0x0846, 0x6306, 0x62E5, 0x6306, 0x83EB, 0x0846, 0x0846, 0x0846, 0x0846, 0x0846, 0x0846, 0x0846, 0x0846, 0x0846, 0x0846, 0x0885,   // 0x0160 (352) pixels
0x0846, 0x4263, 0x3243, 0x0846, 0x42E3, 0x3282, 0x42C2, 0x3AC2, 0x42E3, 0x3AC2, 0x3AC2, 0x42C2, 0x4262, 0x3A82, 0x4283, 0x4282,   // 0x0170 (368) pixels
0x3242, 0x3AA2, 0x3262, 0x3242, 0x5AE5, 0x4B23, 0x42E2, 0x3AA2, 0x4AE4, 0x0026, 0x0846, 0x0026, 0x4B23, 0x0846, 0x0846, 0x0846,   // 0x0180 (384) pixels
0x0846, 0x0846, 0x0846, 0x0846, 0x0846, 0x0846, 0x0846, 0x0846, 0x2243, 0x39E3, 0x42A5, 0x4B04, 0x7408, 0x6BC7, 0x1A83, 0x4283,   // 0x0190 (400) pixels
0x4242, 0x4AE3, 0x4A84, 0x4262, 0x3A22, 0x3A62, 0x0846, 0x0846, 0x0846, 0x0846, 0x0846, 0x0846, 0x0846, 0x0846, 0x53A3, 0x63A4,   // 0x01A0 (416) pixels
0x0846, 0x5384, 0x63E6, 0x5363, 0x4B03, 0x42C2, 0x5B64, 0x5BA5, 0x6366, 0x6387, 0x73A7, 0x73A8, 0x6BA7, 0x73C8, 0x5BA5, 0x3AE2,   // 0x01B0 (432) pixels
0x3AE2, 0x5B05, 0x4B24, 0x42C3, 0x4B43, 0x3AC2, 0x5344, 0x3A82, 0x5343, 0x0006, 0x0846, 0x0846, 0x0826, 0x0846, 0x0846, 0x0846,   // 0x01C0 (448) pixels
0x0846, 0x0846, 0x0846, 0x0846, 0x0846, 0x0846, 0x0846, 0x0846, 0x0846, 0x0846, 0x3202, 0x3A22, 0xA4AC, 0x8429, 0x63C6, 0x4AE3,   // 0x01D0 (464) pixels
0x0846, 0x3A82, 0x3262, 0x2AA4, 0x0865, 0x42A5, 0x3AA4, 0x0846, 0x0846, 0x0846, 0x0846, 0x0846, 0x0846, 0x0846, 0x0846, 0x5B65,   // 0x01E0 (480) pixels
0x5BA5, 0x5B65, 0x3262, 0x6BC7, 0x3242, 0x63C7, 0x6386, 0x3A86, 0xBD30, 0xCDD1, 0xBD2F, 0xDE32, 0xACED, 0xACEE, 0x944A, 0x94CB,   // 0x01F0 (496) pixels
0xC52E, 0x9C6B, 0xACCE, 0x9C6D, 0xB50F, 0x4B02, 0x4B84, 0x5BC5, 0x3282, 0x0846, 0x0846, 0x0846, 0x0846, 0x0846, 0x0846, 0x0846,   // 0x0200 (512) pixels
0x0846, 0x0846, 0x0846, 0x0846, 0x0846, 0x0846, 0x0846, 0x0846, 0x0846, 0x0846, 0x7B89, 0x8BEB, 0xCDD1, 0x8C8A, 0x6BC8, 0x5365,   // 0x0210 (528) pixels
0x4AE3, 0x4AE3, 0x4B43, 0x1085, 0x0846, 0x0846, 0x0846, 0x0846, 0x0846, 0x0846, 0x0846, 0x0846, 0x0846, 0x0846, 0x5B25, 0x4AC3,   // 0x0220 (544) pixels
0x8407, 0x2967, 0x6BC5, 0x5B25, 0x6BE6, 0x0846, 0x0846, 0x4B44, 0x6C05, 0x7CD3, 0xC5B0, 0xFED5, 0x7B89, 0x8C09, 0x9C6D, 0xD633,   // 0x0230 (560) pixels
0xEE96, 0xDDF4, 0xDE34, 0xEE74, 0x9C8D, 0x73E7, 0x3AC2, 0x0846, 0x0846, 0x0026, 0x0846, 0x0846, 0x0846, 0x0846, 0x0846, 0x0846,   // 0x0240 (576) pixels
0x0846, 0x0846, 0x0846, 0x0846, 0x0846, 0x0846, 0x0846, 0x0846, 0x0846, 0x0846, 0x9C0A, 0xBD50, 0xFE34, 0x9C8D, 0x9448, 0x5324,   // 0x0250 (592) pixels
0x5363, 0x4302, 0x5363, 0x0846, 0x0846, 0x0846, 0x0846, 0x0846, 0x0846, 0x0846, 0x0846, 0x0846, 0x0846, 0x0846, 0x0846, 0x0006,   // 0x0260 (608) pixels
0x948A, 0xA48C, 0x0026, 0x0846, 0x1086, 0x0006, 0xBD0E, 0xF671, 0xD5D1, 0x4AE3, 0xA4AC, 0xFED5, 0x940D, 0xA4D1, 0xF715, 0xE71B,   // 0x0270 (624) pixels
0xE674, 0xDE33, 0xBD50, 0x6B67, 0x5BA4, 0x11A8, 0x4B42, 0x0846, 0x4AE4, 0x0846, 0x0846, 0x0846, 0x0846, 0x0846, 0x0846, 0x0846,   // 0x0280 (640) pixels
0x0846, 0x0846, 0x0846, 0x0846, 0x0846, 0x0846, 0x0846, 0x0846, 0x0846, 0x0846, 0x0846, 0xDE33, 0x9C6C, 0x7B6A, 0x73C8, 0x42E2,   // 0x0290 (656) pixels
0x5343, 0x5363, 0x0846, 0x0846, 0x0846, 0x0846, 0x0846, 0x0846, 0x0846, 0x0846, 0x0846, 0x0846, 0x0846, 0x0846, 0xA46D, 0xFF36,   // 0x02A0 (672) pixels
0xFF96, 0xFFB5, 0xFF97, 0x2128, 0xFFFA, 0x5325, 0xFEB5, 0xFF98, 0xFFFA, 0xEE74, 0xD5D4, 0xFF36, 0xF6F5, 0x6C05, 0xA48D, 0xA4AB,   // 0x02B0 (688) pixels
0x9C8B, 0x6B67, 0x63E6, 0x4B03, 0x5363, 0x5BE4, 0x0846, 0x0846, 0x0846, 0x0846, 0x0846, 0x0846, 0x0846, 0x0846, 0x0846, 0x0846,   // 0x02C0 (704) pixels
0x0846, 0x0846, 0x0846, 0x0846, 0x0846, 0x0846, 0x0846, 0x0846, 0x0846, 0x0846, 0x0846, 0x0846, 0x0846, 0xACAD, 0x9C8D, 0x0846,   // 0x02D0 (720) pixels
0x0846, 0x5343, 0x0805, 0x0846, 0x0846, 0x0846, 0x0846, 0x0846, 0x0846, 0x0846, 0x0846, 0x0846, 0x0846, 0xFFF9, 0xFF98, 0xFFB7,   // 0x02E0 (736) pixels
0xFE95, 0xEE34, 0xFFF8, 0xFFFD, 0xFF15, 0xFFFD, 0x0005, 0xFF98, 0xFEF4, 0x0826, 0x0004, 0x21C8, 0xEF34, 0x950A, 0x950A, 0xA52B,   // 0x02F0 (752) pixels
0x53A5, 0x5B64, 0x6BA6, 0x4322, 0x4B43, 0x2AAA, 0x0846, 0x0846, 0x0846, 0x0846, 0x0846, 0x0846, 0x0846, 0x0846, 0x0846, 0x0846,   // 0x0300 (768) pixels
0x0846, 0x0846, 0x0846, 0x0846, 0x0026, 0x0846, 0x0846, 0x0846, 0x0846, 0x0846, 0x0846, 0x0846, 0x0846, 0x5365, 0x6BC6, 0x0846,   // 0x0310 (784) pixels
0x0006, 0x0886, 0x0006, 0x4B64, 0x0846, 0x0846, 0x0846, 0x0846, 0x0846, 0x0846, 0x0846, 0x0846, 0x0846, 0xFFF7, 0xFFF9, 0xFFFB,   // 0x0320 (800) pixels
0xFFF8, 0xFFFA, 0xFFFA, 0xFF55, 0xFFF9, 0xFFF9, 0xB531, 0xCDD2, 0xFFFA, 0xFF77, 0x0846, 0x0846, 0x0846, 0xACAC, 0x948B, 0x0846,   // 0x0330 (816) pixels
0x0005, 0x6406, 0x53A5, 0x63A3, 0x0846, 0x0846, 0x0846, 0x0846, 0x0846, 0x0846, 0x0846, 0x0846, 0x0846, 0x0846, 0x0846, 0x0846,   // 0x0340 (832) pixels
0x0846, 0x0846, 0x0846, 0x0846, 0x0846, 0x0846, 0x0846, 0x0846, 0x0846, 0x0846, 0x0846, 0x0846, 0x0846, 0x0846, 0x0846, 0x0846,   // 0x0350 (848) pixels
0x6365, 0x0846, 0x0846, 0x0846, 0x0846, 0x0846, 0x0846, 0x0846, 0x0846, 0x0846, 0x0846, 0x0846, 0x0846, 0x8508, 0x950A, 0xCDB0,   // 0x0360 (864) pixels
0xF673, 0xFF95, 0xF6F6, 0xBDAD, 0xFEB4, 0xFEB3, 0x5BE5, 0x0006, 0x29A9, 0x0846, 0x0846, 0x0846, 0x0846, 0xB4EE, 0x0846, 0x0846,   // 0x0370 (880) pixels
0x0026, 0x5B83, 0x4B63, 0x0846, 0x0846, 0x4B63, 0x0846, 0x0846, 0x0846, 0x0846, 0x0846, 0x0846, 0x0846, 0x0846, 0x0846, 0x0846,   // 0x0380 (896) pixels
0x0846, 0x0846, 0x0846, 0x0846, 0x0846, 0x0846, 0x0846, 0x0846, 0x0846, 0x0846, 0x0846, 0x0846, 0x0846, 0x0846, 0x0846, 0x0846,   // 0x0390 (912) pixels
0x0846, 0x6403, 0x7487, 0x6C05, 0x8428, 0x0006, 0x0846, 0x0846, 0x0846, 0x0846, 0x0846, 0x0846, 0x0846, 0x0846, 0x5BE4, 0x5BE4,   // 0x03A0 (928) pixels
0x7C89, 0x84C9, 0x5BE4, 0x53C4, 0x4B43, 0x5BA4, 0x4B82, 0x9C6B, 0xFEB4, 0x0846, 0x0846, 0x0846, 0x0846, 0x0846, 0x0006, 0x0846,   // 0x03B0 (944) pixels
0x0886, 0x4C07, 0x0846, 0x0846, 0x0846, 0x0846, 0x0007, 0x0846, 0x0846, 0x0846, 0x0846, 0x0846, 0x0846, 0x0846, 0x0846, 0x0846,   // 0x03C0 (960) pixels
0x0846, 0x0846, 0x0846, 0x0846, 0x0846, 0x0846, 0x0846, 0x0846, 0x0846, 0x0846, 0x0846, 0x0846, 0x0846, 0x0846, 0x0846, 0x0846,   // 0x03D0 (976) pixels
0x0846, 0x0846, 0x5B45, 0x4B03, 0x3AA2, 0x42C3, 0x3AC2, 0x0846, 0x0846, 0x0846, 0x0846, 0x0846, 0x0846, 0x0846, 0x0846, 0x0846,   // 0x03E0 (992) pixels
0x0846, 0x0846, 0x5343, 0x42E2, 0x3262, 0x63A5, 0x4AC5, 0xA44B, 0x0846, 0x0846, 0x0846, 0x0846, 0x0846, 0x0846, 0x0846, 0x0846,   // 0x03F0 (1008) pixels
0x0846, 0x4A86, 0x08C6, 0x0846, 0x2A42, 0x0846, 0x2A04, 0x0846, 0x0846, 0x0846, 0x0846, 0x0846, 0x0846, 0x0846, 0x0846, 0x0846,   // 0x0400 (1024) pixels
0x0846, 0x0846, 0x0846, 0x0846, 0x0846, 0x0846, 0x0846, 0x0846, 0x0846, 0x0846, 0x0846, 0x0846, 0x0846, 0x0846, 0x0846, 0x0846,   // 0x0410 (1040) pixels
0x0846, 0x0846, 0x42E2, 0x3282, 0x3AC2, 0x3A82, 0x3A62, 0x5343, 0x5B82, 0x0846, 0x0846, 0x0846, 0x0846, 0x0846, 0x0846, 0x0846,   // 0x0420 (1056) pixels
0x0846, 0x0846, 0x6365, 0x3AA2, 0x42C3, 0x5B23, 0xAC8B, 0x0846, 0x0846, 0x0846, 0x0846, 0x0846, 0x0846, 0x0846, 0x0846, 0x0846,   // 0x0430 (1072) pixels
0x0846, 0x0846, 0x4B22, 0x0026, 0x3AC2, 0x3226, 0x10C5, 0x2A04, 0x2A04, 0x0826, 0x0846, 0x0846, 0x0846, 0x0846, 0x0846, 0x0846,   // 0x0440 (1088) pixels
0x0846, 0x0846, 0x0846, 0x0846, 0x0846, 0x0846, 0x0846, 0x0846, 0x0846, 0x0846, 0x0846, 0x0846, 0x0846, 0x0846, 0x0846, 0x0846,   // 0x0450 (1104) pixels
0x0846, 0x0846, 0x3AA2, 0x3282, 0x3282, 0x32A2, 0x3AC2, 0x6346, 0x6B47, 0x7C47, 0x0846, 0x0846, 0x0846, 0x0846, 0x0846, 0x0846,   // 0x0460 (1120) pixels
0x0846, 0x0846, 0x3A82, 0x5AE5, 0x6B26, 0x2988, 0x42E2, 0x0846, 0x0846, 0x0846, 0x0846, 0x0846, 0x0846, 0x0846, 0x0846, 0x0846,   // 0x0470 (1136) pixels
0x0846, 0x0846, 0x0846, 0x0846, 0x3A45, 0x4A82, 0x3A61, 0x0846, 0x2127, 0x52C5, 0x0826, 0x0846, 0x0866, 0x0846, 0x0846, 0x0846,   // 0x0480 (1152) pixels
0x0846, 0x0866, 0x0846, 0x0846, 0x0846, 0x0846, 0x0846, 0x0846, 0x0846, 0x0846, 0x0846, 0x0846, 0x0846, 0x0846, 0x0846, 0x0846,   // 0x0490 (1168) pixels
0x0846, 0x0846, 0xFF36, 0x9C2C, 0x4B03, 0x7B68, 0x6366, 0x6B48, 0x93AA, 0x0846, 0x0846, 0x0846, 0x0846, 0x0846, 0x0846, 0x0846,   // 0x04A0 (1184) pixels
0x0846, 0x0846, 0x6B66, 0x5B06, 0x6306, 0x6B46, 0x52E5, 0x0846, 0x5B27, 0x0846, 0x0846, 0x0846, 0x0846, 0x0846, 0x0846, 0x0846,   // 0x04B0 (1200) pixels
0x0846, 0x0846, 0x0846, 0x0846, 0x0846, 0x0846, 0x7348, 0x8BC9, 0x0846, 0x5B06, 0x0846, 0x0846, 0x0846, 0x0846, 0x0846, 0x0846,   // 0x04C0 (1216) pixels
0x0846, 0x0846, 0x0846, 0x0846, 0x0846, 0x0846, 0x0846, 0x0846, 0x0846, 0x0846, 0x0846, 0x0846, 0x0846, 0x0846, 0x0846, 0x0846,   // 0x04D0 (1232) pixels
0x0846, 0x0846, 0x0846, 0x8BCF, 0x7348, 0x4B23, 0x6B68, 0x6B87, 0x6B27, 0x0846, 0x0846, 0x0846, 0x0846, 0x0846, 0x0846, 0x0846,   // 0x04E0 (1248) pixels
0x0846, 0x0846, 0xB4AD, 0xBD2F, 0x83EB, 0x9C2B, 0x0846, 0x0846, 0x3282, 0x0846, 0x0846, 0x0846, 0x0846, 0x0846, 0x0846, 0x0846,   // 0x04F0 (1264) pixels
0x0846, 0x0846, 0x0846, 0x0846, 0x0846, 0xBCAC, 0xBC6D, 0xCCEE, 0xC4CC, 0x7B48, 0x08A6, 0x0846, 0x0846, 0x0846, 0x0846, 0x0846,   // 0x0500 (1280) pixels
0x0846, 0x0846, 0x0846, 0x0846, 0x0846, 0x0846, 0x0846, 0x0846, 0x0846, 0x0846, 0x0846, 0x0846, 0x0846, 0x0846, 0x0846, 0x0846,   // 0x0510 (1296) pixels
0x0846, 0x0846, 0x0846, 0xDD71, 0x6326, 0x42A3, 0x5B46, 0x0826, 0x0846, 0x0846, 0x0846, 0x0846, 0x0846, 0x0846, 0x0846, 0x0846,   // 0x0520 (1312) pixels
0x0846, 0x0846, 0x0846, 0xCCEE, 0x942C, 0x6B68, 0x0846, 0x0846, 0x0846, 0x0846, 0x0846, 0x0846, 0x0846, 0x0846, 0x0846, 0x0846,   // 0x0530 (1328) pixels
0x0846, 0x0846, 0x0846, 0x0846, 0xC46D, 0xABEB, 0x9BAA, 0x9B8A, 0xD4CE, 0xB48D, 0x5AC5, 0x0846, 0x0846, 0x0846, 0x0846, 0x0846,   // 0x0540 (1344) pixels
0x0846, 0x0846, 0x0846, 0x0846, 0x0846, 0x0846, 0x0846, 0x0846, 0x0846, 0x0846, 0x0846, 0x0846, 0x0846, 0x0846, 0x0846, 0x0846,   // 0x0550 (1360) pixels
0x0846, 0x0846, 0x0846, 0xDE78, 0x6B48, 0x6347, 0x5B26, 0x0846, 0x0846, 0x0846, 0x0846, 0x0846, 0x0846, 0x0846, 0x0846, 0x0846,   // 0x0560 (1376) pixels
0x0846, 0x0846, 0x0846, 0x93EB, 0x8BEB, 0x0846, 0x0846, 0x0846, 0x0846, 0x0846, 0x0846, 0x0846, 0x0846, 0x0846, 0x0846, 0x0846,   // 0x0570 (1392) pixels
0x0846, 0x0846, 0x0846, 0x0846, 0x7B48, 0x6AA6, 0x93EB, 0xA42C, 0xB44C, 0xA42C, 0x4A64, 0x0846, 0x0846, 0x0846, 0x0846, 0x0846,   // 0x0580 (1408) pixels
0x0846, 0x0846, 0x0846, 0x0846, 0x0846, 0x0846, 0x0846, 0x0846, 0x0846, 0x0846, 0x0846, 0x0846, 0x0846, 0x0846, 0x0846, 0x0846,   // 0x0590 (1424) pixels
0x0846, 0x0846, 0x0846, 0xB574, 0x6B68, 0x5B46, 0x0846, 0x0846, 0x0846, 0x0846, 0x0846, 0x0846, 0x0846, 0x0846, 0x0846, 0x0846,   // 0x05A0 (1440) pixels
0x0846, 0x0846, 0x0846, 0x0846, 0x0846, 0x0846, 0x0846, 0x0846, 0x0846, 0x0846, 0x0846, 0x0846, 0x0846, 0x0846, 0x0846, 0x0846,   // 0x05B0 (1456) pixels
0x0846, 0x0846, 0x0846, 0x0846, 0x7B48, 0x0846, 0x0846, 0x0846, 0x0846, 0x3AC2, 0x3AC2, 0x0846, 0x0846, 0x0846, 0x3AC2, 0x0846,   // 0x05C0 (1472) pixels
0x0846, 0x0846, 0x0846, 0x0846, 0x0846, 0x0846, 0x0846, 0x0846, 0x0846, 0x0846, 0x0846, 0x0846, 0x0846, 0x0846, 0x0846, 0x0846,   // 0x05D0 (1488) pixels
0x0846, 0x0846, 0x0846, 0x83AA, 0x3208, 0x0846, 0x0846, 0x0846, 0x0846, 0x0846, 0x0846, 0x0846, 0x0846, 0x0846, 0x0846, 0x0846,   // 0x05E0 (1504) pixels
0x0846, 0x0846, 0x0846, 0x0846, 0x0846, 0x0846, 0x0846, 0x0846, 0x0846, 0x0846, 0x0846, 0x0846, 0x0846, 0x0846, 0x0846, 0x0846,   // 0x05F0 (1520) pixels
0x0846, 0x0846, 0x0846, 0x0846, 0x0846, 0x0846, 0x0846, 0x0846, 0x0846, 0x0846, 0x0846, 0x0846, 0x0846, 0x0846, 0x3AC2, 0x0846,   // 0x0600 (1536) pixels
0x0846, 0x0846, 0x0846, 0x0846, 0x0846, 0x0846, 0x0846, 0x0846, 0x0846, 0x0846, 0x0846, 0x0846, 0x0846, 0x0846, 0x0846, 0x0846,   // 0x0610 (1552) pixels
0x0846, 0x0846, 0x0846, 0xA48D, 0x0846, 0x0846, 0x0846, 0x0846, 0x0846, 0x0846, 0x0846, 0x0846, 0x0846, 0x0846, 0x0846, 0x0846,   // 0x0620 (1568) pixels
0x0846, 0x0846, 0x0846, 0x0846, 0x0846, 0x0846, 0x0846, 0x0846, 0x0846, 0x0846, 0x0846, 0x0846, 0x0846, 0x0846, 0x0846, 0x0846,   // 0x0630 (1584) pixels
0x0846, 0x0846, 0x0846, 0x0846, 0x0846, 0x0846, 0x0846, 0x0846, 0x0846, 0x3AC2, 0x0846, 0x0846, 0x0846, 0x3AC2, 0x0846, 0x0846,   // 0x0640 (1600) pixels
0x0846, 0x0846, 0x0846, 0x0846, 0x0846, 0x0846, 0x0846, 0x0846, 0x0846, 0x0846, 0x0846, 0x0846, 0x0846, 0x0846, 0x0846, 0x0846,   // 0x0650 (1616) pixels
0x0846, 0x0846, 0x0846, 0x1906, 0x0846, 0x0846, 0x0846, 0x0846, 0x0846, 0x0846, 0x0846, 0x0846, 0x0846, 0x0846, 0x0846, 0x0846,   // 0x0660 (1632) pixels
0x0846, 0x0846, 0x0846, 0x0846, 0x0846, 0x0846, 0x0846, 0x0846, 0x0846, 0x0846, 0x0846, 0x0846, 0x0846, 0x0846, 0x0846, 0x0846,   // 0x0670 (1648) pixels
0x0846, 0x0846, 0x0846, 0x0846, 0x0846, 0x0846, 0x0846, 0x0846, 0x0846, 0x0846, 0x0846, 0x0846, 0x0846, 0x0846, 0x0846, 0x0846,   // 0x0680 (1664) pixels
0x0846, 0x0846, 0x0846, 0x0846, 0x0846, 0x0846, 0x0846, 0x0846, 0x0846, 0x0846, 0x0846, 0x0846, 0x0846, 0x0846, 0x0846, 0x0846,   // 0x0690 (1680) pixels
0x0846, 0x0846, 0x0846, 0x0846, 0x0846, 0x0846, 0x0846, 0x0846, 0x0846, 0x0846, 0x0846, 0x0846, 0x0846, 0x0846, 0x0846, 0x0846,   // 0x06A0 (1696) pixels
0x0846, 0x0846, 0x0846, 0x0846, 0x0846, 0x0846, 0x0846, 0x0846, 0x0846, 0x0846, 0x0846, 0x0846, 0x0846, 0x0846, 0x0846, 0x0846,   // 0x06B0 (1712) pixels
0x0846, 0x0846, 0x0846, 0x0846, 0x0846, 0x0846, 0x0846, 0x0846, 0x0846, 0x0846, 0x0846, 0x0846, 0x0846, 0x0846, 0x0846, 0x0846,   // 0x06C0 (1728) pixels
0x0846, 0x0846, 0x0846, 0x0846, 0x0846, 0x0846, 0x0846, 0x0846, 0x0846, 0x0846, 0x0846, 0x0846, 0x0846, 0x0846, 0x0846, 0x0846,   // 0x06D0 (1744) pixels
0x0846, 0x0846, 0x0846, 0x0846, 0x0026, 0x0004, 0x0846, 0x0846, 0x0846, 0x0846, 0x0846, 0x0846, 0x0846, 0x0846, 0x0846, 0x0846,   // 0x06E0 (1760) pixels
0x0846, 0x0846, 0x0846, 0x0846, 0x0846, 0x0846, 0x0846, 0x0846, 0x0846, 0x0846, 0x0846, 0x0846, 0x0846, 0x0846, 0x0846, 0x0846,   // 0x06F0 (1776) pixels
0x0846, 0x0846, 0x0846, 0x0846, 0x0846, 0x0846, 0x0846, 0x0846, 0x0846, 0x0846, 0x0846, 0x0846, 0x0846, 0x0846, 0x0846, 0x0846,   // 0x0700 (1792) pixels
0x0846, 0x0846, 0x0846, 0x0846, 0x0846, 0x0846, 0x0846, 0x0846, 0x0846, 0x0846, 0x0846, 0x0846, 0x0846, 0x0846, 0x0846, 0x0846,   // 0x0710 (1808) pixels
0x0846, 0x0846, 0x0002, 0x8C31, 0xDEDA, 0x0846, 0x0846, 0x0846, 0x0846, 0x0846, 0x0846, 0x0846, 0x0846, 0x0846, 0x41EA, 0xD635,   // 0x0720 (1824) pixels
0xF739, 0xCE9A, 0x8CD4, 0x9CD2, 0xA4D0, 0xB574, 0xCE58, 0xBE18, 0xE6B8, 0xCE16, 0xFF9B, 0xACF2, 0x7C10, 0xE6B8, 0xD615, 0xCDF6,   // 0x0730 (1840) pixels
0xBDB5, 0xBDF7, 0xC67A, 0x94F5, 0x9D57, 0xDEBA, 0xF75A, 0xB595, 0xCE57, 0xFF9E, 0xC638, 0xC637, 0xE73B, 0x0046, 0x0846, 0x0846,   // 0x0740 (1856) pixels
0x0846, 0x0846, 0x0846, 0x0846, 0x0846, 0x10A7, 0xFFDF, 0xCE38, 0xE71A, 0xBDD6, 0xA534, 0xA555, 0xE6FB, 0xBDD6, 0xBD93, 0xAD74,   // 0x0750 (1872) pixels
0xC5F6, 0xC618, 0x8C92, 0xBDF6, 0xB574, 0xB575, 0x0004, 0x0846, 0x0846, 0x0846, 0x0846, 0x634E, 0xAD75, 0xBE39, 0xAD55, 0xC5F6,   // 0x0760 (1888) pixels
0xBD94, 0xC617, 0xC5F6, 0xBDB5, 0xDE78, 0xC5F6, 0x9491, 0xA534, 0xC617, 0x8C50, 0x8C2F, 0xA4D2, 0x9CD3, 0xAD75, 0xBDB5, 0xB574,   // 0x0770 (1904) pixels
0xA513, 0x9491, 0xAD33, 0xDE77, 0xD657, 0xD636, 0xBDB5, 0xBDB5, 0xB595, 0xBDB6, 0xB5B6, 0xA534, 0xA515, 0x0846, 0x0846, 0x0846,   // 0x0780 (1920) pixels
0x8CD3, 0x8473, 0x94D4, 0x8CB3, 0x73F0, 0x7BEF, 0x73AE, 0x73AE, 0x7BF0, 0x8493, 0x94F4, 0xA555, 0xA534, 0x9CD2, 0x9491, 0xAD33,   // 0x0790 (1936) pixels
0xAD54, 0x8C72, 0x7BEF, 0x634D, 0x73D0, 0x6BB0, 0x7411, 0x8451, 0x6BF1, 0x63B0, 0x4B0E, 0x94D3, 0x9CF3, 0xA513, 0xDE78, 0xEEF8,   // 0x07A0 (1952) pixels
0xA513, 0x94D2, 0x8C92, 0x8C92, 0x8C71, 0x8C91, 0xA4D1, 0xA4D1, 0x9CD1, 0x9CB1, 0x8C71, 0x9CB1, 0x9C90, 0x9C90, 0xA512, 0xAD54,   // 0x07B0 (1968) pixels
0xAD54, 0xAD54, 0xB574, 0xAD33, 0x9491, 0x9CD3, 0xA513, 0xBDB6, 0xA513, 0xAD34, 0x8451, 0x94B3, 0x5B0D, 0x8C93, 0x94D3, 0x94F4,   // 0x07C0 (1984) pixels
0xB5B6, 0xCE37, 0xC617, 0xD658, 0xAD56, 0xD698, 0xAD55, 0xA555, 0xA534, 0xB575, 0xA555, 0xA555, 0xD678, 0xE6FA, 0xC617, 0xCE59,   // 0x07D0 (2000) pixels
0xBDD7, 0xA576, 0x9D15, 0xA555, 0xAD55, 0xB575, 0xAD33, 0xAD54, 0xBDD6, 0xC5F6, 0xC5F6, 0xBDB5, 0xBD95, 0xC5B5, 0xBDD6, 0xC659,   // 0x07E0 (2016) pixels
0xC638, 0xB5D7, 0xAD76, 0xA535, 0xA534, 0x9D34, 0xA555, 0xA554, 0x9CF3, 0xAD54, 0xA514, 0xA534, 0xB595, 0xB575, 0xB595, 0xB595,   // 0x07F0 (2032) pixels
0xBD95, 0xB575, 0xB595, 0xB594, 0xAD54, 0xAD34, 0x9CF3, 0x9CF2, 0xAD74, 0xC5D5, 0xC5F6, 0xC5D5, 0xC5D5, 0xBDD5, 0xAD75, 0xC616,   // 0x0800 (2048) pixels
};

const unsigned short Golden[2048] PROGMEM={
0x3901, 0x3101, 0x3901, 0x3921, 0x4962, 0x4962, 0x4962, 0x51C2, 0x6223, 0x6A43, 0x6202, 0x6202, 0x7263, 0x7AA4, 0x82C4, 0x9324,   // 0x0010 (16) pixels
0x9324, 0x7284, 0x7AA4, 0x9365, 0xBC87, 0xCD29, 0xC4E8, 0xBCA8, 0xC4E8, 0xAC47, 0x8B45, 0x8B25, 0x8B45, 0x8B05, 0x8305, 0x7AC4,   // 0x0020 (32) pixels
0x7AC4, 0x72A4, 0x7284, 0x7283, 0x7263, 0x7264, 0x7284, 0x7AA4, 0x82E4, 0x7AA4, 0x6A63, 0x6A23, 0x6223, 0x7283, 0x8B03, 0x9B64,   // 0x0030 (48) pixels
0x9B64, 0x9B64, 0x9344, 0x82E3, 0x7AC3, 0x7AA3, 0x6A43, 0x6223, 0x6202, 0x59A2, 0x4121, 0x28C1, 0x2080, 0x2081, 0x2060, 0x1840,   // 0x0040 (64) pixels
0x4142, 0x3901, 0x30E1, 0x3901, 0x4961, 0x59C2, 0x6203, 0x6A43, 0x82C3, 0x82C3, 0x7283, 0x7263, 0x7AC4, 0x8B04, 0x8B45, 0x9365,   // 0x0050 (80) pixels
0x7AA4, 0x72A4, 0x7AC4, 0x82E4, 0xB467, 0xD58A, 0xD58A, 0xC4E8, 0xC4C7, 0xB487, 0x9BA6, 0x8B25, 0x8B25, 0x8B25, 0x8305, 0x7AC4,   // 0x0060 (96) pixels
0x7AE4, 0x8B25, 0x9345, 0x8B04, 0x7284, 0x7263, 0x6A63, 0x7AA4, 0x72A4, 0x6A43, 0x7AA4, 0x8B04, 0x8AE3, 0x9B64, 0xABC4, 0xABA4,   // 0x0070 (112) pixels
0x9B44, 0x9B44, 0x9B44, 0xA384, 0xA3A4, 0x9B64, 0x82E3, 0x7AA3, 0x82A3, 0x7A63, 0x61A2, 0x4121, 0x28A1, 0x1860, 0x1840, 0x1040,   // 0x0080 (128) pixels
0x4122, 0x3901, 0x30E1, 0x3901, 0x4962, 0x59E2, 0x6A43, 0x82E4, 0x9B64, 0x9B64, 0x9B84, 0x9344, 0x82E4, 0x8B24, 0x9B85, 0xAC27,   // 0x0090 (144) pixels
0xAC26, 0x9365, 0x8305, 0x8304, 0xA3E6, 0xCD29, 0xD58A, 0xD569, 0xBC87, 0x9385, 0x8B45, 0x8B46, 0x8B45, 0x8B25, 0x8304, 0x7AC4,   // 0x00A0 (160) pixels
0x8B45, 0xB426, 0xBC66, 0xB406, 0x9345, 0x82C4, 0x7AC4, 0x8B05, 0x9345, 0x9B65, 0x9B65, 0x9324, 0x9B23, 0xABA4, 0xABC4, 0xABA4,   // 0x00B0 (176) pixels
0xA364, 0xA384, 0xA3A4, 0xABE4, 0xB405, 0xABC5, 0x9B64, 0x9304, 0x8AE3, 0x8AC3, 0x7A62, 0x61C2, 0x40E1, 0x2880, 0x2060, 0x1840,   // 0x00C0 (192) pixels
0x4122, 0x5182, 0x59A2, 0x7223, 0x7A83, 0x82C4, 0x9365, 0xA3E6, 0xA3C5, 0xA3E5, 0xB446, 0xA406, 0x9365, 0x9BA5, 0xAC27, 0xAC27,   // 0x00D0 (208) pixels
0xAC26, 0xBC87, 0xAC06, 0x8B04, 0xA3E6, 0xCD49, 0xDDEB, 0xD58B, 0xAC28, 0x9BA6, 0x9BC6, 0x9386, 0x8B66, 0x8B45, 0x8305, 0x9345,   // 0x00E0 (224) pixels
0xB467, 0xB467, 0xAC06, 0xB406, 0x9344, 0x9B85, 0xABE7, 0xAC07, 0xAC06, 0xB406, 0xABC5, 0x9B85, 0xA384, 0xA384, 0xABC4, 0xB405,   // 0x00F0 (240) pixels
0xABC4, 0xABE4, 0xABE5, 0xABC4, 0xABC4, 0xABC4, 0x9B84, 0x9B44, 0x9303, 0x8AA3, 0x7A63, 0x71E2, 0x4941, 0x38C1, 0x30A1, 0x2060,   // 0x0100 (256) pixels
0x5182, 0x7223, 0x7A63, 0x8AC4, 0x9B45, 0xABC5, 0xBC46, 0xC487, 0xC4E7, 0xC4E7, 0xBCA7, 0xB467, 0xB466, 0xC4C7, 0xBCA7, 0xA3E6,   // 0x0110 (272) pixels
0x8B25, 0xA3E5, 0xC4C7, 0x9BC5, 0x9365, 0xBCC7, 0xDE2C, 0xC52B, 0x9BE7, 0x9BC6, 0x9BA6, 0x8B65, 0x8B66, 0x8B46, 0x9BA6, 0xC4C7,   // 0x0120 (288) pixels
0xC4E8, 0x9B85, 0xA3A5, 0xABE6, 0xA3A5, 0xA3A5, 0xABE6, 0xABE6, 0xA3C5, 0xA3A5, 0xA364, 0x9B44, 0x9B84, 0xA384, 0xABE5, 0xB405,   // 0x0130 (304) pixels
0xABC4, 0xABC4, 0xABC5, 0xA3A4, 0xABA4, 0xABC4, 0x9B44, 0x9324, 0x9324, 0x8AE3, 0x7222, 0x5181, 0x4921, 0x40E1, 0x2880, 0x1861,   // 0x0140 (320) pixels
0x59A2, 0x7A43, 0x82A4, 0x82C4, 0xA385, 0xBC26, 0xBC46, 0xBC87, 0xC508, 0xCD08, 0xC4E8, 0xC4E8, 0xC507, 0xBC86, 0x9BA5, 0x8B45,   // 0x0150 (336) pixels
0x8B45, 0x9BA5, 0xA3C5, 0x9344, 0x8324, 0x9BA5, 0xB488, 0xA407, 0x9366, 0x9386, 0x9365, 0x8B45, 0x9BC6, 0x9BC7, 0x8B65, 0xAC47,   // 0x0160 (352) pixels
0xBCA8, 0x9365, 0xAC06, 0xB426, 0xAC06, 0xA3A5, 0xA3A5, 0x9B64, 0x9B44, 0x9B44, 0x9B65, 0x9B64, 0x9B44, 0xABA4, 0xB3E4, 0xABE4,   // 0x0170 (368) pixels
0xABC4, 0xA3A4, 0x9B85, 0x9324, 0x9324, 0x9B64, 0x9323, 0x8B04, 0x7AA4, 0x6202, 0x59A2, 0x5161, 0x4921, 0x28A0, 0x2081, 0x1881,   // 0x0180 (384) pixels
0x59C4, 0x7A85, 0x7243, 0x6A23, 0x82C4, 0xA3A5, 0xB446, 0xC4A7, 0xCD49, 0xCD49, 0xCD28, 0xCD28, 0xCD49, 0xB487, 0x82E4, 0x7AC4,   // 0x0190 (400) pixels
0x9BA5, 0xBCA6, 0xA3E5, 0x9365, 0x8B25, 0x8B45, 0x8B65, 0x9386, 0x9386, 0x9386, 0x9386, 0x93A7, 0xB468, 0xB468, 0x9BA6, 0xAC68,   // 0x01A0 (416) pixels
0xB488, 0xB447, 0xC4A7, 0xBC46, 0xAC06, 0xA3A5, 0x9B65, 0x9B65, 0x9B65, 0x9B64, 0xA3A5, 0xABE5, 0xABC4, 0xABC4, 0xA384, 0xA364,   // 0x01B0 (432) pixels
0xA384, 0x9324, 0x9324, 0x82C4, 0x82C3, 0x9B44, 0xA3A6, 0x9345, 0x6A43, 0x5181, 0x51A1, 0x59A1, 0x4121, 0x28C1, 0x20A1, 0x2060,   // 0x01C0 (448) pixels
0x51C5, 0x51C3, 0x51A2, 0x59E3, 0x6A43, 0x7AA4, 0xA3C5, 0xC4E7, 0xD5AA, 0xD5AA, 0xCD68, 0xCD6A, 0xD5AC, 0xCD8B, 0xB487, 0x9B84,   // 0x01D0 (464) pixels
0xA3C5, 0xD548, 0xCD27, 0xBCC7, 0x9BA5, 0x8B25, 0x8B25, 0x8B45, 0x9386, 0x9BA6, 0x93A7, 0x9387, 0x9BA6, 0xAC46, 0xC4E8, 0xD569,   // 0x01E0 (480) pixels
0xCD69, 0xCD69, 0xD549, 0xC4C7, 0xB426, 0xA3A5, 0xA3C7, 0xAC29, 0xAC28, 0xABE5, 0xABC4, 0xB3E5, 0xABE5, 0xABA4, 0xABA4, 0xA384,   // 0x01F0 (496) pixels
0x9B44, 0x9B44, 0x9B64, 0x9B64, 0x8AE3, 0x9345, 0xA3C6, 0x9B65, 0x7243, 0x51A2, 0x5181, 0x5181, 0x4121, 0x3901, 0x28C1, 0x2080,   // 0x0200 (512) pixels
0x4163, 0x4141, 0x51A2, 0x6203, 0x6A43, 0x7283, 0x8304, 0xB486, 0xD5AA, 0xD5C9, 0xD588, 0xCDAB, 0xD5CD, 0xD5ED, 0xD5EC, 0xC507,   // 0x0210 (528) pixels
0xBCA6, 0xCD47, 0xCD06, 0xC4E7, 0xAC26, 0x8B24, 0x8305, 0x8305, 0x8B45, 0x93A7, 0x9387, 0x8305, 0x8304, 0xAC26, 0xD568, 0xCD69,   // 0x0220 (544) pixels
0xCD49, 0xDDEC, 0xDE0D, 0xB487, 0x9B64, 0xA3C6, 0xAC29, 0xAC4A, 0xBCAA, 0xBC88, 0xB425, 0xABE4, 0xABC5, 0xB405, 0xB425, 0xABC4,   // 0x0230 (560) pixels
0xA384, 0xA3A4, 0xA384, 0xA384, 0xA3A5, 0x9B86, 0x9B44, 0x8AE3, 0x7262, 0x61E2, 0x51A1, 0x51A1, 0x4981, 0x4121, 0x30E1, 0x28A0,   // 0x0240 (576) pixels
0x4121, 0x4962, 0x51A2, 0x6223, 0x7284, 0x7283, 0x7AA3, 0xA3E6, 0xCD68, 0xD587, 0xCD47, 0xCD8A, 0xD5CD, 0xD5CD, 0xD5EB, 0xD588,   // 0x0250 (592) pixels
0xCD47, 0xCD47, 0xC4C6, 0xA3E5, 0x9BC5, 0x9345, 0x8305, 0x82E4, 0x8B26, 0x8B47, 0x7AE5, 0x8304, 0xA3E6, 0xB487, 0xAC26, 0xA427,   // 0x0260 (608) pixels
0xB488, 0xC52A, 0xCD4A, 0xB467, 0x9BA5, 0xB426, 0xAC49, 0xA42A, 0xB48A, 0xC4C8, 0xBC45, 0xB405, 0xBC66, 0xC4C7, 0xBCA7, 0xB466,   // 0x0270 (624) pixels
0xB425, 0xABE5, 0xABE4, 0xAC06, 0xAC07, 0x9B85, 0x82E3, 0x7AA3, 0x7A83, 0x6A22, 0x59C2, 0x59C2, 0x5181, 0x4141, 0x3901, 0x30E1,   // 0x0280 (640) pixels
0x4121, 0x4982, 0x59C2, 0x6223, 0x7264, 0x7283, 0x7AC4, 0x9BC5, 0xC527, 0xD567, 0xCD27, 0xCD27, 0xCD49, 0xCD69, 0xCD68, 0xD567,   // 0x0290 (656) pixels
0xCD47, 0xC4E7, 0xAC06, 0x9365, 0x8B45, 0x8B25, 0x7AE4, 0x82E5, 0x8B47, 0x8326, 0x72A4, 0x82E4, 0xAC27, 0xBC87, 0xA3C6, 0xA3E7,   // 0x02A0 (672) pixels
0x9BC6, 0x9BA6, 0x9BC6, 0xA406, 0xB446, 0xC4A7, 0xBCA8, 0xB469, 0xBC88, 0xBC87, 0xBC66, 0xC4A6, 0xCCE7, 0xC4E7, 0xC4C7, 0xBCC7,   // 0x02B0 (688) pixels
0xC4A6, 0xBC86, 0xBCA6, 0xBC88, 0x9BA5, 0x8B24, 0x82E4, 0x8B04, 0x7AC3, 0x6A22, 0x61E2, 0x51A2, 0x4961, 0x4141, 0x4121, 0x4121,   // 0x02C0 (704) pixels
0x3901, 0x4142, 0x59C3, 0x6223, 0x6A43, 0x7283, 0x8304, 0x9384, 0xBCA6, 0xD588, 0xD587, 0xC506, 0xC4E6, 0xCD27, 0xCD46, 0xD567,   // 0x02D0 (720) pixels
0xCD47, 0xA406, 0x8B45, 0x8B65, 0x8B25, 0x7AC4, 0x7AC4, 0x8305, 0x8305, 0x7AC4, 0x7AA4, 0x8305, 0xA3C6, 0xBC67, 0xC4C8, 0xC4E8,   // 0x02E0 (736) pixels
0xA3E6, 0x9BA6, 0x9BC6, 0x9BC6, 0xB467, 0xCCE8, 0xC4C8, 0xBCA7, 0xBC87, 0xBC86, 0xC4A7, 0xC4E7, 0xC4E7, 0xC4C6, 0xBCA6, 0xBCC7,   // 0x02F0 (752) pixels
0xC4E7, 0xC4E7, 0xC4C7, 0xC4A7, 0x9364, 0x7AA3, 0x82C3, 0x82E3, 0x7AA3, 0x6A43, 0x59E2, 0x51A2, 0x4961, 0x4121, 0x4941, 0x4962,   // 0x0300 (768) pixels
0x3901, 0x4142, 0x51A3, 0x6203, 0x6A43, 0x7283, 0x7AA3, 0x7AA3, 0x9BA4, 0xC527, 0xD5C8, 0xCD87, 0xCD67, 0xD567, 0xCD46, 0xCD47,   // 0x0310 (784) pixels
0xBCA6, 0x9365, 0x8B45, 0x8B45, 0x8324, 0x82E4, 0x7AE4, 0x7AE4, 0x7AA4, 0x7263, 0x7AA4, 0x9345, 0xABE6, 0xB426, 0xC4C8, 0xCD09,   // 0x0320 (800) pixels
0xBCC8, 0xBCA8, 0xC4E8, 0xB487, 0xB488, 0xC509, 0xBCC8, 0xB447, 0xB467, 0xB466, 0xBC87, 0xC4C8, 0xC4E8, 0xC4E7, 0xC4E7, 0xC4E7,   // 0x0330 (816) pixels
0xC4E7, 0xC4E7, 0xBCC6, 0xB465, 0x8B44, 0x7283, 0x7263, 0x7263, 0x6A43, 0x6223, 0x59E2, 0x59C2, 0x4982, 0x4141, 0x4962, 0x4962,   // 0x0340 (832) pixels
0x3921, 0x4142, 0x4962, 0x51C2, 0x6203, 0x6A23, 0x6A42, 0x72A3, 0x8304, 0x9BE5, 0xC507, 0xD5C8, 0xD587, 0xBCC6, 0xB486, 0xB4A6,   // 0x0350 (848) pixels
0xA3E5, 0x9364, 0x9385, 0x8B44, 0x8B24, 0x8304, 0x7AC4, 0x7AA3, 0x7284, 0x6A43, 0x7AA3, 0x9B85, 0xA3A5, 0xA3A5, 0xB427, 0xBCA8,   // 0x0360 (864) pixels
0xC4E8, 0xCD08, 0xCD49, 0xCD29, 0xAC47, 0xBCC8, 0xC509, 0xBCA7, 0xAC06, 0x9365, 0x9385, 0xB487, 0xC508, 0xBCA7, 0xAC46, 0xBCA6,   // 0x0370 (880) pixels
0xC507, 0xBCA6, 0xAC45, 0x9385, 0x7AC3, 0x7282, 0x7263, 0x6A23, 0x6202, 0x6223, 0x6202, 0x59E2, 0x51A2, 0x4162, 0x4142, 0x4141,   // 0x0380 (896) pixels
0x3922, 0x3902, 0x4141, 0x5182, 0x59C2, 0x6202, 0x6A63, 0x7AC4, 0x82E4, 0x8303, 0xA3E5, 0xCD67, 0xCD88, 0xA406, 0x9BA5, 0x9BE5,   // 0x0390 (912) pixels
0xA405, 0x9BA4, 0x9385, 0x9365, 0x9365, 0x8B45, 0x7AC4, 0x7283, 0x6A63, 0x6A43, 0x82C4, 0xA365, 0xA3A5, 0xABE6, 0xB447, 0xBC88,   // 0x03A0 (928) pixels
0xC4C8, 0xCD09, 0xCD09, 0xCD08, 0xB467, 0xAC47, 0xC4E8, 0xC4E8, 0x9BC6, 0x7AA4, 0x72A4, 0x9BC5, 0xC4E7, 0xA3E5, 0x82E4, 0x9BA4,   // 0x03B0 (944) pixels
0xC4C6, 0xBCC5, 0x9364, 0x7AC3, 0x82E3, 0x7AA3, 0x6A43, 0x6202, 0x6222, 0x6A42, 0x6222, 0x59E2, 0x51C2, 0x4162, 0x4141, 0x4141,   // 0x03C0 (960) pixels
0x3902, 0x3901, 0x4122, 0x4982, 0x51A2, 0x59E2, 0x6A63, 0x7AA3, 0x8304, 0x8B24, 0x8B44, 0xB466, 0xCD89, 0xBCE8, 0xB4A7, 0xAC46,   // 0x03D0 (976) pixels
0xAC05, 0xA405, 0x9BE6, 0x9BA5, 0x9365, 0x8B45, 0x8B24, 0x82E4, 0x7283, 0x7263, 0x82E4, 0xA3A5, 0xABE6, 0xB426, 0xBCA8, 0xC4C9,   // 0x03E0 (992) pixels
0xC4E9, 0xC4E9, 0xC4E8, 0xC4C8, 0xC4E8, 0xB487, 0xB467, 0x9BC6, 0x8325, 0x8304, 0x7AC3, 0x8324, 0xA406, 0x8324, 0x7AE3, 0x8B24,   // 0x03F0 (1008) pixels
0xAC25, 0xBCA5, 0x9BA4, 0x8B23, 0x9364, 0x8324, 0x7283, 0x6A42, 0x6A42, 0x6222, 0x6202, 0x59E2, 0x51A2, 0x4161, 0x4961, 0x4981,   // 0x0400 (1024) pixels
0x30E1, 0x3901, 0x3921, 0x4982, 0x59E2, 0x5A02, 0x6A43, 0x7AA3, 0x8B44, 0x9365, 0x8B44, 0x93A5, 0xAC46, 0xBD07, 0xCD89, 0xBCC7,   // 0x0410 (1040) pixels
0xA3E5, 0xA426, 0xA406, 0x93A5, 0x8B65, 0x8B45, 0x9365, 0x8B45, 0x82E4, 0x7283, 0x7283, 0x8B24, 0xABC5, 0xA3A6, 0xABE6, 0xBC68,   // 0x0420 (1056) pixels
0xC4A8, 0xBC67, 0xBC67, 0xBC87, 0xC4C7, 0xCCE7, 0xBC67, 0x9385, 0x8B25, 0x8B45, 0x7AE4, 0x7AA3, 0x8304, 0x8304, 0x82E3, 0x8B23,   // 0x0430 (1072) pixels
0x9BA4, 0x9BA4, 0x9384, 0x9384, 0x8B44, 0x8B24, 0x7AC3, 0x7283, 0x6A63, 0x6222, 0x6222, 0x6202, 0x59E2, 0x51A2, 0x51A2, 0x49A1,   // 0x0440 (1088) pixels
0x28C1, 0x3901, 0x3922, 0x4962, 0x59C2, 0x6223, 0x6A43, 0x7283, 0x8304, 0x8B44, 0x9364, 0x93A5, 0x9BA5, 0x9BA5, 0xAC67, 0xBD08,   // 0x0450 (1104) pixels
0xB4C9, 0xB488, 0xA3E6, 0x9385, 0x9365, 0x8B65, 0x8B66, 0x9386, 0x8B25, 0x7AC4, 0x7263, 0x6A43, 0x7263, 0x7263, 0x7284, 0x9345,   // 0x0460 (1120) pixels
0xABC5, 0xABE6, 0xB447, 0xC487, 0xCCC7, 0xC4C7, 0xA3E5, 0x8304, 0x8324, 0x8B45, 0x8324, 0x72A4, 0x72A4, 0x7AE4, 0x8303, 0x8B44,   // 0x0470 (1136) pixels
0x9BA4, 0x9384, 0x9385, 0x9BA5, 0x8B44, 0x7AE3, 0x72A3, 0x72A3, 0x6A63, 0x6222, 0x6202, 0x6202, 0x6202, 0x51C2, 0x51C2, 0x59E2,   // 0x0480 (1152) pixels
0x28A1, 0x30C1, 0x3922, 0x4142, 0x4982, 0x59E2, 0x6222, 0x7283, 0x7AC3, 0x8324, 0x8B64, 0x9BA5, 0xA406, 0x9BE5, 0x9BA5, 0xAC68,   // 0x0490 (1168) pixels
0xD60C, 0xDE2D, 0xCD6A, 0xA427, 0x9385, 0x8B25, 0x8B25, 0x8305, 0x7AC4, 0x7283, 0x6A43, 0x6223, 0x6A23, 0x6223, 0x6203, 0x7A83,   // 0x04A0 (1184) pixels
0xA385, 0xABE5, 0xB426, 0xC4A7, 0xC4C7, 0x9BC5, 0x8304, 0x8304, 0x8304, 0x82E3, 0x82E4, 0x8304, 0x82E4, 0x7AC4, 0x7AE3, 0x8B23,   // 0x04B0 (1200) pixels
0x8B44, 0x9384, 0x9BC5, 0x8B43, 0x8B23, 0x8B64, 0x7AE3, 0x7283, 0x7283, 0x6A83, 0x6A42, 0x6222, 0x6222, 0x5A02, 0x59E2, 0x5A02,   // 0x04C0 (1216) pixels
0x28A0, 0x28C1, 0x3901, 0x4122, 0x4121, 0x5182, 0x6202, 0x7283, 0x7AC3, 0x7AC3, 0x8B24, 0x9B85, 0x9BA5, 0x9BA6, 0xA3E7, 0xB4C9,   // 0x04D0 (1232) pixels
0xDE0B, 0xDE0C, 0xDDEB, 0xD589, 0xB467, 0x8B25, 0x7AA4, 0x7283, 0x7283, 0x7263, 0x6222, 0x6222, 0x6A43, 0x6223, 0x61E2, 0x6202,   // 0x04E0 (1248) pixels
0x9324, 0xB3E5, 0xB426, 0xC4A7, 0xBC87, 0x8B44, 0x7AC3, 0x7AC3, 0x82E4, 0x8305, 0x8305, 0x8304, 0x8324, 0x7AE4, 0x82E3, 0x8B44,   // 0x04F0 (1264) pixels
0x8B64, 0x8B44, 0x9BA4, 0x9BC4, 0x9384, 0x9BC4, 0x8B43, 0x7AC3, 0x7AC3, 0x8303, 0x8303, 0x6A62, 0x6222, 0x5A02, 0x59E2, 0x51E2,   // 0x0500 (1280) pixels
0x3102, 0x28A0, 0x30E1, 0x3901, 0x4121, 0x4962, 0x6202, 0x7283, 0x7AA3, 0x7AA3, 0x82E3, 0x8B44, 0x9384, 0x9BA6, 0xA408, 0xC508,   // 0x0510 (1296) pixels
0xD5C9, 0xCD68, 0xCD48, 0xCD27, 0xC4A7, 0x9B65, 0x82A3, 0x7243, 0x6A22, 0x6A64, 0x7285, 0x6A44, 0x61E2, 0x61E3, 0x59E2, 0x6202,   // 0x0520 (1312) pixels
0x9B24, 0xABC5, 0xBC26, 0xC4A6, 0xC486, 0x9344, 0x82E3, 0x82E3, 0x8B46, 0x8B46, 0x8304, 0x8304, 0x8B24, 0x8B24, 0x9364, 0x9385,   // 0x0530 (1328) pixels
0x8B64, 0x8B23, 0x8B23, 0x9384, 0x93A6, 0x8B86, 0x8324, 0x7AC3, 0x72A3, 0x8B43, 0x9BC4, 0x8B23, 0x6A42, 0x6243, 0x6222, 0x51C2,   // 0x0540 (1344) pixels
0x49E6, 0x3102, 0x2880, 0x30E1, 0x4121, 0x4962, 0x59C2, 0x6223, 0x6A43, 0x7283, 0x7AE3, 0x8303, 0x8B45, 0x9386, 0x9365, 0xB425,   // 0x0550 (1360) pixels
0xD568, 0xCD69, 0xC4E7, 0xBC86, 0xBC25, 0xABC5, 0xA384, 0x82A3, 0x6A84, 0x72C7, 0x7B29, 0x7AE7, 0x6223, 0x59C2, 0x59C2, 0x6202,   // 0x0560 (1376) pixels
0x9B24, 0xABC5, 0xABC5, 0xBC25, 0xA3A5, 0x82C3, 0x9B63, 0x9365, 0x8B25, 0x82E4, 0x7AA3, 0x7AE3, 0x8B24, 0x8B64, 0x9365, 0x8B44,   // 0x0570 (1392) pixels
0x8B23, 0x8B23, 0x8303, 0x9386, 0x93E8, 0x93C9, 0x93A7, 0x9364, 0x9BA4, 0x9BA4, 0x8B23, 0x7AE3, 0x6A62, 0x6222, 0x6222, 0x5A02,   // 0x0580 (1408) pixels
0x4A07, 0x3102, 0x2080, 0x30E1, 0x4121, 0x4942, 0x5182, 0x59E2, 0x5A02, 0x6222, 0x7283, 0x8304, 0x8B25, 0x82E4, 0x7AC3, 0x8B24,   // 0x0590 (1424) pixels
0xC486, 0xCCC6, 0xBC45, 0xB3E5, 0xB3E5, 0xABA4, 0x9B24, 0x6A22, 0x6244, 0x72E8, 0x7B09, 0x72E7, 0x6204, 0x51A1, 0x59C2, 0x59C2,   // 0x05A0 (1440) pixels
0x82C4, 0xB3C5, 0xB405, 0xB405, 0x82E3, 0x7A82, 0x9B85, 0x93A6, 0x8304, 0x7AA3, 0x7AA3, 0x7AC3, 0x8304, 0x8304, 0x8304, 0x8323,   // 0x05B0 (1456) pixels
0x8323, 0x8303, 0x8302, 0x9386, 0x9C09, 0x8BA9, 0xA428, 0xBCA6, 0xC4C5, 0xB464, 0xA3E4, 0x8B43, 0x6242, 0x59E2, 0x6222, 0x6202,   // 0x05C0 (1472) pixels
0x3123, 0x28A1, 0x28A0, 0x30E1, 0x4121, 0x4121, 0x4141, 0x4982, 0x51C2, 0x59E2, 0x6A64, 0x7AE5, 0x82E4, 0x7AA3, 0x7AA3, 0x7AA3,   // 0x05D0 (1488) pixels
0x8B24, 0xB3E5, 0xAB84, 0xA364, 0xA364, 0x9B24, 0x82A3, 0x59C2, 0x4982, 0x5A25, 0x6245, 0x59E4, 0x5182, 0x5161, 0x51A2, 0x51A2,   // 0x05E0 (1504) pixels
0x6A43, 0xABA4, 0xC445, 0xA3A4, 0x7AA3, 0x7284, 0x8305, 0x8B25, 0x8B04, 0x8304, 0x7AC3, 0x82E4, 0x8304, 0x82E4, 0x82E3, 0x8303,   // 0x05F0 (1520) pixels
0x8323, 0x82E3, 0x7AC2, 0x8304, 0x8B86, 0x9BE7, 0xB466, 0xBCA5, 0xBCA4, 0xB464, 0xB444, 0xA3C4, 0x72A2, 0x59E2, 0x5A02, 0x5A02,   // 0x0600 (1536) pixels
0x28A0, 0x28A0, 0x28C1, 0x3901, 0x30E1, 0x30E1, 0x3921, 0x4961, 0x59C2, 0x6A23, 0x72A4, 0x7AC4, 0x7AC3, 0x82E4, 0x7AC3, 0x7263,   // 0x0610 (1552) pixels
0x6A43, 0x9B24, 0xA344, 0x92E3, 0x8AC3, 0x7A43, 0x61E2, 0x4982, 0x4141, 0x4962, 0x5182, 0x4941, 0x4941, 0x5182, 0x51A2, 0x59C2,   // 0x0620 (1568) pixels
0x61E2, 0x8AC3, 0x9324, 0x7AA3, 0x7283, 0x72A4, 0x7AA4, 0x7AA3, 0x7AA3, 0x82C3, 0x82E3, 0x82E4, 0x8304, 0x8304, 0x8303, 0x82E3,   // 0x0630 (1584) pixels
0x8303, 0x82E3, 0x82E3, 0x7AC2, 0x72A3, 0x9B84, 0xB464, 0xBC84, 0xB464, 0xB464, 0xAC04, 0x9B83, 0x82E3, 0x6222, 0x5A02, 0x6223,   // 0x0640 (1600) pixels
0x28A0, 0x28A1, 0x28C1, 0x30E1, 0x28A1, 0x30E1, 0x4121, 0x5181, 0x59E2, 0x7263, 0x7AA4, 0x7AA3, 0x7AC3, 0x7AC4, 0x7AA3, 0x7243,   // 0x0650 (1616) pixels
0x6A43, 0x92E3, 0x9B03, 0x8283, 0x7222, 0x5182, 0x4142, 0x4142, 0x4941, 0x4941, 0x4941, 0x4941, 0x5182, 0x59C2, 0x59E2, 0x59C2,   // 0x0660 (1632) pixels
0x61E2, 0x6A22, 0x6A22, 0x6222, 0x6A43, 0x7283, 0x7283, 0x6A42, 0x6A22, 0x7262, 0x7AA3, 0x7AA3, 0x7AA3, 0x7AC3, 0x82C3, 0x7AC3,   // 0x0670 (1648) pixels
0x82E3, 0x8304, 0x8B24, 0x82E3, 0x6A62, 0x82E3, 0xA3E4, 0x9BC4, 0x9364, 0xA3C4, 0xAC24, 0x9BA3, 0x7AC2, 0x59E2, 0x5A02, 0x5A23,   // 0x0680 (1664) pixels
0x28A1, 0x20A1, 0x28A1, 0x20A1, 0x20A1, 0x30E1, 0x4141, 0x5182, 0x59C2, 0x6202, 0x7263, 0x7263, 0x6A43, 0x7243, 0x6A43, 0x6222,   // 0x0690 (1680) pixels
0x6A43, 0x8AC3, 0x8AC3, 0x7222, 0x5182, 0x3921, 0x4121, 0x4142, 0x4941, 0x4941, 0x4941, 0x5182, 0x59C2, 0x59C2, 0x59E2, 0x59E2,   // 0x06A0 (1696) pixels
0x61E2, 0x61E2, 0x59E2, 0x6203, 0x6A23, 0x7263, 0x7263, 0x6202, 0x59E2, 0x6202, 0x6A22, 0x6A42, 0x7263, 0x7A83, 0x7A83, 0x7283,   // 0x06B0 (1712) pixels
0x7AC3, 0x7AA3, 0x82C3, 0x82E3, 0x72A3, 0x6A83, 0x72A3, 0x6A83, 0x6A43, 0x72A3, 0x9363, 0x9363, 0x6242, 0x49A1, 0x51E2, 0x51C2,   // 0x06C0 (1728) pixels
0x28C1, 0x28C1, 0x20A1, 0x20A1, 0x28A1, 0x30E1, 0x4141, 0x5182, 0x5182, 0x59C2, 0x6202, 0x6203, 0x6202, 0x6202, 0x6202, 0x51A2,   // 0x06D0 (1744) pixels
0x6202, 0x8AA3, 0x7A63, 0x59A2, 0x4121, 0x3901, 0x4101, 0x4121, 0x4121, 0x4141, 0x4961, 0x5182, 0x51A2, 0x51A2, 0x59E2, 0x59E2,   // 0x06E0 (1760) pixels
0x59E2, 0x6202, 0x6A43, 0x6A63, 0x6A63, 0x6A43, 0x6223, 0x6202, 0x59E2, 0x59E2, 0x61E2, 0x6202, 0x6A42, 0x7283, 0x7262, 0x7263,   // 0x06F0 (1776) pixels
0x7283, 0x7262, 0x7262, 0x7AA3, 0x7AA3, 0x6A63, 0x59E2, 0x51E2, 0x59E2, 0x59E2, 0x6242, 0x7282, 0x59E2, 0x4982, 0x49C2, 0x4981,   // 0x0700 (1792) pixels
0x28E1, 0x30C1, 0x28C1, 0x28A1, 0x28A1, 0x30E1, 0x3921, 0x4961, 0x4981, 0x5182, 0x51C2, 0x59E2, 0x6203, 0x6203, 0x59C2, 0x5182,   // 0x0710 (1808) pixels
0x61E2, 0x7A63, 0x61E2, 0x4962, 0x4121, 0x3901, 0x3901, 0x3901, 0x38E1, 0x4121, 0x4962, 0x4962, 0x4941, 0x5181, 0x51A2, 0x59E2,   // 0x0720 (1824) pixels
0x61E2, 0x6223, 0x6A63, 0x7283, 0x7263, 0x6A22, 0x6202, 0x6223, 0x6203, 0x6202, 0x6202, 0x6A22, 0x6A22, 0x7262, 0x7263, 0x6A42,   // 0x0730 (1840) pixels
0x6A22, 0x6A22, 0x6A42, 0x7282, 0x7AA3, 0x6A63, 0x5A02, 0x51C2, 0x49A2, 0x51A2, 0x51C2, 0x51C2, 0x51C2, 0x49A1, 0x4981, 0x51C2,   // 0x0740 (1856) pixels
0x3101, 0x30E1, 0x30E1, 0x28C1, 0x28C1, 0x30E1, 0x30E1, 0x4121, 0x4961, 0x4962, 0x4981, 0x51A2, 0x59E2, 0x59E2, 0x51A2, 0x5182,   // 0x0750 (1872) pixels
0x61E2, 0x6A02, 0x4962, 0x4141, 0x4121, 0x3901, 0x30E1, 0x30E1, 0x3901, 0x4121, 0x4962, 0x5182, 0x4961, 0x4941, 0x4961, 0x51C2,   // 0x0760 (1888) pixels
0x6203, 0x6202, 0x6202, 0x6222, 0x6202, 0x6202, 0x6222, 0x6202, 0x6202, 0x6202, 0x6A22, 0x6A22, 0x6A22, 0x6A42, 0x6A22, 0x6202,   // 0x0770 (1904) pixels
0x59E2, 0x59C2, 0x6222, 0x7262, 0x7262, 0x6A43, 0x6202, 0x59E2, 0x49A2, 0x49A2, 0x51C2, 0x51C2, 0x49A2, 0x4181, 0x4161, 0x49A1,   // 0x0780 (1920) pixels
0x3901, 0x3901, 0x30E1, 0x30E1, 0x3101, 0x30E1, 0x28C1, 0x30E1, 0x4141, 0x4961, 0x4962, 0x4962, 0x4982, 0x51A2, 0x4962, 0x4162,   // 0x0790 (1936) pixels
0x59A2, 0x59A2, 0x3921, 0x3901, 0x3901, 0x30E1, 0x28C1, 0x30E1, 0x4121, 0x4941, 0x4961, 0x5182, 0x4962, 0x4961, 0x4962, 0x4982,   // 0x07A0 (1952) pixels
0x51A2, 0x59C2, 0x59E2, 0x59E2, 0x59C2, 0x61E2, 0x6202, 0x6202, 0x61E2, 0x61E2, 0x61E2, 0x59E2, 0x61E2, 0x6202, 0x59C2, 0x51A1,   // 0x07B0 (1968) pixels
0x51A1, 0x5181, 0x59C2, 0x61E2, 0x59E2, 0x59E2, 0x5A02, 0x59E2, 0x51C2, 0x51C2, 0x49A2, 0x4981, 0x4161, 0x4161, 0x3941, 0x3941,   // 0x07C0 (1984) pixels
0x30E1, 0x30E1, 0x3101, 0x30E1, 0x30E1, 0x28E1, 0x30E1, 0x30E1, 0x3901, 0x3921, 0x3921, 0x4141, 0x4141, 0x4141, 0x3921, 0x3922,   // 0x07D0 (2000) pixels
0x4142, 0x4121, 0x30C1, 0x30C1, 0x30E1, 0x38E1, 0x28C1, 0x28C1, 0x3901, 0x3921, 0x4121, 0x4121, 0x4121, 0x4162, 0x4962, 0x4962,   // 0x07E0 (2016) pixels
0x4982, 0x51A2, 0x51A2, 0x51A2, 0x51A2, 0x59C2, 0x61E2, 0x61C2, 0x59C2, 0x51A1, 0x51A2, 0x51A2, 0x51A2, 0x59A1, 0x5181, 0x4961,   // 0x07F0 (2032) pixels
0x4961, 0x4961, 0x51A2, 0x51A1, 0x5181, 0x4981, 0x4981, 0x4981, 0x4982, 0x4982, 0x4161, 0x3941, 0x3921, 0x3941, 0x3941, 0x3941,   // 0x0800 (2048) pixels
};

const unsigned short Continents_1[2048] PROGMEM={
0xFFFF, 0xFFFF, 0xFFFF, 0xFFDF, 0xFF7D, 0xFFDF, 0xFFFF, 0xFFFF, 0xFFFF, 0xF7BF, 0xB966, 0xB966, 0xB966, 0xB966, 0xB966, 0xB966,   // 0x0010 (16) pixels
0xB966, 0xB966, 0xB966, 0xB966, 0xB966, 0xB966, 0xB966, 0xB966, 0xB966, 0xB966, 0xB966, 0xB966, 0xFFDF, 0xFFFF, 0xFFFF, 0xFFFF,   // 0x0020 (32) pixels
0x02C6, 0x02C6, 0x02C6, 0x02C6, 0xF7DF, 0xFFFF, 0xFFFF, 0xFFFF, 0xFFFF, 0x55BD, 0xF7DF, 0xFFFF, 0x55BD, 0x55BD, 0x55BD, 0x55BD,   // 0x0030 (48) pixels
0x55BD, 0x55BD, 0x55BD, 0x55BD, 0x55BD, 0x55BD, 0x55BD, 0x55BD, 0x55BD, 0x55BD, 0x55BD, 0xFFFF, 0xFFDE, 0xFFFF, 0xFFFF, 0xFFFF,   // 0x0040 (64) pixels
0xFFFF, 0xFFFF, 0xB966, 0xB966, 0xB966, 0xB966, 0xB966, 0xB966, 0xB966, 0xB966, 0xB966, 0xB966, 0xB966, 0xB966, 0xB966, 0xB966,   // 0x0050 (80) pixels
0xB966, 0xB966, 0xB966, 0xB966, 0xB966, 0xB966, 0xB966, 0xB966, 0xB966, 0xB966, 0xB966, 0xFFFF, 0xFFFF, 0xFFFF, 0x02C6, 0x02C6,   // 0x0060 (96) pixels
0x02C6, 0x02C6, 0x02C6, 0x02C6, 0x02C6, 0x02C6, 0x02C6, 0xFFDF, 0xFFFE, 0x02C6, 0x02C6, 0x02C6, 0x55BD, 0x55BD, 0x55BD, 0x55BD,   // 0x0070 (112) pixels
0x55BD, 0x55BD, 0x55BD, 0x55BD, 0x55BD, 0x55BD, 0x55BD, 0x55BD, 0x55BD, 0x55BD, 0x55BD, 0x55BD, 0x55BD, 0x55BD, 0x55BD, 0x55BD,   // 0x0080 (128) pixels
0xFFFF, 0xB966, 0xB966, 0xB966, 0xB966, 0xB966, 0xB966, 0xB966, 0xB966, 0xB966, 0xB966, 0xB966, 0xB966, 0xB966, 0xB966, 0xB966,   // 0x0090 (144) pixels
0xB966, 0xB966, 0xB966, 0xB966, 0xB966, 0xB966, 0xB966, 0xB966, 0xB966, 0xF7DF, 0xFFFF, 0xFFFF, 0xB966, 0x02C6, 0x02C6, 0x02C6,   // 0x00A0 (160) pixels
0x02C6, 0x02C6, 0x02C6, 0x02C6, 0x02C6, 0x02C6, 0xDFBD, 0x02C6, 0x02C6, 0x02C6, 0x02C6, 0x55BD, 0x55BD, 0x55BD, 0x55BD, 0x55BD,   // 0x00B0 (176) pixels
0x55BD, 0x55BD, 0x55BD, 0x55BD, 0x55BD, 0x55BD, 0x55BD, 0x55BD, 0x55BD, 0x55BD, 0x55BD, 0x55BD, 0x55BD, 0x55BD, 0x55BD, 0x55BD,   // 0x00C0 (192) pixels
0xB966, 0xB966, 0xB966, 0xB966, 0xB966, 0xB966, 0xB966, 0xB966, 0xB966, 0xB966, 0xB966, 0xB966, 0xB966, 0xB966, 0xB966, 0xB966,   // 0x00D0 (208) pixels
0xB966, 0xB966, 0xB966, 0xB966, 0xB966, 0xB966, 0xB966, 0xB966, 0xB966, 0xFFFF, 0xFFFF, 0xFFFF, 0xFFFF, 0x02C6, 0x02C6, 0x02C6,   // 0x00E0 (224) pixels
0x02C6, 0x02C6, 0x02C6, 0x02C6, 0x02C6, 0x02C6, 0x02C6, 0x02C6, 0x02C6, 0x02C6, 0x02C6, 0x55BD, 0x55BD, 0x55BD, 0x55BD, 0x55BD,   // 0x00F0 (240) pixels
0x55BD, 0x55BD, 0x55BD, 0x55BD, 0x55BD, 0x55BD, 0x55BD, 0x55BD, 0x55BD, 0x55BD, 0x55BD, 0x55BD, 0x55BD, 0x55BD, 0x55BD, 0x55BD,   // 0x0100 (256) pixels
0xB966, 0xB966, 0xB966, 0xB966, 0xB966, 0xB966, 0xB966, 0xB966, 0xB966, 0xB966, 0xB966, 0xB966, 0xB966, 0xB966, 0xB966, 0xB966,   // 0x0110 (272) pixels
0xB966, 0xB966, 0xB966, 0xB966, 0xB966, 0xB966, 0xB966, 0xB966, 0xFFFF, 0xFFFF, 0xFFFF, 0xFFFF, 0xFFFF, 0x02C6, 0x02C6, 0x02C6,   // 0x0120 (288) pixels
0x02C6, 0x02C6, 0x02C6, 0x02C6, 0x02C6, 0x02C6, 0x02C6, 0x02C6, 0x02C6, 0x02C6, 0x02C6, 0x02C6, 0x55BD, 0x55BD, 0x55BD, 0x55BD,   // 0x0130 (304) pixels
0x55BD, 0x55BD, 0x55BD, 0x55BD, 0x55BD, 0x55BD, 0x55BD, 0x55BD, 0x55BD, 0x55BD, 0x55BD, 0x55BD, 0x55BD, 0x55BD, 0x55BD, 0x55BD,   // 0x0140 (320) pixels
0xB966, 0xB966, 0xB966, 0xB966, 0xB966, 0xB966, 0xB966, 0xB966, 0xB966, 0xB966, 0xB966, 0xB966, 0xB966, 0xB966, 0xB966, 0xB966,   // 0x0150 (336) pixels
0xB966, 0xB966, 0xB966, 0xB966, 0xB966, 0xB966, 0xB966, 0xB966, 0xB966, 0xFFFF, 0xFFFF, 0xFFFF, 0xFFFF, 0x02C6, 0x02C6, 0x02C6,   // 0x0160 (352) pixels
0x02C6, 0x02C6, 0x02C6, 0x02C6, 0x02C6, 0x02C6, 0x02C6, 0x02C6, 0x02C6, 0x02C6, 0x02C6, 0x02C6, 0x55BD, 0x55BD, 0x55BD, 0x55BD,   // 0x0170 (368) pixels
0x55BD, 0x55BD, 0x55BD, 0x55BD, 0x55BD, 0x55BD, 0x55BD, 0x55BD, 0x55BD, 0x55BD, 0x55BD, 0x55BD, 0x55BD, 0x55BD, 0x55BD, 0x55BD,   // 0x0180 (384) pixels
0xB966, 0xB966, 0xB966, 0xB966, 0xB966, 0xB966, 0xB966, 0xB966, 0xB966, 0xB966, 0xB966, 0xB966, 0xB966, 0xB966, 0xB966, 0xB966,   // 0x0190 (400) pixels
0xB966, 0xB966, 0xB966, 0xB966, 0xB966, 0xB966, 0xB966, 0xB966, 0xB966, 0xFFFF, 0xFFFF, 0xFFFF, 0xFFFF, 0x02C6, 0x02C6, 0x02C6,   // 0x01A0 (416) pixels
0x02C6, 0x02C6, 0x02C6, 0x02C6, 0x02C6, 0x02C6, 0x02C6, 0x02C6, 0x02C6, 0x02C6, 0x02C6, 0x55BD, 0x55BD, 0x55BD, 0x55BD, 0x55BD,   // 0x01B0 (432) pixels
0x55BD, 0x55BD, 0x55BD, 0x55BD, 0x55BD, 0x55BD, 0x55BD, 0x55BD, 0x55BD, 0x55BD, 0x55BD, 0x55BD, 0x55BD, 0x55BD, 0x55BD, 0x55BD,   // 0x01C0 (448) pixels
0xFFFF, 0xB966, 0xB966, 0xB966, 0xB966, 0xB966, 0xB966, 0xB966, 0xB966, 0xB966, 0xB966, 0xB966, 0xB966, 0xB966, 0xB966, 0xB966,   // 0x01D0 (464) pixels
0xB966, 0xB966, 0xB966, 0xB966, 0xB966, 0xB966, 0xB966, 0xB966, 0xB966, 0xFFFF, 0xFFFF, 0xFFFF, 0xFFFF, 0xFFFF, 0x02C6, 0x02C6,   // 0x01E0 (480) pixels
0x02C6, 0x02C6, 0x02C6, 0x02C6, 0x02C6, 0x02C6, 0x02C6, 0x55BD, 0x55BD, 0x55BD, 0x55BD, 0x55BD, 0x55BD, 0x55BD, 0x55BD, 0x55BD,   // 0x01F0 (496) pixels
0x55BD, 0x55BD, 0x55BD, 0x55BD, 0x55BD, 0x55BD, 0x55BD, 0x55BD, 0x55BD, 0x55BD, 0x55BD, 0x55BD, 0x55BD, 0x55BD, 0x55BD, 0x55BD,   // 0x0200 (512) pixels
0xFFFF, 0xFFFF, 0xFFFF, 0xB966, 0xB966, 0xB966, 0xB966, 0xB966, 0xB966, 0xB966, 0xB966, 0xB966, 0xB966, 0xB966, 0xB966, 0xB966,   // 0x0210 (528) pixels
0xB966, 0xB966, 0xB966, 0xB966, 0xB966, 0xB966, 0xB966, 0xB966, 0xB966, 0xFFFF, 0xFFFF, 0xFFFF, 0xFFFF, 0xFFFF, 0x02C6, 0x02C6,   // 0x0220 (544) pixels
0x02C6, 0x02C6, 0x02C6, 0x02C6, 0x02C6, 0x02C6, 0x02C6, 0x02C6, 0x55BD, 0x55BD, 0x55BD, 0x55BD, 0x55BD, 0x55BD, 0x55BD, 0x55BD,   // 0x0230 (560) pixels
0x55BD, 0x55BD, 0x55BD, 0x55BD, 0x55BD, 0x55BD, 0x55BD, 0x55BD, 0x55BD, 0x55BD, 0x55BD, 0x55BD, 0x55BD, 0x55BD, 0xFFFF, 0xFFFF,   // 0x0240 (576) pixels
0xFFFF, 0xFFFF, 0xFFFF, 0xFFFF, 0xFFFF, 0xFFFF, 0xB966, 0xB966, 0xB966, 0xB966, 0xB966, 0xB966, 0xB966, 0xB966, 0xB966, 0xB966,   // 0x0250 (592) pixels
0xB966, 0xB966, 0xB966, 0xB966, 0xB966, 0xB966, 0xB966, 0xB966, 0xFFFF, 0xFFFF, 0xFFFF, 0xFFFF, 0xFFFF, 0xFFFF, 0xFFFF, 0xD690,   // 0x0260 (608) pixels
0xD690, 0xD690, 0xFFFF, 0xFFFF, 0xFFFF, 0x55BD, 0x55BD, 0x55BD, 0x55BD, 0x55BD, 0x55BD, 0x55BD, 0x55BD, 0x55BD, 0x55BD, 0x55BD,   // 0x0270 (624) pixels
0x55BD, 0x55BD, 0x55BD, 0x55BD, 0x55BD, 0x55BD, 0x55BD, 0x55BD, 0x55BD, 0x55BD, 0x55BD, 0x55BD, 0x55BD, 0x55BD, 0xFFFF, 0xFFFF,   // 0x0280 (640) pixels
0xFFFF, 0xFFFF, 0xFFFF, 0xFFFF, 0xFFFF, 0xFFFF, 0xFFFF, 0xB966, 0xB966, 0xB966, 0xB966, 0xB966, 0xB966, 0xB966, 0xB966, 0xB966,   // 0x0290 (656) pixels
0xB966, 0xB966, 0xB966, 0xB966, 0xB966, 0xFFFF, 0xFFFF, 0xFFFF, 0xFFFF, 0xFFFF, 0xFFFF, 0xFFFF, 0xFFFF, 0xFFFF, 0xD690, 0xD690,   // 0x02A0 (672) pixels
0xD690, 0xD690, 0xD690, 0xD690, 0xD690, 0xD690, 0x55BD, 0x55BD, 0x55BD, 0x55BD, 0x55BD, 0x55BD, 0x55BD, 0x55BD, 0x55BD, 0x55BD,   // 0x02B0 (688) pixels
0x55BD, 0x55BD, 0x55BD, 0x55BD, 0x55BD, 0x55BD, 0x55BD, 0x55BD, 0x55BD, 0x55BD, 0x55BD, 0x55BD, 0x55BD, 0xFFFF, 0xFFFF, 0xFFFF,   // 0x02C0 (704) pixels
0xFFFF, 0xFFFF, 0xFFFF, 0xFFFF, 0xFFFF, 0xFFFF, 0xFFFF, 0xFFFF, 0xB966, 0xB966, 0xB966, 0xB966, 0xB966, 0xB966, 0xB966, 0xB966,   // 0x02D0 (720) pixels
0xB966, 0xB966, 0xFFFF, 0xFFFF, 0xFFFF, 0xFFFF, 0xFFFF, 0xFFFF, 0xFFFF, 0xFFFF, 0xFFFF, 0xFFFF, 0xFFFF, 0xD690, 0xD690, 0xD690,   // 0x02E0 (736) pixels
0xD690, 0xD690, 0xD690, 0xD690, 0xD690, 0xD690, 0xFFFF, 0x55BD, 0x55BD, 0x55BD, 0xFFBF, 0x55BD, 0x55BD, 0x55BD, 0x55BD, 0x55BD,   // 0x02F0 (752) pixels
0x55BD, 0x55BD, 0x55BD, 0x55BD, 0x55BD, 0x55BD, 0x55BD, 0x55BD, 0xFFFF, 0xFFFF, 0xFFFF, 0xFFFF, 0xFFFF, 0xFFFF, 0xFFFF, 0xFFFF,   // 0x0300 (768) pixels
0xFFFF, 0xFFFF, 0xFFFF, 0xFFFF, 0xB966, 0xFFFF, 0xFFFF, 0xFFFF, 0xFFFF, 0xB966, 0xB966, 0xB966, 0xB966, 0xB966, 0xB966, 0xB966,   // 0x0310 (784) pixels
0xB966, 0xFFFF, 0xFFFF, 0xB966, 0xFF9F, 0xFFFF, 0xFFFF, 0xFFFF, 0xFFFF, 0xFFFF, 0xFFFF, 0xFFFF, 0xFFFF, 0xD690, 0xD690, 0xD690,   // 0x0320 (800) pixels
0xD690, 0xD690, 0xD690, 0xD690, 0xD690, 0xD690, 0xD690, 0x55BD, 0x55BD, 0x55BD, 0xFFFF, 0xFFFF, 0xFFFF, 0x55BD, 0x55BD, 0xF7FE,   // 0x0330 (816) pixels
0xFFFF, 0x55BD, 0x55BD, 0x55BD, 0x55BD, 0x55BD, 0x55BD, 0x55BD, 0xFFFF, 0xFFFF, 0xFFFF, 0xFFFF, 0xFFFF, 0xFFFF, 0xFFFF, 0xFFFF,   // 0x0340 (832) pixels
0xFFFF, 0xFFFF, 0xFFFF, 0xFFFF, 0xFFFF, 0xFFFF, 0xFFFF, 0xFFFF, 0xFFFF, 0xFFFF, 0xB966, 0xB966, 0xB966, 0xB966, 0xB966, 0xFFFF,   // 0x0350 (848) pixels
0xB966, 0xFFFF, 0xFFFF, 0xEFFF, 0xFFFF, 0xFFFF, 0xFFFF, 0xFFFF, 0xFFFF, 0xFFFF, 0xFFFF, 0xFFFF, 0xFFFF, 0xD690, 0xD690, 0xD690,   // 0x0360 (864) pixels
0xD690, 0xD690, 0xD690, 0xD690, 0xD690, 0xD690, 0xD690, 0xD690, 0x55BD, 0xFFFF, 0xFFFF, 0xFFFF, 0xFFFF, 0x55BD, 0xFFFF, 0xFFFF,   // 0x0370 (880) pixels
0xFFFF, 0x55BD, 0x55BD, 0x55BD, 0x55BD, 0x55BD, 0x55BD, 0x55BD, 0xFFFF, 0xFFFF, 0xFFFF, 0xFFFF, 0xFFFF, 0xFFFF, 0xFFFF, 0xFFFF,   // 0x0380 (896) pixels
0xFFFF, 0xFFFF, 0xFFFF, 0xFFFF, 0xFFFF, 0xFFFF, 0xFFFF, 0xFFFF, 0xFFFF, 0xFFFF, 0xFFFF, 0xFFFF, 0xFFFF, 0xFFFF, 0xFFFF, 0xFFFF,   // 0x0390 (912) pixels
0xFFFF, 0xB966, 0x15CD, 0x15CD, 0x15CD, 0x15CD, 0xFFFF, 0xFFFF, 0xFFFF, 0xFFFF, 0xFFFF, 0xFFFF, 0xFFFF, 0xFFFF, 0xD690, 0xD690,   // 0x03A0 (928) pixels
0xD690, 0xD690, 0xD690, 0xD690, 0xD690, 0xD690, 0xD690, 0xD690, 0xD690, 0xFFFF, 0xFFFF, 0xFFFF, 0xFFFF, 0xFFDE, 0x55BD, 0xFFFF,   // 0x03B0 (944) pixels
0xFFFF, 0x55BD, 0x55BD, 0x55BD, 0x55BD, 0x55BD, 0x55BD, 0x55BD, 0xFFFF, 0xFFFF, 0xFFFF, 0xFFFF, 0xFFFF, 0xFFFF, 0xFFFF, 0xFFFF,   // 0x03C0 (960) pixels
0xFFFF, 0xFFFF, 0xFFFF, 0xFFFF, 0xFFFF, 0xFFFF, 0xFFFF, 0xFFFF, 0xFFFF, 0xFFFF, 0xFFFF, 0xFFFF, 0xFFFF, 0xFFFF, 0xFFFF, 0xFFFF,   // 0x03D0 (976) pixels
0xFFFF, 0xEF7D, 0x15CD, 0x15CD, 0x15CD, 0x15CD, 0x15CD, 0xFFFF, 0xFFFF, 0xFFFF, 0xFFFF, 0xFFFF, 0xFFFF, 0xFFFF, 0xFFFE, 0xFFFF,   // 0x03E0 (992) pixels
0xFFFF, 0xF7FF, 0xD690, 0xD690, 0xD690, 0xD690, 0xD690, 0xD690, 0xF79F, 0xFFFF, 0xFFFF, 0xF7BE, 0xFFFF, 0xFFFF, 0xFFFF, 0xFFFF,   // 0x03F0 (1008) pixels
0xFFFF, 0x55BD, 0xFFFF, 0x55BD, 0x55BD, 0x55BD, 0x55BD, 0xFFFF, 0xFFFF, 0xFFFF, 0xFFFF, 0xFFFF, 0xFFFF, 0xFFFF, 0xFFFF, 0xFFFF,   // 0x0400 (1024) pixels
0xFFFF, 0xFFFF, 0xF7BE, 0xFFFF, 0xFFFF, 0xFFFF, 0xFFFF, 0xFFFF, 0xFFFF, 0xFFFF, 0xFFFF, 0xFFFF, 0xFFFF, 0xFFFF, 0xFFFF, 0xFFFF,   // 0x0410 (1040) pixels
0xFFDF, 0xFFFF, 0x15CD, 0x15CD, 0x15CD, 0x15CD, 0x15CD, 0x15CD, 0x15CD, 0xF7FF, 0xFFFF, 0xFFFF, 0xFFDF, 0xFFFF, 0xFFFF, 0xFFFF,   // 0x0420 (1056) pixels
0xFFFF, 0xFFFF, 0xD690, 0xD690, 0xD690, 0xD690, 0xD690, 0xFFFF, 0xFFFF, 0xFFFF, 0xFFFF, 0xFFFF, 0xFFFF, 0xFFFF, 0xFFFF, 0xFFFF,   // 0x0430 (1072) pixels
0xFFFF, 0xFFFF, 0x55BD, 0xF79F, 0x55BD, 0x55BD, 0x55BD, 0x55BD, 0x55BD, 0xEFDF, 0xFFFF, 0xFFFF, 0xFFFF, 0xFFFF, 0xFFFF, 0xFFFF,   // 0x0440 (1088) pixels
0xFFFF, 0xFFDF, 0xFFFF, 0xFFFF, 0xFFFF, 0xFFFF, 0xFFFF, 0xFFFF, 0xFFFF, 0xFFFF, 0xFFFF, 0xFFFF, 0xFFFF, 0xFFFF, 0xFFFF, 0xFFFF,   // 0x0450 (1104) pixels
0xFFFF, 0x15CD, 0x15CD, 0x15CD, 0x15CD, 0x15CD, 0x15CD, 0x15CD, 0x15CD, 0x15CD, 0xFFFF, 0xFFFF, 0xFFFF, 0xFFDF, 0xFFFF, 0xFFFF,   // 0x0460 (1120) pixels
0xFFFF, 0xFFFF, 0xD690, 0xD690, 0xD690, 0xD690, 0xD690, 0xFFFF, 0xFFFF, 0xFFFF, 0xFFFF, 0xFFFF, 0xFFFF, 0xFFFF, 0xFFFF, 0xFFFF,   // 0x0470 (1136) pixels
0xFFFF, 0xFFFF, 0xFFFF, 0xFFFE, 0x55BD, 0x55BD, 0x55BD, 0xEF9F, 0x55BD, 0x55BD, 0xFFFF, 0xFFDF, 0xFFFF, 0xFFFF, 0xFFFF, 0xFFFF,   // 0x0480 (1152) pixels
0xFFFF, 0xF7BE, 0xFFDF, 0xFFFF, 0xFFFF, 0xFFFF, 0xFFFF, 0xFFFF, 0xFFFF, 0xFFFF, 0xFFFF, 0xFFFF, 0xFFFF, 0xFFFF, 0xFFFF, 0xFFFF,   // 0x0490 (1168) pixels
0x15CD, 0x15CD, 0x15CD, 0x15CD, 0x15CD, 0x15CD, 0x15CD, 0x15CD, 0x15CD, 0xFFFF, 0xFFFF, 0xFFFF, 0xFFFF, 0xFFFF, 0xFFFF, 0xFFFF,   // 0x04A0 (1184) pixels
0xFFFF, 0xFFFF, 0xD690, 0xD690, 0xD690, 0xD690, 0xD690, 0xFFFF, 0xD690, 0xFFFF, 0xFFFF, 0xFFFF, 0xFFFF, 0xFFFF, 0xFFFF, 0xFFFF,   // 0x04B0 (1200) pixels
0xFFFF, 0xFFFF, 0xFFFF, 0xFFFF, 0xFFFF, 0xFFFF, 0xFC83, 0xFC83, 0xFFFF, 0xFC83, 0xFFFF, 0xFFFF, 0xFFFF, 0xFFFF, 0xFFFF, 0xFFFF,   // 0x04C0 (1216) pixels
0xFFFF, 0xFFFF, 0xFFFF, 0xFFFF, 0xFFFF, 0xFFFF, 0xFFFF, 0xFFFF, 0xFFFF, 0xFFFF, 0xFFFF, 0xFFFF, 0xFFFF, 0xF7BE, 0xFFFF, 0xFFFF,   // 0x04D0 (1232) pixels
0x15CD, 0x15CD, 0x15CD, 0x15CD, 0x15CD, 0x15CD, 0x15CD, 0x15CD, 0x15CD, 0xFFFF, 0xFFFF, 0xFFFF, 0xFFFF, 0xFFFF, 0xFFFF, 0xFFFF,   // 0x04E0 (1248) pixels
0xFFFF, 0xFFFF, 0xD690, 0xD690, 0xD690, 0xD690, 0xFFFE, 0xF7BE, 0xD690, 0xFFFF, 0xFFFF, 0xFFFF, 0xFFFF, 0xFFFF, 0xFFFF, 0xFFFF,   // 0x04F0 (1264) pixels
0xFFFF, 0xFFFF, 0xFFFF, 0xFFFF, 0xFFFF, 0xFC83, 0xFC83, 0xFC83, 0xFC83, 0xFC83, 0xF7FF, 0xFFFF, 0xFFFF, 0xFFDF, 0xFFFF, 0xFC83,   // 0x0500 (1280) pixels
0xFFFF, 0xFFFF, 0xFFFF, 0xFFFF, 0xFFFF, 0xFFFF, 0xFFFF, 0xFFFF, 0xFFFF, 0xFFFF, 0xFFFF, 0xFFFF, 0xFFFF, 0xFFFF, 0xFFFF, 0xFFFF,   // 0x0510 (1296) pixels
0x15CD, 0x15CD, 0x15CD, 0x15CD, 0x15CD, 0x15CD, 0x15CD, 0x15CD, 0xFFFF, 0xFFFF, 0xFFFF, 0xFFFF, 0xFFFF, 0xFFFF, 0xFFFF, 0xFFFF,   // 0x0520 (1312) pixels
0xFFFF, 0xFFFF, 0xFFFF, 0xD690, 0xD690, 0xD690, 0xFFFF, 0xFFFF, 0xD690, 0xFFFF, 0xFFFF, 0xFFFF, 0xFFFF, 0xFFFF, 0xFFFF, 0xFFFF,   // 0x0530 (1328) pixels
0xFFFF, 0xFFFF, 0xFFFF, 0xFFFF, 0xFC83, 0xFC83, 0xFC83, 0xFC83, 0xFC83, 0xFC83, 0xFC83, 0xFFFF, 0xFFFF, 0xFFFF, 0xFC83, 0xFC83,   // 0x0540 (1344) pixels
0xFFFF, 0xFFFF, 0xFFFF, 0xFFFF, 0xFFFF, 0xFFFF, 0xFFFF, 0xFFFF, 0xFFFF, 0xFFFF, 0xFFFF, 0xFFFF, 0xFFFF, 0xFFFF, 0xFFFF, 0xFFFF,   // 0x0550 (1360) pixels
0x15CD, 0x15CD, 0x15CD, 0x15CD, 0x15CD, 0x15CD, 0x15CD, 0xF7FF, 0xFFFF, 0xFFFF, 0xFFFF, 0xFFFF, 0xFFFF, 0xFFFF, 0xFFFF, 0xFFFF,   // 0x0560 (1376) pixels
0xFFFF, 0xFFFF, 0xFFFF, 0xD690, 0xD690, 0xD690, 0xFFFF, 0xFFFF, 0xFFFF, 0xFFFF, 0xFFFF, 0xFFFF, 0xFFFF, 0xFFFF, 0xFFFF, 0xFFFF,   // 0x0570 (1392) pixels
0xFFFF, 0xFFFF, 0xFFFF, 0xFFFF, 0xFC83, 0xFC83, 0xFC83, 0xFC83, 0xFC83, 0xFC83, 0xFC83, 0xFFFF, 0xFFFF, 0xFFFF, 0xFC83, 0xFC83,   // 0x0580 (1408) pixels
0xFFFF, 0xFFFF, 0xFFFF, 0xFFFF, 0xFFFF, 0xFFFF, 0xFFFF, 0xFFFF, 0xFFFF, 0xFFFF, 0xFFFF, 0xFFFF, 0xFFFF, 0xFFFF, 0xFFFF, 0xFFFF,   // 0x0590 (1424) pixels
0xFFFF, 0x15CD, 0x15CD, 0x15CD, 0x15CD, 0x15CD, 0xFFFF, 0xFFFF, 0xFFFF, 0xFFFF, 0xFFFF, 0xFFFF, 0xFFFF, 0xFFFF, 0xFFFF, 0xFFFF,   // 0x05A0 (1440) pixels
0xFFFF, 0xFFFF, 0xFFFF, 0xFFFF, 0xFFFF, 0xFFFF, 0xFFFF, 0xFFFF, 0xFFFF, 0xFFFF, 0xFFFF, 0xFFFF, 0xFFFF, 0xFFFF, 0xFFFF, 0xFFFF,   // 0x05B0 (1456) pixels
0xFFFF, 0xFFFF, 0xFFFF, 0xFFFF, 0xFC83, 0xFFFF, 0xFFFF, 0xFFFF, 0xFFFE, 0xFC83, 0xFC83, 0xFFFF, 0xFFFF, 0xFC83, 0xFC83, 0xFC83,   // 0x05C0 (1472) pixels
0xFFFF, 0xFFFF, 0xFFFF, 0xFFFF, 0xFFFF, 0xFFFF, 0xFFFF, 0xFFFF, 0xFFFF, 0xFFFF, 0xFFFF, 0xFFFF, 0xFFFF, 0xFFFF, 0xFFFF, 0xFFFF,   // 0x05D0 (1488) pixels
0xFFFF, 0xFFFF, 0xFFFF, 0x15CD, 0x15CD, 0xEFFE, 0xFFFF, 0xFFFF, 0xFFFF, 0xFFFF, 0xFFFF, 0xFFFF, 0xFFFF, 0xFFFF, 0xFFFF, 0xFFFF,   // 0x05E0 (1504) pixels
0xFFFF, 0xFFFF, 0xFFFF, 0xFFFF, 0xFFFF, 0xFFFF, 0xFFFF, 0xFFFF, 0xFFFF, 0xFFFF, 0xFFFF, 0xFFFF, 0xFFFF, 0xFFFF, 0xFFFF, 0xFFFF,   // 0x05F0 (1520) pixels
0xFFFF, 0xFFFF, 0xFFFF, 0xFFFF, 0xFFFF, 0xFFFF, 0xFFFF, 0xFFFF, 0xFFFF, 0xF77A, 0xFFBD, 0xFFFF, 0xFFFF, 0xFC83, 0xFC83, 0xFC83,   // 0x0600 (1536) pixels
0xFFFF, 0xFFFF, 0xFFFF, 0xFFFF, 0xFFFF, 0xFFFF, 0xFFFF, 0xFFFF, 0xFFFF, 0xFFFF, 0xFFFF, 0xFFFF, 0xFFFF, 0xFFFF, 0xFFFF, 0xFFFF,   // 0x0610 (1552) pixels
0xFFFF, 0xFFFF, 0xFFFF, 0x15CD, 0x15CD, 0xFFFF, 0xFFFF, 0xFFFF, 0xFFFF, 0xFFFF, 0xFFFF, 0xFFFF, 0xFFFF, 0xFFFF, 0xFFFF, 0xFFFF,   // 0x0620 (1568) pixels
0xFFFF, 0xFFFF, 0xFFFF, 0xFFFF, 0xFFFF, 0xFFFF, 0xFFFF, 0xFFFF, 0xFFFF, 0xFFFF, 0xFFFF, 0xFFFF, 0xFFFF, 0xFFFF, 0xFFFF, 0xFFFF,   // 0x0630 (1584) pixels
0xFFFF, 0xFFFF, 0xFFFF, 0xFFFF, 0xFFFF, 0xFFFF, 0xFFFF, 0xFFFF, 0xFFFF, 0xFC83, 0xFFFF, 0xFFFF, 0xFFFF, 0xFC83, 0xFC83, 0xFC83,   // 0x0640 (1600) pixels
0xFFFF, 0xFFFF, 0xFFFF, 0xFFFF, 0xFFFF, 0xFFFF, 0xFFFF, 0xFFFF, 0xFFFF, 0xFFFF, 0xFFFF, 0xFFFF, 0xFFFF, 0xFFFF, 0xFFFF, 0xFFFF,   // 0x0650 (1616) pixels
0xFFFF, 0xFFFF, 0xF7FF, 0x15CD, 0xFFBF, 0xFFFF, 0xFFFF, 0xFFFF, 0xFFFF, 0xFFFF, 0xFFFF, 0xFFFF, 0xFFFF, 0xFFFF, 0xFFFF, 0xFFFF,   // 0x0660 (1632) pixels
0xFFFF, 0xFFFF, 0xFFFF, 0xFFFF, 0xFFFF, 0xFFFF, 0xFFFF, 0xFFFF, 0xFFFF, 0xFFFF, 0xFFFF, 0xFFFF, 0xFFFF, 0xFFFF, 0xFFFF, 0xFFFF,   // 0x0670 (1648) pixels
0xFFFF, 0xFFFF, 0xFFFF, 0xFFFF, 0xFFFF, 0xFFFF, 0xFFFF, 0xFFFF, 0xFFFF, 0xFFFF, 0xFFFF, 0xFFFF, 0xFFFF, 0xFFFF, 0xFFFF, 0xFFFF,   // 0x0680 (1664) pixels
0xFFFF, 0xFFFF, 0xFFFF, 0xFFFF, 0xFFFF, 0xFFFF, 0xFFFF, 0xFFFF, 0xFFFF, 0xFFFF, 0xFFFF, 0xFFFF, 0xFFFF, 0xFFFF, 0xFFFF, 0xFFFF,   // 0x0690 (1680) pixels
0xFFFF, 0xFFFF, 0xFFFF, 0x15CD, 0xFFFF, 0xFFFF, 0xFFFF, 0xFFFF, 0xFFFF, 0xFFFF, 0xFFFF, 0xFFFF, 0xFFFF, 0xFFFF, 0xFFFF, 0xFFFF,   // 0x06A0 (1696) pixels
0xFFFF, 0xFFFF, 0xFFFF, 0xFFFF, 0xFFFF, 0xFFFF, 0xFFFF, 0xFFFF, 0xFFFF, 0xFFFF, 0xFFFF, 0xFFFF, 0xFFFF, 0xFFFF, 0xFFFF, 0xFFFF,   // 0x06B0 (1712) pixels
0xFFFF, 0xFFFF, 0xFFFF, 0xFFFF, 0xFFFF, 0xFFFF, 0xFFFF, 0xFFFF, 0xFFFF, 0xFFFF, 0xFFFF, 0xFFFF, 0xFFFF, 0xFFFF, 0xFFFF, 0xFFFF,   // 0x06C0 (1728) pixels
0xFFFF, 0xFFFF, 0xFFFF, 0xFFFF, 0xFFFF, 0xFFFF, 0xFFFF, 0xFFFF, 0xFFFF, 0xFFFF, 0xFFFF, 0xFFFF, 0xFFFF, 0xFFFF, 0xFFFF, 0xFFFF,   // 0x06D0 (1744) pixels
0xFFFF, 0xFFFF, 0xFFFF, 0xFFFF, 0xFFFF, 0xFFFF, 0xFFFF, 0xFFFF, 0xFFFF, 0xFFFF, 0xFFFF, 0xFFFF, 0xFFFF, 0xFFFF, 0xFFFF, 0xFFFF,   // 0x06E0 (1760) pixels
0xFFFF, 0xFFFF, 0xFFFF, 0xFFFF, 0xFFFF, 0xFFFF, 0xFFFF, 0xFFFF, 0xFFFF, 0xFFFF, 0xFFFF, 0xFFFF, 0xFFFF, 0xFFFF, 0xFFFF, 0xFFFF,   // 0x06F0 (1776) pixels
0xFFFF, 0xFFFF, 0xFFFF, 0xFFFF, 0xFFFF, 0xFFFF, 0xFFFF, 0xFFFF, 0xFFFF, 0xFFFF, 0xFFFF, 0xFFFF, 0xFFFF, 0xFFFF, 0xFFFF, 0xFFFF,   // 0x0700 (1792) pixels
0xFFFF, 0xFFFF, 0xFFFF, 0xFFFF, 0xFFFF, 0xFFFF, 0xFFFF, 0xFFFF, 0xFFFF, 0xFFFF, 0xFFFF, 0xFFFF, 0xFFFF, 0xFFFF, 0xFFFF, 0xFFFF,   // 0x0710 (1808) pixels
0xFFFF, 0xFFFF, 0xFFFF, 0xFFFF, 0xFFFF, 0xFFFF, 0xFFFF, 0xFFFF, 0xFFFF, 0xFFFF, 0xFFFF, 0xFFFF, 0xFFFF, 0xFFFF, 0xFFFF, 0xFFFF,   // 0x0720 (1824) pixels
0xFFFF, 0xFFFF, 0xFFFF, 0xFFFF, 0xFFFF, 0xFFFF, 0xFFFF, 0xFFFF, 0xFFFF, 0xFFFF, 0xFFFF, 0xFFFF, 0xFFFF, 0xFFFF, 0xFFFF, 0xFFFF,   // 0x0730 (1840) pixels
0xFFFF, 0xFFFF, 0xFFFF, 0xFFFF, 0xFFFF, 0xFFFF, 0xFFFF, 0xFFFF, 0xFFFF, 0xFFFF, 0xFFFF, 0xFFFF, 0xFFFF, 0xFFFF, 0xFFFF, 0xFFFF,   // 0x0740 (1856) pixels
0xFFFF, 0xFFFF, 0xFFFF, 0xFFFF, 0xFFFF, 0xFFFF, 0xFFFF, 0xFFFF, 0xFFFF, 0xFFFF, 0xFFFF, 0xFFFF, 0xFFFF, 0xFFFF, 0xFFFF, 0xFFFF,   // 0x0750 (1872) pixels
0xFFFF, 0xFFFF, 0xFFFF, 0xFFFF, 0xFFFF, 0xFFFF, 0xFFFF, 0xFFFF, 0xFFFF, 0xFFFF, 0xFFFF, 0xFFFF, 0xFFFF, 0xFFFF, 0xFFFF, 0xFFFF,   // 0x0760 (1888) pixels
0xFFFF, 0xFFFF, 0xFFFF, 0xFFFF, 0xFFFF, 0xFFFF, 0xFFFF, 0xFFFF, 0xFFFF, 0xFFFF, 0xFFFF, 0xFFFF, 0xFFFF, 0xFFFF, 0xFFFF, 0xFFFF,   // 0x0770 (1904) pixels
0xFFFF, 0xFFFF, 0xFFFF, 0xFFFF, 0xFFFF, 0xFFFF, 0xFFFF, 0xFFFF, 0xFFFF, 0xFFFF, 0xFFFF, 0xFFFF, 0xFFFF, 0xFFFF, 0xFFFF, 0xFFFF,   // 0x0780 (1920) pixels
0xFFFF, 0xFFFF, 0xFFFF, 0xFFFF, 0xFFFF, 0xFFFF, 0xFFFF, 0xFFFF, 0xFFFF, 0xFFFF, 0xFFFF, 0xFFFF, 0xFFFF, 0xFFFF, 0xFFFF, 0xFFFF,   // 0x0790 (1936) pixels
0xFFFF, 0xFFFF, 0xFFFF, 0xFFFF, 0xFFFF, 0xFFFF, 0xFFFF, 0xFFFF, 0xFFFF, 0xFFFF, 0xFFFF, 0xFFFF, 0xFFFF, 0xFFFF, 0xFFFF, 0xFFFF,   // 0x07A0 (1952) pixels
0xFFFF, 0xFFFF, 0xFFFF, 0xFFFF, 0xFFFF, 0xFFFF, 0xFFFF, 0xFFFF, 0xFFFF, 0xFFFF, 0xFFFF, 0xFFFF, 0xFFFF, 0xFFFF, 0xFFFF, 0xFFFF,   // 0x07B0 (1968) pixels
0xFFFF, 0xFFFF, 0xFFFF, 0xFFFF, 0xFFFF, 0xFFFF, 0xFFFF, 0xFFFF, 0xFFFF, 0xFFFF, 0xFFFF, 0xFFFF, 0xFFFF, 0xFFFF, 0xFFFF, 0xFFFF,   // 0x07C0 (1984) pixels
0xFFFF, 0xFFFF, 0xFFFF, 0xFFFF, 0xFFFF, 0xFFFF, 0xFFFF, 0xFFFF, 0xFFFF, 0xFFFF, 0xFFFF, 0xFFFF, 0xFFFF, 0xFFFF, 0xFFFF, 0xFFFF,   // 0x07D0 (2000) pixels
0xFFFF, 0xFFFF, 0xFFFF, 0xFFFF, 0xFFFF, 0xFFFF, 0xFFFF, 0xFFFF, 0xFFFF, 0xFFFF, 0xFFFF, 0xFFFF, 0xFFFF, 0xFFFF, 0xFFFF, 0xFFFF,   // 0x07E0 (2016) pixels
0xFFFF, 0xFFFF, 0xFFFF, 0xFFFF, 0xFFFF, 0xFFFF, 0xFFFF, 0xFFFF, 0xFFFF, 0xFFFF, 0xFFFF, 0xFFFF, 0xFFFF, 0xFFFF, 0xFFFF, 0xFFFF,   // 0x07F0 (2032) pixels
0xFFFF, 0xFFFF, 0xFFFF, 0xFFFF, 0xFFFF, 0xFFFF, 0xFFFF, 0xFFFF, 0xFFFF, 0xFFFF, 0xFFFF, 0xFFFF, 0xFFFF, 0xFFFF, 0xFFFF, 0xFFFF,   // 0x0800 (2048) pixels
};

const unsigned short Continents_2[2048] PROGMEM={
0x6DBC, 0x6DBC, 0x6DBC, 0x6DBC, 0x6DBC, 0x6DBC, 0x75DC, 0x75FD, 0x7DFD, 0x7DFD, 0x7E1D, 0x7E1D, 0x7DFD, 0x7DFD, 0x84B7, 0x84B7,   // 0x0010 (16) pixels
0x84B7, 0x84B7, 0x84B7, 0x84B7, 0x84B7, 0x84B7, 0xED6B, 0xED6B, 0xED6B, 0xED6B, 0xED6B, 0xED6B, 0xAD11, 0xAD11, 0xAD11, 0x5D5B,   // 0x0020 (32) pixels
0x5D5B, 0x5D5B, 0x5D5B, 0x5D7C, 0x659C, 0x659C, 0x6DBC, 0x6DBC, 0x6DBC, 0x659C, 0x6DDC, 0x6DBC, 0x65BC, 0x6DBC, 0x5D5C, 0x5D5B,   // 0x0030 (48) pixels
0x5D5C, 0x5D5C, 0x5D5B, 0x5D7B, 0x5D7B, 0x5D7B, 0x657C, 0x6DBC, 0x7DFC, 0x967D, 0x967E, 0x861D, 0x6D9C, 0x6DBC, 0x6DBC, 0x6DBC,   // 0x0040 (64) pixels
0x861D, 0x6DBC, 0x6DDC, 0x6DBC, 0x6DBC, 0x6DBC, 0x6DBC, 0x6DBC, 0x6DBC, 0x6DBC, 0x6DDC, 0x7DFD, 0x861C, 0x967E, 0xA69E, 0x84B7,   // 0x0050 (80) pixels
0x7BB4, 0xA498, 0xA458, 0xB478, 0x9C74, 0xC4CC, 0xD4EC, 0xED6B, 0xF52A, 0xFD28, 0xF529, 0xED4C, 0xB4CE, 0xAD11, 0x967D, 0x6DBC,   // 0x0060 (96) pixels
0x9E9E, 0x9E9E, 0x7DDC, 0x965D, 0x9E7D, 0xA69E, 0x9E7E, 0x9E9D, 0xBEFF, 0xA67D, 0x8558, 0x8DD9, 0x9E9D, 0xAE9D, 0x9E9E, 0x9E7E,   // 0x0070 (112) pixels
0xA67A, 0x9E5C, 0x7DDC, 0x6DBC, 0x6DBC, 0x659C, 0x659C, 0x659C, 0x75DC, 0x8E3D, 0x7DFD, 0x7DFD, 0x7DFC, 0x7DFD, 0x7DFD, 0x7E1D,   // 0x0080 (128) pixels
0x963D, 0x8E3C, 0x9E7D, 0x8E3D, 0x75BB, 0x6DBC, 0x6DBC, 0x6DBC, 0x7DFD, 0x9E9E, 0x7456, 0x524F, 0x8456, 0x9518, 0x8C76, 0xB5FC,   // 0x0090 (144) pixels
0xB57B, 0xACF9, 0xA69D, 0xAE7D, 0xB5B5, 0xB510, 0xFD28, 0xFD28, 0xFD28, 0xFD28, 0xFD29, 0xF528, 0xB532, 0xA67E, 0x8E3D, 0x6D9B,   // 0x00A0 (160) pixels
0x75DD, 0x7DFC, 0x9E7D, 0xAEBE, 0xB6DD, 0x9E7D, 0xAE9E, 0x9E7D, 0xA67D, 0xAEDE, 0x95F4, 0x8556, 0xA67D, 0xB6BD, 0xB69D, 0xC71E,   // 0x00B0 (176) pixels
0x6C8D, 0x95D0, 0xA66D, 0xAE70, 0xB6BE, 0xBEDE, 0xB6BD, 0xB6BD, 0x95F3, 0x9E17, 0xBEDC, 0xB6BD, 0xB6DD, 0xB6BD, 0xAEDE, 0xA69E,   // 0x00C0 (192) pixels
0xB6DD, 0xA65C, 0xB6BD, 0xB4AD, 0xD52C, 0xBD2F, 0xBDF6, 0xA67E, 0xBEDF, 0xB65D, 0xBE5E, 0x9416, 0xA437, 0x9C36, 0xC6FF, 0x9C57,   // 0x00D0 (208) pixels
0x7393, 0x83D4, 0xA457, 0x8BF5, 0x965D, 0xA69E, 0x940D, 0xFD47, 0xFD28, 0xFD28, 0xFD4A, 0xBCCD, 0xA69F, 0x8E5E, 0x967D, 0x75DC,   // 0x00E0 (224) pixels
0x6DBC, 0x7E1D, 0x75DC, 0x8577, 0x5C6C, 0x8575, 0xB6FE, 0xB6BE, 0xBEDE, 0xB67A, 0x8556, 0xB6FE, 0xB6AE, 0xBEB0, 0xAE6F, 0xAE8E,   // 0x00F0 (240) pixels
0xAEAE, 0xAEAE, 0xAEAE, 0xAEAE, 0xAE8D, 0xB6B0, 0xB6AF, 0xAE6F, 0xAEAF, 0xAEAE, 0xAE90, 0xAE90, 0xAE58, 0xBEDC, 0xA637, 0xBEDC,   // 0x0100 (256) pixels
0xB6BB, 0xB6FD, 0xACF1, 0xED2A, 0xF54B, 0xED6B, 0xF54A, 0xA417, 0xAC37, 0xAC78, 0xA4B8, 0xA417, 0xA417, 0xAC37, 0xAC78, 0xA457,   // 0x0110 (272) pixels
0xB59B, 0xAE7D, 0x6B93, 0xAC78, 0xB5DC, 0xA67E, 0xB6BD, 0xF529, 0xED6B, 0xAE7C, 0x7DFC, 0xAE9D, 0xE390, 0x8BF2, 0x8E3C, 0x659C,   // 0x0120 (288) pixels
0x8E1D, 0xA69D, 0x9BAB, 0xE34D, 0xC469, 0xBE91, 0xA658, 0xA66E, 0xAE8E, 0xAE8E, 0xAE8E, 0xAE8E, 0xAEAE, 0xAEAE, 0xB6AF, 0xAEAE,   // 0x0130 (304) pixels
0xAEAF, 0xAE8E, 0xAE8E, 0xAEAE, 0xAE8E, 0xAEAF, 0xAEAF, 0xAEAE, 0xAEAE, 0xAEAF, 0xAE8F, 0xAEAF, 0xAE8E, 0xAE8E, 0xAEAE, 0x6407,   // 0x0140 (320) pixels
0xAEDF, 0xB6BD, 0xB6BD, 0xBD0F, 0xF5D0, 0xBE7A, 0x8DFA, 0x9CD4, 0xB498, 0xAC78, 0xA457, 0x9C16, 0xCDBC, 0xA457, 0xA437, 0xB65D,   // 0x0150 (336) pixels
0xB6BE, 0xB6BE, 0xAC78, 0x9C16, 0x9436, 0x7E3C, 0x6DBC, 0x759B, 0x7DFC, 0x75DC, 0x8E7E, 0x7DFD, 0x861C, 0x969E, 0x961C, 0x74B6,   // 0x0160 (352) pixels
0xAEDE, 0x6DAE, 0xDBF0, 0xBEFF, 0x6C70, 0xAE90, 0xAE8F, 0xAEAF, 0xAEAE, 0xAEAF, 0xA68F, 0xAE8E, 0xAE8E, 0xAE8E, 0xAECF, 0xAE8E,   // 0x0170 (368) pixels
0xAE8E, 0xAE8E, 0xAE8E, 0xAE8F, 0xAEAE, 0xAEAF, 0xAECF, 0xAEAF, 0xAE8E, 0xA615, 0x9E16, 0x8535, 0x95B0, 0xA6BD, 0x861C, 0x6DBC,   // 0x0180 (384) pixels
0x75DD, 0x75BC, 0x7559, 0x6D5A, 0x5D5B, 0x5D9C, 0x6DBC, 0x6DBC, 0x63B2, 0xAC37, 0xB478, 0xAC37, 0xB478, 0xAC57, 0xC5FD, 0xAC37,   // 0x0190 (400) pixels
0xAC17, 0xBE5D, 0xBD1A, 0xB478, 0xC4FA, 0x8B94, 0xA69E, 0x6DBC, 0x6DBC, 0x75FD, 0x75BC, 0x6DBC, 0x863E, 0x8E5D, 0xAE74, 0x9C77,   // 0x01A0 (416) pixels
0xB6BD, 0x956F, 0x6C4E, 0x5C91, 0xD32E, 0xCBEE, 0xAE8D, 0xAEAE, 0xAEAF, 0xAE8E, 0xB6F0, 0x9433, 0xA455, 0x9452, 0xB6CE, 0xAEAE,   // 0x01B0 (432) pixels
0xAE8E, 0xAEAD, 0xAE6E, 0xAE91, 0xAEAD, 0xC64D, 0xB68D, 0xAE8D, 0x84EF, 0xAEDD, 0x963D, 0xB6FD, 0x9E38, 0x5D7B, 0x5D1A, 0x6DBB,   // 0x01C0 (448) pixels
0x553B, 0x553B, 0x553B, 0x555B, 0x553B, 0x5D5B, 0x5D7B, 0x659C, 0x75DC, 0x8DFC, 0xED4D, 0xF54C, 0xF54C, 0xF56D, 0xED2C, 0xED50,   // 0x01D0 (464) pixels
0xD75F, 0xA3F6, 0xAC57, 0x8B74, 0x7C35, 0x8D18, 0x6331, 0x965D, 0x5D7B, 0x5D7B, 0x65BC, 0x6DBC, 0x5D7B, 0x5D5B, 0x9E9E, 0x5C12,   // 0x01E0 (480) pixels
0x64F2, 0xA692, 0x7C70, 0xBCEB, 0x946B, 0x658B, 0x658B, 0xB6AE, 0x9C54, 0xAC36, 0xAC17, 0xAC36, 0xAC17, 0xAC37, 0xB417, 0xE58E,   // 0x01F0 (496) pixels
0x5C91, 0x64F2, 0x5CB1, 0x64D0, 0x642D, 0xF56A, 0xFD08, 0xC62D, 0xAE6E, 0xB6DC, 0x863D, 0x8E7E, 0x553B, 0x553B, 0x5D5B, 0x553B,   // 0x0200 (512) pixels
0x553B, 0x553B, 0x553B, 0x553B, 0x553B, 0x5D5B, 0x5D7B, 0x5D7B, 0x6DBC, 0x75FC, 0xFD8A, 0xFD28, 0xFD28, 0xFD28, 0xF529, 0xF528,   // 0x0210 (528) pixels
0xF674, 0xEEB8, 0xFD29, 0x7C52, 0x8E1C, 0x5D5C, 0x5D5B, 0x6DBC, 0x5D5B, 0x5D7B, 0x7E1D, 0x6DBC, 0x6DBC, 0x551A, 0x8BCF, 0xF54A,   // 0x0220 (544) pixels
0x8D14, 0x5C35, 0x9456, 0x936C, 0xE58C, 0x963D, 0xAE1E, 0x6CAF, 0x9D10, 0x9496, 0x5C8E, 0xAE6E, 0x7C0F, 0x858E, 0xF529, 0xF56A,   // 0x0230 (560) pixels
0xFD08, 0xE56C, 0x7C2B, 0xDD4C, 0xFD28, 0xED4B, 0xD4EB, 0x7DFA, 0x6DBB, 0x9EBB, 0x54FA, 0x553B, 0x553B, 0x553B, 0x54FA, 0x4D1B,   // 0x0240 (576) pixels
0x553B, 0x553B, 0x553B, 0x553B, 0x553B, 0x553B, 0x553B, 0x553B, 0x5D5B, 0x5D5B, 0xE5AF, 0xF508, 0xFD29, 0xF528, 0xF528, 0xF528,   // 0x0250 (592) pixels
0xF549, 0xF54A, 0x8430, 0x5D5C, 0x5D5C, 0x5D5C, 0x553B, 0x553B, 0x5D9C, 0x75DC, 0x7DFC, 0x6DBC, 0x555B, 0x6DDC, 0x9E3C, 0xB594,   // 0x0260 (608) pixels
0x652F, 0xACCC, 0xA5DB, 0x6DBC, 0x8DBB, 0x955B, 0x7BCF, 0xB38E, 0xF529, 0xDD2D, 0xE56C, 0x652E, 0x6DAC, 0xB4CA, 0xFD28, 0xFD28,   // 0x0270 (624) pixels
0xFD28, 0xF529, 0xF54A, 0xF529, 0xF549, 0xACF0, 0x9C6D, 0x8E1B, 0x654C, 0x4CFA, 0x551B, 0x553B, 0x5D7B, 0x553B, 0x6DDD, 0x65BC,   // 0x0280 (640) pixels
0x553B, 0x553B, 0x553B, 0x553B, 0x553B, 0x553B, 0x555B, 0x5D7C, 0x5D7B, 0x5D7B, 0x6DDD, 0x8C36, 0xAC31, 0xED4C, 0xF528, 0xED6B,   // 0x0290 (656) pixels
0xCCEC, 0xB4D0, 0x6DBB, 0x553B, 0x5D7C, 0x553B, 0x553B, 0x5D7C, 0x75FD, 0x6DBC, 0x5D7B, 0x555B, 0x5D7B, 0x75FD, 0xAE90, 0x6D6C,   // 0x02A0 (672) pixels
0x6DAB, 0x7D2B, 0xEB4C, 0xCCD4, 0xDCAE, 0xD5D2, 0x7D4F, 0xBB71, 0xD4AD, 0xF549, 0xF52A, 0x6D8C, 0xB6CF, 0xEBCF, 0xE5AD, 0xF54A,   // 0x02B0 (688) pixels
0xED6A, 0xFD8B, 0xF549, 0xF56A, 0xF56B, 0xC550, 0xB6DE, 0x8E5E, 0x6DBD, 0x553B, 0x4D1B, 0x551A, 0x553B, 0x4D1B, 0x553B, 0x551B,   // 0x02C0 (704) pixels
0x5D3B, 0x75DD, 0x5D3A, 0x5D5B, 0x555B, 0x553B, 0x5D7C, 0x5D7B, 0x5D7B, 0x5D7C, 0x5D9C, 0x6D9C, 0xA61D, 0xAC37, 0xA415, 0x759C,   // 0x02D0 (720) pixels
0x6DBC, 0xB5B6, 0x5CF9, 0x553B, 0x553B, 0x4D1B, 0x555B, 0x5D7B, 0x657B, 0x553B, 0x553B, 0x553B, 0x659C, 0x9E12, 0x6C6F, 0x75AB,   // 0x02E0 (736) pixels
0x65AB, 0x6DAC, 0xEB4C, 0xEB2D, 0xEC4A, 0xF54A, 0xA59A, 0xAC37, 0xA437, 0xBEFC, 0xB572, 0x9613, 0xC52E, 0xF32D, 0xFC10, 0xE3CE,   // 0x02F0 (752) pixels
0xE34D, 0xD56C, 0xF54A, 0xF529, 0xF54A, 0xC61A, 0x965E, 0x65BC, 0x5D5B, 0x6DFD, 0x553B, 0x553B, 0x553B, 0x4CFA, 0x4CFA, 0x553B,   // 0x0300 (768) pixels
0x5D7C, 0x75FD, 0x553B, 0x5D7B, 0xF528, 0x553B, 0x553B, 0x553B, 0x553B, 0x5D7B, 0x5D7B, 0x6DBC, 0x75BC, 0x9C78, 0xAC17, 0x9E7E,   // 0x0310 (784) pixels
0x9DBC, 0x75BD, 0x64D6, 0x6514, 0x4CB9, 0x5D5C, 0x555B, 0x65BC, 0x5D7C, 0x553B, 0x5D7C, 0x5D5B, 0x6DBC, 0x5CD2, 0x5CB1, 0xEB4B,   // 0x0320 (800) pixels
0x8409, 0xF529, 0xFD09, 0xAC37, 0xB5EE, 0xAEAF, 0xAEB0, 0xAC57, 0xA457, 0xB351, 0x7D9B, 0x6DBB, 0xB6DE, 0xEB8D, 0xF32D, 0xB63C,   // 0x0330 (816) pixels
0x74D0, 0x74CD, 0x9BAB, 0xACF1, 0x963D, 0x7E1C, 0x553B, 0x553B, 0x5D7B, 0x659C, 0x65BD, 0x553B, 0x65BD, 0x553B, 0x659C, 0x659C,   // 0x0340 (832) pixels
0x553B, 0x555B, 0x5D7C, 0x553B, 0x553B, 0x553B, 0x553B, 0x5D7C, 0x553B, 0x5D7B, 0x659C, 0x659B, 0x6DBC, 0x6DFD, 0x6DBC, 0x8E3C,   // 0x0350 (848) pixels
0xBE50, 0xA67D, 0x5D7B, 0x659C, 0x659C, 0x75DB, 0x553B, 0x65BC, 0x5D7B, 0x553B, 0x553B, 0x5D5B, 0x659B, 0xB690, 0xEB2D, 0xC36C,   // 0x0360 (864) pixels
0xF54A, 0xED6A, 0xAC33, 0xB416, 0xAEAE, 0xAEAF, 0xA58E, 0xB639, 0x5D2F, 0x7DFC, 0x657B, 0x65BC, 0x6DDC, 0xF32C, 0x759C, 0x75DC,   // 0x0370 (880) pixels
0x9E7E, 0x6CD1, 0x7C12, 0x9EBB, 0x659C, 0x5C33, 0x5D7C, 0x553B, 0x5D7B, 0x6DBC, 0x553B, 0x4CDA, 0x553B, 0x659C, 0x553B, 0x553B,   // 0x0380 (896) pixels
0x553B, 0x553B, 0x5D7C, 0x5D9C, 0x553B, 0x5D5C, 0x553B, 0x5D7B, 0x5D7B, 0x5D7B, 0x5D7C, 0x659C, 0x6DBC, 0x75FD, 0x6DBC, 0x6DBC,   // 0x0390 (912) pixels
0x6DBD, 0xAD53, 0xA630, 0xEB4C, 0xEB4D, 0xAEBD, 0x863D, 0x5D7B, 0x659C, 0x5D5B, 0x5D5B, 0x555B, 0x659C, 0xBEDF, 0xB432, 0xD5AC,   // 0x03A0 (928) pixels
0x7BEE, 0x54B0, 0xCBB0, 0x74AF, 0xCBAC, 0xF410, 0xED29, 0xFD49, 0x648D, 0x553B, 0x6DDD, 0x5D7B, 0x5D7C, 0xB69E, 0x7598, 0x6DBC,   // 0x03B0 (944) pixels
0x8E5E, 0x5411, 0xAEBB, 0x9E7D, 0x8E3C, 0x75BB, 0x6519, 0x555B, 0x655B, 0x759C, 0x75DD, 0x553B, 0x5D7B, 0x659D, 0x6DDD, 0x553B,   // 0x03C0 (960) pixels
0x553B, 0x553B, 0x553B, 0x4CD9, 0x4CB9, 0x5D5B, 0x5D7B, 0x5D7B, 0x5D7B, 0x5D7B, 0x5D7B, 0x659C, 0x6DBC, 0x6DBC, 0x6DBC, 0x75FD,   // 0x03D0 (976) pixels
0x861D, 0x7E1D, 0xAEB0, 0xAE8D, 0xCB8C, 0x64D1, 0x744E, 0xA69D, 0x5D9C, 0x5D9C, 0x75FD, 0x657B, 0x5D7B, 0x5D7C, 0x657B, 0x655B,   // 0x03E0 (992) pixels
0x65BD, 0x9537, 0xD38C, 0xED49, 0xF54A, 0xB3CE, 0x8E4F, 0xB690, 0x75DA, 0x553B, 0x5D5B, 0x6DFD, 0x659B, 0x6DDD, 0x557C, 0x657B,   // 0x03F0 (1008) pixels
0x657B, 0x9497, 0xBEDB, 0xB6BD, 0x9C71, 0x653B, 0x8E5E, 0x6DFD, 0x5D7B, 0x5D7B, 0x5D5B, 0x75FD, 0x6DBD, 0x5D7B, 0x5D7B, 0x553B,   // 0x0400 (1024) pixels
0x551A, 0x5D7C, 0x553B, 0x4D1B, 0x5D7C, 0x5D7B, 0x5D7B, 0x5D7B, 0x5D7C, 0x5D7B, 0x5D7B, 0x5D7B, 0x6DBC, 0x6DBC, 0x6DBC, 0x6DBC,   // 0x0410 (1040) pixels
0x75BC, 0x95DB, 0xFD2A, 0x9D2A, 0x7E2E, 0x75ED, 0x658B, 0x65AB, 0x650E, 0x75DD, 0x5D7C, 0x555B, 0x553B, 0x65BC, 0x659C, 0x5D5B,   // 0x0420 (1056) pixels
0x5D7C, 0x861C, 0xB64F, 0xFD29, 0xF528, 0x64AF, 0x5CF0, 0x75DA, 0x5D7C, 0x6DBC, 0x659C, 0x659C, 0x65BC, 0x5D5B, 0x553B, 0x5D7B,   // 0x0430 (1072) pixels
0x5D7B, 0x4CF9, 0xA416, 0xB65C, 0x9436, 0x9C77, 0x64B8, 0x9559, 0xA4B7, 0xA597, 0x85FC, 0x861D, 0x7DFC, 0x659C, 0x659C, 0x5D5B,   // 0x0440 (1088) pixels
0x553B, 0x5D7C, 0x65BD, 0x5D7C, 0x4D1A, 0x5D5B, 0x5D7B, 0x657B, 0x5D7B, 0x5D5B, 0x5D7B, 0x659C, 0x6DDC, 0x6DBC, 0x659B, 0x659B,   // 0x0450 (1104) pixels
0x5D7B, 0x5D3A, 0xF529, 0x6DCC, 0x658B, 0x6D8B, 0x6DCB, 0x760D, 0x65AB, 0x6D8C, 0x553B, 0x553B, 0x5D7C, 0x6DFC, 0x6DBC, 0x5D7B,   // 0x0460 (1120) pixels
0x553B, 0x655B, 0x64B2, 0x64B0, 0xF549, 0x85F1, 0x5CB1, 0x6DDC, 0x553A, 0x659B, 0x863E, 0x659C, 0x7E3D, 0x553B, 0x5D5B, 0x5D5B,   // 0x0470 (1136) pixels
0x555B, 0x553B, 0x551A, 0x95FD, 0x6C96, 0x5C76, 0x7517, 0xA69D, 0x9D9A, 0xB574, 0xB69A, 0x7E1E, 0x8559, 0x6D9B, 0x5D3A, 0x5D5B,   // 0x0480 (1152) pixels
0x863D, 0x4CB9, 0x553A, 0x555B, 0x5D7C, 0x7E1E, 0x6D9B, 0x5D7B, 0x657C, 0x6DBC, 0x6DDD, 0x6DDD, 0x6DBC, 0x6DBC, 0x6DBC, 0x6DBC,   // 0x0490 (1168) pixels
0x5D7B, 0x5D7B, 0xB50F, 0xF529, 0xF36D, 0x7DCE, 0x762D, 0x6DCC, 0x6DCB, 0x5D7B, 0x5D5B, 0x553B, 0x5D5C, 0x75FD, 0x65DC, 0x5D5B,   // 0x04A0 (1184) pixels
0x553B, 0x5D7C, 0x5CB2, 0x64B1, 0x65AA, 0x754A, 0xF52A, 0x7DFB, 0x83F6, 0x5D5B, 0x657B, 0x6DBC, 0x659C, 0x553B, 0x5D5B, 0x75FD,   // 0x04B0 (1200) pixels
0x553B, 0x553B, 0x4D1A, 0x5D5B, 0x553B, 0x861D, 0xA390, 0xEBAE, 0xAE9C, 0xC3F0, 0x6D7C, 0x659C, 0x75DD, 0x7DFC, 0x75DD, 0x7DFD,   // 0x04C0 (1216) pixels
0x7DFC, 0x553B, 0x5D5C, 0x5D5B, 0x5D7C, 0x659C, 0x5D5B, 0x6D9B, 0x6DBD, 0x659C, 0x6DDD, 0x6DBC, 0x6DBC, 0x6DBC, 0x5D7B, 0x657C,   // 0x04D0 (1232) pixels
0x5D7B, 0x6DBD, 0x5D5B, 0x7DF5, 0xEBAE, 0xB3D3, 0x6DAB, 0x6DEC, 0x65AB, 0x75DD, 0x5D7B, 0x553B, 0x5D7B, 0x6DBC, 0x659C, 0x5D5B,   // 0x04E0 (1248) pixels
0x553B, 0x6DBC, 0xED29, 0xF529, 0xAC36, 0xEB4C, 0xBEDC, 0x761D, 0x9C36, 0x5D9C, 0x655B, 0x7E1D, 0x65DD, 0x5D7B, 0x5D5B, 0x75FD,   // 0x04F0 (1264) pixels
0x555B, 0x551B, 0x553B, 0x5D7B, 0x9E7D, 0xBBCF, 0xF32C, 0xF32C, 0xEB2C, 0xF30D, 0xBE7C, 0x75BB, 0x7DFD, 0x863D, 0x75BC, 0x75FC,   // 0x0500 (1280) pixels
0x967E, 0x553B, 0x553B, 0x553B, 0x5D5B, 0x5D5B, 0x5D5B, 0x5D9B, 0x659C, 0x659C, 0x75FD, 0x75FC, 0x6DBC, 0x6DBC, 0x7E1D, 0x75DC,   // 0x0510 (1296) pixels
0x75DC, 0x65BD, 0x659C, 0x6550, 0x6D33, 0x6472, 0x6D2E, 0x64EF, 0x75DD, 0x5D7C, 0x553B, 0x555B, 0x5D7C, 0x6DBC, 0x5D7B, 0x5D5B,   // 0x0520 (1312) pixels
0x555B, 0x5D5A, 0xBE5A, 0xC4CC, 0x840E, 0xB690, 0x861D, 0x655B, 0x655B, 0x5D5C, 0x553B, 0x5D5B, 0x75DC, 0x659C, 0x5D9C, 0x75DD,   // 0x0530 (1328) pixels
0x5D7C, 0x553B, 0x553B, 0x659C, 0xE36D, 0xEB4D, 0xEB2C, 0xEB2C, 0xEB2C, 0xEB4D, 0xEB4D, 0x5D3A, 0x8E7E, 0x659C, 0x657B, 0x5D5B,   // 0x0540 (1344) pixels
0x54D9, 0x553B, 0x553B, 0x555B, 0x5D5B, 0x5D7B, 0x5D5B, 0x65BC, 0x659C, 0x6DBC, 0x6DDC, 0x6DDC, 0x75DD, 0x6DDC, 0x6DBC, 0x6DDC,   // 0x0550 (1360) pixels
0x6DBC, 0x6DBC, 0x5D7B, 0x4C8F, 0x5CD1, 0x64F2, 0x6D8C, 0x861C, 0x65BC, 0x865E, 0x659C, 0x5D7B, 0x5D7C, 0x75DD, 0x65BC, 0x5D7B,   // 0x0560 (1376) pixels
0x763E, 0x5D7C, 0x861C, 0xAE8F, 0xB6F0, 0x85F7, 0x75FD, 0x659C, 0x657B, 0x659B, 0x65DC, 0x5D7B, 0x657B, 0x75FD, 0x659C, 0x7DFD,   // 0x0570 (1392) pixels
0x7E1D, 0x7E1D, 0x5D5B, 0x551B, 0xABD0, 0xE36D, 0xE34C, 0xE36D, 0xEC10, 0xEB4D, 0xDB4C, 0x657D, 0x863D, 0x75FC, 0x75DC, 0x5D5B,   // 0x0580 (1408) pixels
0x553B, 0x553B, 0x5D5B, 0x553B, 0x553B, 0x553B, 0x5D5B, 0x5D7B, 0x5D7B, 0x659C, 0x659C, 0x75FD, 0x75DC, 0x6DBC, 0x6DBC, 0x6DBC,   // 0x0590 (1424) pixels
0x659C, 0x6DBC, 0x5D7B, 0x5CAF, 0x5CB1, 0x5CD1, 0xAE9D, 0x5D5B, 0x5D7B, 0x5D7B, 0x5D7B, 0x657C, 0x6DBC, 0x6DBC, 0x6DBC, 0x5D7B,   // 0x05A0 (1440) pixels
0x553B, 0x5D5B, 0x5D5B, 0x8E3D, 0x655B, 0x5D7B, 0x553B, 0x5D5B, 0x6DBC, 0x6DDC, 0x553B, 0x5D7B, 0x5D5B, 0x6DBC, 0x6DDC, 0x6DBC,   // 0x05B0 (1456) pixels
0x5D7B, 0x5D7B, 0x5D5C, 0x5D5B, 0xABD0, 0x5D3B, 0x553B, 0x551A, 0xCE9D, 0xEB2C, 0xCB6E, 0x5D7B, 0x657B, 0x8E5E, 0xABD0, 0x85FC,   // 0x05C0 (1472) pixels
0x75DC, 0x75FD, 0x5D7C, 0x553B, 0x5D5B, 0x553B, 0x553B, 0x553B, 0x553B, 0x5D7B, 0x5D7B, 0x6DBC, 0x75DC, 0x6DBC, 0x5D5B, 0x659C,   // 0x05D0 (1488) pixels
0x6DBC, 0x6DBC, 0x6DBC, 0x5CB1, 0x8576, 0xB6BE, 0x5D3C, 0x553B, 0x553B, 0x553B, 0x5D7C, 0x5D7B, 0x6DBC, 0x6DDC, 0x6DBC, 0x659C,   // 0x05E0 (1504) pixels
0x5D5B, 0x5D7C, 0x5D7B, 0x5D5B, 0x6DBC, 0x5D5B, 0x5D7B, 0x7E1D, 0x75DC, 0x659C, 0x5D5B, 0x5D7B, 0x65BC, 0x6DBC, 0x75FD, 0x7DFD,   // 0x05F0 (1520) pixels
0x6DBC, 0x6DBD, 0x659C, 0x5D7B, 0x5D7B, 0x5D7C, 0x5D7C, 0x553B, 0x5D5B, 0x7D7A, 0x7DBC, 0x5D7B, 0x5D5B, 0x655B, 0xABD0, 0x7DDB,   // 0x0600 (1536) pixels
0x4D1A, 0x553B, 0x553B, 0x555B, 0x5D5B, 0x5D7C, 0x5D7C, 0x5D5B, 0x5D7B, 0x659C, 0x6DBD, 0x6DDC, 0x6DBC, 0x659C, 0x5D7B, 0x5D7C,   // 0x0610 (1552) pixels
0x5D7B, 0x659C, 0x961B, 0x5CD1, 0xB6DD, 0x965D, 0x551A, 0x4CDA, 0x553B, 0x553B, 0x5D7C, 0x5D7B, 0x659C, 0x6DBC, 0x6DBC, 0x6DBC,   // 0x0620 (1568) pixels
0x657B, 0x75FE, 0x5D5B, 0x5D5B, 0x555B, 0x65BD, 0x5D7B, 0x659C, 0x65DD, 0x659C, 0x5D5B, 0x85FD, 0xAE9E, 0x6DFD, 0x6DBC, 0x6DBC,   // 0x0630 (1584) pixels
0x6DBC, 0x75FD, 0x6DDD, 0x6DBD, 0x65BC, 0x65BD, 0x659C, 0x659C, 0x65BC, 0xABD0, 0x6DBC, 0x5D7B, 0x5D5B, 0xABD0, 0x963D, 0x8E5D,   // 0x0640 (1600) pixels
0x553B, 0x553B, 0x5D5B, 0x5D7C, 0x5D7C, 0x5D7B, 0x65BC, 0x75FD, 0x659C, 0x6DBC, 0x6DDC, 0x6DBC, 0x6DBC, 0x659C, 0x5D7B, 0x5D7B,   // 0x0650 (1616) pixels
0x553B, 0x5D7B, 0x75DC, 0x6CD1, 0xB6FF, 0x963D, 0x7E5E, 0x6D7B, 0x96BF, 0x967E, 0x6DBC, 0x5D7B, 0x5D7B, 0x659C, 0x6DBC, 0x863D,   // 0x0660 (1632) pixels
0x75FD, 0x6DDC, 0x657B, 0x6DDC, 0x659C, 0x553B, 0x5D7C, 0x6DDC, 0x7E3E, 0x659C, 0x5D5B, 0x5D7B, 0x6DDC, 0x8E5D, 0x7E1E, 0x5D7B,   // 0x0670 (1648) pixels
0x5D7B, 0x6DBC, 0x6DBC, 0x6DBC, 0x659C, 0x5D5B, 0x5D7B, 0x6DBC, 0x6DBC, 0x75FD, 0x657B, 0x5D7B, 0x659C, 0x8E3D, 0x967E, 0x5D7B,   // 0x0680 (1664) pixels
0x5D7B, 0x5D7C, 0x5D7C, 0x659C, 0x6DBC, 0x75FD, 0x6DBC, 0x6DDC, 0x659C, 0x5D5B, 0x5D7B, 0x5D5B, 0x5D7C, 0x5D7B, 0x5D7B, 0x5D7C,   // 0x0690 (1680) pixels
0x5D5B, 0x553B, 0x5D7B, 0x6DBC, 0x6DBD, 0x6DBC, 0x6DBC, 0x6DBC, 0x6DBC, 0x7E1D, 0x75DC, 0x7DFD, 0x65BD, 0x6DBC, 0x5D5B, 0x5D7B,   // 0x06A0 (1696) pixels
0x5D5B, 0x553B, 0x5D5B, 0x555B, 0x553B, 0x553B, 0x553B, 0x553B, 0x553B, 0x553B, 0x553B, 0x5D7C, 0x5D7B, 0x8E7E, 0x8E3D, 0x5D7B,   // 0x06B0 (1712) pixels
0x5D7B, 0x5D7B, 0x5D7B, 0x5D7B, 0x5D7B, 0x5D7B, 0x5D7B, 0x5D7B, 0x5D7B, 0x65BC, 0x75DD, 0x6DBC, 0x6DBC, 0x5D7B, 0x555B, 0x5D5B,   // 0x06C0 (1728) pixels
0x75DC, 0x75DC, 0x75FD, 0x6DBC, 0x65BC, 0x659C, 0x6DDD, 0x5D7B, 0x5D7B, 0x5D7C, 0x5D7C, 0x5D5B, 0x555B, 0x5D5B, 0x5D7C, 0x659C,   // 0x06D0 (1744) pixels
0x5D7B, 0x5D7B, 0x65BC, 0x6DBC, 0xB69C, 0x9D77, 0x863C, 0x6D9C, 0x5D7B, 0x5D7B, 0x5D7B, 0x5D5B, 0x553B, 0x553B, 0x553B, 0x553B,   // 0x06E0 (1760) pixels
0x763E, 0x5D5B, 0x659C, 0x5D7C, 0x5D5B, 0x555B, 0x5D7C, 0x5D7B, 0x6DDC, 0x75BB, 0x659C, 0x65DC, 0x6DBC, 0x6DBC, 0x6DBC, 0x6DBC,   // 0x06F0 (1776) pixels
0x8E3C, 0x9E5D, 0x9E9D, 0x7DFC, 0x861C, 0x75DC, 0x7DDC, 0x967D, 0x7DDB, 0x6DBC, 0x6DBC, 0x6DBC, 0x75FD, 0x6DBC, 0x75FD, 0x75FD,   // 0x0700 (1792) pixels
0x6D9C, 0x5D5B, 0x659C, 0x5D7B, 0x5D7B, 0x5D5B, 0x5D7B, 0x5D5B, 0x5D7B, 0x75BC, 0x75BC, 0x6D9C, 0x75BC, 0x6DBC, 0x6D9B, 0x861D,   // 0x0710 (1808) pixels
0x965E, 0x969D, 0x9DD9, 0xA408, 0xF528, 0xA69D, 0x7DFC, 0x6DBC, 0x6DBC, 0x5D7B, 0x5D7C, 0x5D5B, 0x5D7B, 0x655B, 0xA67C, 0x74B4,   // 0x0720 (1824) pixels
0x9D76, 0xB594, 0xB532, 0xCEBA, 0xCEDB, 0xB530, 0xD50B, 0xFD08, 0xFD29, 0xFD28, 0xF52A, 0xFD27, 0xBE9C, 0xDD2C, 0xF548, 0xFD28,   // 0x0730 (1840) pixels
0xFD28, 0xFD28, 0xF528, 0xFD28, 0xFD28, 0xF549, 0xFD28, 0xFD28, 0xF528, 0xFD28, 0xF528, 0xFD28, 0xBCEE, 0xB637, 0x861C, 0x6DDC,   // 0x0740 (1856) pixels
0x9E7D, 0x967D, 0x8E5D, 0x75DC, 0x6D79, 0xA69E, 0xB510, 0xE54D, 0xFD4A, 0xFD6A, 0xF56A, 0xF529, 0xE52C, 0xDD4C, 0xED2B, 0xFD28,   // 0x0750 (1872) pixels
0xFD28, 0xFD29, 0xE52A, 0xED4C, 0xC552, 0xB6DE, 0xA67D, 0x9E7E, 0x9E7E, 0x9E9D, 0xAE7B, 0xB553, 0xCD0E, 0xFD28, 0xFD28, 0xFD29,   // 0x0760 (1888) pixels
0xFD28, 0xFD28, 0xFD28, 0xFD28, 0xFD28, 0xF529, 0xFD28, 0xFD28, 0xFD28, 0xFD28, 0xF529, 0xFD28, 0xFD28, 0xFD28, 0xFD28, 0xFD28,   // 0x0770 (1904) pixels
0xFD29, 0xFD28, 0xFD28, 0xFD28, 0xFD28, 0xFD4A, 0xFD28, 0xFD28, 0xFD28, 0xFD28, 0xF529, 0xFD28, 0xF529, 0xA67D, 0x9E7D, 0x9E7E,   // 0x0780 (1920) pixels
0xB6BD, 0xB6BD, 0xBEBD, 0x9E1A, 0x9472, 0xDD0C, 0xFD09, 0xFD28, 0xFD28, 0xFD28, 0xF529, 0xFD28, 0xFD28, 0xFD28, 0xFD28, 0xFD28,   // 0x0790 (1936) pixels
0xFD28, 0xFD28, 0xED4B, 0xD50C, 0x94B2, 0xBEBB, 0xDED9, 0xD697, 0xBD73, 0xCD0D, 0xF58C, 0xF52A, 0xFD28, 0xFD28, 0xFD28, 0xFD28,   // 0x07A0 (1952) pixels
0xFD28, 0xFD28, 0xFD28, 0xFD28, 0xFD28, 0xF529, 0xFD28, 0xFD28, 0xFD28, 0xFD28, 0xF549, 0xFD28, 0xFD28, 0xFD28, 0xFD28, 0xFD28,   // 0x07B0 (1968) pixels
0xFD28, 0xFD28, 0xFD28, 0xFD28, 0xFD28, 0xF549, 0xFD28, 0xFD28, 0xFD28, 0xFD28, 0xF529, 0xFD28, 0xBCCB, 0xC6DC, 0xB6DD, 0xB6BE,   // 0x07C0 (1984) pixels
0xFD28, 0xF528, 0xFD28, 0xFD29, 0xFD08, 0xF529, 0xFD28, 0xFD28, 0xFD28, 0xFD28, 0xF529, 0xFD28, 0xFD28, 0xFD28, 0xFD28, 0xFD28,   // 0x07D0 (2000) pixels
0xFD28, 0xFD28, 0xFD28, 0xFD28, 0xF527, 0xF528, 0xF528, 0xFD28, 0xFD28, 0xFD28, 0xF549, 0xFD28, 0xFD28, 0xFD28, 0xFD28, 0xFD28,   // 0x07E0 (2016) pixels
0xFD28, 0xFD28, 0xFD28, 0xFD28, 0xFD28, 0xF529, 0xFD28, 0xFD28, 0xFD28, 0xFD28, 0xF549, 0xFD28, 0xFD28, 0xFD28, 0xFD28, 0xFD28,   // 0x07F0 (2032) pixels
0xFD28, 0xFD28, 0xFD28, 0xFD28, 0xFD28, 0xF549, 0xFD28, 0xFD28, 0xFD28, 0xFD28, 0xF529, 0xFD28, 0xFD28, 0xFD28, 0xF528, 0xFD08,   // 0x0800 (2048) pixels
};

const unsigned short Grassy[2048] PROGMEM={
0x9492, 0x94B2, 0x94B2, 0x9492, 0x9492, 0x94B2, 0x94B2, 0x94B2, 0x94B2, 0x9492, 0x9492, 0x94B2, 0x9492, 0x94B2, 0x9492, 0x9492,   // 0x0010 (16) pixels
0x9492, 0x9492, 0x9492, 0x94B2, 0x94B2, 0x9492, 0x9492, 0x9492, 0x9492, 0x9492, 0x9492, 0x9492, 0x9492, 0x9492, 0x9492, 0x9492,   // 0x0020 (32) pixels
0x94B2, 0x94B2, 0x9492, 0x9492, 0x9492, 0x9492, 0x9492, 0x9492, 0x8C71, 0x9492, 0x8C51, 0x8410, 0x9492, 0x9492, 0x8C71, 0x8C71,   // 0x0030 (48) pixels
0x9492, 0x94B2, 0x94B2, 0x94B2, 0x94B2, 0x94B2, 0x94B2, 0x94B2, 0x94B2, 0x9492, 0x94B2, 0x8C71, 0x8C71, 0x9CD3, 0x9CD3, 0x9492,   // 0x0040 (64) pixels
0x9492, 0x8430, 0x8410, 0x8C71, 0x9492, 0x94B2, 0x8C71, 0x8C71, 0x9492, 0x8430, 0x9492, 0x94B2, 0x94B2, 0x94B2, 0x9CF2, 0x59C9,   // 0x0050 (80) pixels
0xB342, 0xC300, 0xC341, 0xBB81, 0x3150, 0x94F3, 0x9D13, 0xA517, 0x9474, 0x8C31, 0x9CD3, 0x8CB1, 0x7C2F, 0x6B56, 0x8410, 0x8C50,   // 0x0060 (96) pixels
0x9492, 0x8C90, 0x9495, 0x94CE, 0x9CB1, 0x94D2, 0x94B2, 0x94B2, 0x9C73, 0xA4D6, 0x8D12, 0x7374, 0x94B2, 0x8C70, 0x9CD2, 0x9CD3,   // 0x0070 (112) pixels
0x8458, 0x94B2, 0x9491, 0x8C71, 0x8C71, 0x9492, 0x9492, 0x94B2, 0x94B2, 0x94B2, 0x9CD3, 0x9CD3, 0x94B2, 0x94B2, 0x94B2, 0x9492,   // 0x0080 (128) pixels
0x9474, 0x9494, 0x9CD3, 0x9CF2, 0x8C71, 0x8C71, 0x8C51, 0x7BEE, 0x94B2, 0x94B1, 0x2190, 0xCAA7, 0x5121, 0x3932, 0x8B28, 0x510D,   // 0x0090 (144) pixels
0x38CB, 0x8AA2, 0x18D0, 0x10B2, 0x18B2, 0x39B0, 0x840F, 0x94B2, 0x8C51, 0x8C71, 0x8C71, 0x8410, 0x298E, 0x18D0, 0x18CF, 0x10D1,   // 0x00A0 (160) pixels
0x18D1, 0x18D1, 0x10D3, 0x08F3, 0x10D1, 0x18D1, 0x18D2, 0x18D1, 0x18D1, 0x10D2, 0xA280, 0x312E, 0x18F1, 0x18B1, 0x6314, 0x8452,   // 0x00B0 (176) pixels
0x9C29, 0x7C89, 0x6B04, 0xCCC6, 0x9494, 0x94B1, 0x9D11, 0x8C71, 0x8B40, 0x8BA8, 0x9439, 0xA514, 0xA514, 0xAD55, 0x9CD3, 0x94B1,   // 0x00C0 (192) pixels
0x18B2, 0x18D1, 0x18D2, 0x29E4, 0x42C2, 0x3205, 0x29C1, 0x18B3, 0x2A00, 0x1891, 0x206F, 0x9BE6, 0xE56C, 0xED8E, 0x5A4F, 0xDD36,   // 0x00D0 (208) pixels
0x61F2, 0xD596, 0xC343, 0xAB20, 0x10F2, 0x18D1, 0xADB8, 0x9CD3, 0x7BEF, 0x8410, 0x8412, 0x6B93, 0x18D1, 0x18D1, 0x18D1, 0x18D1,   // 0x00E0 (224) pixels
0x18D1, 0x18D1, 0x08D2, 0x42C2, 0x2180, 0x18CD, 0x18D1, 0x10D1, 0x18D1, 0x10F0, 0x42C2, 0x10F2, 0x3220, 0x29C0, 0x2200, 0x21E1,   // 0x00F0 (240) pixels
0x3241, 0x21C0, 0x2A01, 0x21C0, 0x21C0, 0x2201, 0x2A21, 0x2A20, 0x29C1, 0x2200, 0x3AA2, 0x2A23, 0x20D0, 0x18CD, 0x2186, 0x10EF,   // 0x0100 (256) pixels
0x18B2, 0x18CF, 0x29C1, 0x1927, 0x1980, 0x1120, 0x29C1, 0x1980, 0x5B44, 0x1180, 0x3204, 0x2A01, 0x2A40, 0x2A00, 0x2A20, 0x5201,   // 0x0110 (272) pixels
0x08D0, 0x30CE, 0x8B91, 0xFDAD, 0x2890, 0x18D1, 0x18D4, 0x8C72, 0x73AE, 0x10D2, 0x18D1, 0x10B2, 0xAC05, 0x10D2, 0x18D1, 0x18D1,   // 0x0120 (288) pixels
0x18F2, 0x18D5, 0x31E1, 0x2A45, 0x1122, 0x42A1, 0x3192, 0x19C1, 0x3A82, 0x1980, 0x1120, 0x1140, 0x21A3, 0x42C2, 0x19A0, 0x21C2,   // 0x0130 (304) pixels
0x1140, 0x1960, 0x21A1, 0x21C1, 0x21C1, 0x19A1, 0x1961, 0x5346, 0x21C0, 0x2A21, 0x2A00, 0x21E0, 0x21A0, 0x21C0, 0x1980, 0x1960,   // 0x0140 (320) pixels
0x18D1, 0x18D1, 0x18D2, 0x29C1, 0x2164, 0x18B2, 0x08F1, 0x7288, 0x1980, 0x21A0, 0x1960, 0x21A2, 0x31E6, 0x2A00, 0x2A00, 0x10B2,   // 0x0150 (336) pixels
0x18B2, 0x1960, 0x7BA3, 0x52C2, 0x62C0, 0x18D1, 0x18D1, 0x10D2, 0x10D2, 0x18D1, 0x18D1, 0x18D1, 0x18D1, 0x18D1, 0x10B1, 0x18B2,   // 0x0160 (352) pixels
0x18B2, 0x1987, 0x52E5, 0x10F0, 0x1960, 0x1981, 0x1940, 0x1961, 0x1120, 0x1961, 0x1980, 0x1981, 0x1981, 0x21A1, 0x1141, 0x19A1,   // 0x0170 (368) pixels
0x1140, 0x1140, 0x21A1, 0x1140, 0x1961, 0x1981, 0x1961, 0x1961, 0x1960, 0x1960, 0x18D1, 0x1960, 0x29E0, 0x18D1, 0x18B3, 0x18D1,   // 0x0180 (384) pixels
0x18D1, 0x10B1, 0x18D1, 0x18B2, 0x18D1, 0x18D1, 0x18D1, 0x18D1, 0x2A00, 0x1980, 0x1981, 0x1940, 0x1120, 0x1960, 0x1960, 0x21C0,   // 0x0190 (400) pixels
0x2A21, 0x1960, 0x29E0, 0x2A00, 0x3200, 0x29E2, 0x18D2, 0x18D1, 0x18D1, 0x18D1, 0x18D1, 0x18D1, 0x18D1, 0x18D1, 0x1980, 0x1940,   // 0x01A0 (416) pixels
0x18D2, 0x29C3, 0x1160, 0x19A0, 0x1960, 0x1961, 0x1961, 0x1140, 0x29C1, 0x21A1, 0x1980, 0x29C0, 0x21E2, 0x4261, 0x1141, 0x21A1,   // 0x01B0 (432) pixels
0x2180, 0x21E1, 0x1962, 0x1903, 0x1961, 0x1961, 0x1141, 0x1140, 0x42A6, 0x1960, 0x18D1, 0x18F3, 0x18D1, 0x18D1, 0x18D1, 0x18D1,   // 0x01C0 (448) pixels
0x18D1, 0x18D1, 0x18D1, 0x18D1, 0x18D1, 0x18D1, 0x18D1, 0x18D1, 0x18D1, 0x18B3, 0x1941, 0x1961, 0x42C4, 0x3201, 0x1960, 0x2180,   // 0x01D0 (464) pixels
0x18B2, 0x1960, 0x1940, 0x2183, 0x18D1, 0x1960, 0x1960, 0x18D1, 0x18D1, 0x18D1, 0x18D1, 0x18D1, 0x18D1, 0x18D1, 0x18D1, 0x1965,   // 0x01E0 (480) pixels
0x1121, 0x1960, 0x1940, 0x1120, 0x1961, 0x1161, 0x3240, 0x6B63, 0xCCC6, 0xBBC4, 0xDC22, 0xFD48, 0xFDA8, 0xF568, 0x3A00, 0x31E0,   // 0x01F0 (496) pixels
0xA3C2, 0x1980, 0x3203, 0x0961, 0x3223, 0x21C0, 0x1140, 0x1961, 0x1140, 0x18D1, 0x18D1, 0x18D1, 0x18D1, 0x18D1, 0x18D1, 0x18D1,   // 0x0200 (512) pixels
0x18D1, 0x18D1, 0x18D1, 0x18D1, 0x18D1, 0x18D1, 0x18D1, 0x18D1, 0x18D1, 0x18D0, 0x29E0, 0x21A0, 0xB506, 0x21E0, 0x1962, 0x21A1,   // 0x0210 (528) pixels
0x1960, 0x1960, 0x2A00, 0x18EE, 0x18B4, 0x18D1, 0x18D1, 0x18D1, 0x18D1, 0x18D1, 0x18D1, 0x18D1, 0x18D1, 0x18D1, 0x1106, 0x21A0,   // 0x0220 (544) pixels
0x10E9, 0x3A0A, 0x1924, 0x39E6, 0x21A1, 0x10F1, 0x1093, 0x2960, 0x1965, 0x520A, 0x9387, 0xCBA2, 0x21E0, 0x2982, 0x7302, 0x7B21,   // 0x0230 (560) pixels
0xBAC0, 0xCB22, 0xCB42, 0xACE6, 0x19A0, 0x3A82, 0x29C1, 0x18B3, 0x18F0, 0x1960, 0x18D1, 0x18D1, 0x18D1, 0x18D1, 0x18D1, 0x18D1,   // 0x0240 (576) pixels
0x18D1, 0x18D1, 0x18D1, 0x18D1, 0x18D1, 0x18D1, 0x18D1, 0x18D1, 0x18D1, 0x18D1, 0x1A20, 0xE3C3, 0xC507, 0x3A60, 0x5303, 0x1140,   // 0x0250 (592) pixels
0x1961, 0x1980, 0x1960, 0x18D1, 0x18D1, 0x18D1, 0x18D1, 0x18D1, 0x18D1, 0x18D1, 0x18D1, 0x18D1, 0x18D1, 0x18D1, 0x18CE, 0x1911,   // 0x0260 (608) pixels
0x9381, 0x8B69, 0x2093, 0x10D2, 0x10F0, 0x190F, 0x41C0, 0xD3A3, 0xB489, 0x28E0, 0xE527, 0xD444, 0xAC64, 0xB3C2, 0xC3A3, 0xD3E3,   // 0x0270 (624) pixels
0xD465, 0x83E6, 0xC5CD, 0x39E0, 0x1140, 0x1960, 0x1946, 0x1074, 0x1122, 0x18D0, 0x18D1, 0x18D1, 0x18D1, 0x18D1, 0x18D1, 0x18D1,   // 0x0280 (640) pixels
0x18D1, 0x18D1, 0x18D1, 0x18D1, 0x18D1, 0x18D1, 0x18D1, 0x18D1, 0x18D1, 0x18D1, 0x18D1, 0xCC85, 0x4AE4, 0x3A40, 0x4B44, 0x1140,   // 0x0290 (656) pixels
0x1960, 0x1960, 0x18D1, 0x18D1, 0x18D1, 0x18D1, 0x18D1, 0x18D1, 0x18D1, 0x18D1, 0x18D1, 0x18D1, 0x18D1, 0x10D1, 0xB402, 0xE567,   // 0x02A0 (672) pixels
0xED07, 0xDCA6, 0xE485, 0x69A6, 0xD463, 0x7244, 0xE465, 0xE485, 0xBC88, 0xD424, 0xBB21, 0xCBA3, 0xDC45, 0x8BA5, 0xED88, 0xF5E9,   // 0x02B0 (688) pixels
0x29C1, 0x19A0, 0x2181, 0x1961, 0x1960, 0x1960, 0x18D1, 0x18B2, 0x18D1, 0x18D1, 0x18D1, 0x18D1, 0x18D1, 0x18D1, 0x18D1, 0x18D1,   // 0x02C0 (704) pixels
0x18D1, 0x18D1, 0x18D1, 0x18D1, 0x18D1, 0x18D1, 0x18D1, 0x18D1, 0x18D1, 0x18D1, 0x18D1, 0x18B2, 0x18EE, 0x3A00, 0x3A80, 0x18D1,   // 0x02D0 (720) pixels
0x18D1, 0x1960, 0x18D2, 0x18D1, 0x18D1, 0x18D1, 0x18D1, 0x18D1, 0x18D1, 0x18D1, 0x18D1, 0x18D1, 0x18D1, 0xDB80, 0xD3E4, 0xE485,   // 0x02E0 (736) pixels
0xD3C3, 0xD3E3, 0xDC65, 0xD3C3, 0xE4C6, 0xCC63, 0x20CE, 0xC362, 0xFCE6, 0x18F1, 0x18EF, 0x3150, 0xAA40, 0xCCA6, 0xA4C6, 0xA568,   // 0x02F0 (752) pixels
0x2180, 0x4283, 0x1981, 0x1141, 0x1980, 0x1960, 0x18D1, 0x18D1, 0x18D1, 0x18D1, 0x18D1, 0x18D1, 0x18D1, 0x18D1, 0x18D1, 0x18D1,   // 0x0300 (768) pixels
0x18D1, 0x18D1, 0x18D1, 0x18D1, 0x42C2, 0x18D1, 0x18D1, 0x18D1, 0x18D1, 0x18D1, 0x18D1, 0x18D1, 0x18D1, 0x2A00, 0x2A00, 0x18EF,   // 0x0310 (784) pixels
0x18D1, 0x10D2, 0x18CF, 0x1962, 0x18D1, 0x18D1, 0x18D1, 0x18D1, 0x18D1, 0x18D1, 0x18D1, 0x18D1, 0x18D1, 0xD424, 0xE485, 0xD424,   // 0x0320 (800) pixels
0xDC44, 0xD403, 0xDC24, 0xDC65, 0xDC85, 0xCBE2, 0xAB83, 0xBB60, 0xC362, 0xDC43, 0x08F0, 0x18D1, 0x18B3, 0xD382, 0x3201, 0x10D1,   // 0x0330 (816) pixels
0x28B0, 0x19A0, 0x1140, 0x21A2, 0x18D2, 0x18CF, 0x18D1, 0x18D1, 0x18D1, 0x18D1, 0x18D1, 0x18D1, 0x18D1, 0x18D1, 0x18D1, 0x18D1,   // 0x0340 (832) pixels
0x18D1, 0x18D1, 0x18D1, 0x18D1, 0x18D1, 0x18D1, 0x18D1, 0x18D1, 0x18D1, 0x18D1, 0x18D1, 0x18D1, 0x18D1, 0x18D1, 0x18D2, 0x18B3,   // 0x0350 (848) pixels
0x1980, 0x18B2, 0x18D1, 0x18F2, 0x18D1, 0x18D1, 0x18D1, 0x18D1, 0x18D1, 0x18D1, 0x18D1, 0x18D1, 0x18D1, 0xF547, 0xE4C6, 0xF588,   // 0x0360 (864) pixels
0xED47, 0xED07, 0xE4E6, 0xE4E6, 0xED27, 0xE547, 0xD4E7, 0x3051, 0x40AD, 0x1873, 0x18D1, 0x18D1, 0x18D1, 0xCC63, 0x08F1, 0x18D1,   // 0x0370 (880) pixels
0x18D1, 0x3A26, 0x1100, 0x18B2, 0x18D1, 0x3206, 0x18B2, 0x18D1, 0x18D1, 0x18D1, 0x18D1, 0x18D1, 0x18D1, 0x18D1, 0x18D1, 0x18D1,   // 0x0380 (896) pixels
0x18D1, 0x18D1, 0x18D1, 0x18D1, 0x18D1, 0x18D1, 0x18D1, 0x18D1, 0x18D1, 0x18D1, 0x18D1, 0x18D1, 0x18D1, 0x18D1, 0x18D1, 0x18D1,   // 0x0390 (912) pixels
0x18D2, 0x7C65, 0x2A02, 0x3241, 0x6BA3, 0x18EE, 0x18D1, 0x18D1, 0x18D1, 0x18D1, 0x18D1, 0x18D1, 0x18D1, 0x18D2, 0xB4C8, 0xC549,   // 0x03A0 (928) pixels
0xCB41, 0xFD27, 0xDD47, 0xF548, 0xCD27, 0x63E2, 0x42E4, 0xED67, 0xDC03, 0x10D2, 0x18D1, 0x18D1, 0x18D1, 0x18F0, 0x10B1, 0x18D1,   // 0x03B0 (944) pixels
0x18D1, 0x31EA, 0x18D0, 0x18D0, 0x20F2, 0x18D2, 0x20CF, 0x18D1, 0x18D1, 0x18D1, 0x18D1, 0x18D1, 0x18D1, 0x18D1, 0x18D1, 0x18D1,   // 0x03C0 (960) pixels
0x18D1, 0x18D1, 0x18D1, 0x18D1, 0x18D1, 0x18D1, 0x18D1, 0x18D1, 0x18D1, 0x18D1, 0x18D1, 0x18D1, 0x18D1, 0x18D1, 0x18D1, 0x18D1,   // 0x03D0 (976) pixels
0x18D1, 0x18B3, 0x4200, 0x1981, 0x1961, 0x1980, 0x1980, 0x18D2, 0x18D1, 0x18D1, 0x18D1, 0x18D1, 0x18D1, 0x18D1, 0x18D0, 0x10D1,   // 0x03E0 (992) pixels
0x10F0, 0x1894, 0x3220, 0x3240, 0x2201, 0x8BA8, 0xAB40, 0xF587, 0x10D2, 0x18D1, 0x18D1, 0x18D1, 0x18D1, 0x18D1, 0x18D1, 0x18D1,   // 0x03F0 (1008) pixels
0x18D1, 0xADA7, 0x18EF, 0x18B0, 0x21E0, 0x18D2, 0x3A86, 0x18D1, 0x18D1, 0x18D1, 0x18D1, 0x18D1, 0x18D1, 0x18D1, 0x18D1, 0x18D1,   // 0x0400 (1024) pixels
0x18D1, 0x18D1, 0x18D1, 0x18D1, 0x18D1, 0x18D1, 0x18D1, 0x18D1, 0x18D1, 0x18D1, 0x18D1, 0x18D1, 0x18D1, 0x18D1, 0x18D1, 0x18D1,   // 0x0410 (1040) pixels
0x18D1, 0x20B1, 0x21C0, 0x1160, 0x21A1, 0x21C1, 0x1140, 0x21A3, 0x1980, 0x10EF, 0x18D1, 0x18D1, 0x18D1, 0x18D1, 0x18D1, 0x18D1,   // 0x0420 (1056) pixels
0x18D1, 0x2095, 0x3242, 0x2A21, 0x2A41, 0x29E0, 0x21C0, 0x10F0, 0x18D1, 0x18D1, 0x18D1, 0x18D1, 0x18D1, 0x18D1, 0x18D1, 0x18D1,   // 0x0430 (1072) pixels
0x18D1, 0x18D1, 0x3A20, 0x2931, 0x3A86, 0x4AA9, 0x214A, 0x4A8C, 0x2980, 0x18D0, 0x18D2, 0x10B2, 0x18D1, 0x18D1, 0x18D1, 0x18D1,   // 0x0440 (1088) pixels
0x18D1, 0x18D1, 0x18D1, 0x18D1, 0x18D1, 0x18D1, 0x18D1, 0x18D1, 0x18D1, 0x18D1, 0x18D1, 0x18D1, 0x18D1, 0x18D1, 0x18D1, 0x18D1,   // 0x0450 (1104) pixels
0x18D1, 0x10D1, 0x4A01, 0x1140, 0x1961, 0x1120, 0x1120, 0x21E0, 0x3200, 0xE507, 0x18D1, 0x18D1, 0x18D1, 0x18D1, 0x18D1, 0x18D1,   // 0x0460 (1120) pixels
0x18D1, 0x18D1, 0x1960, 0x1981, 0x19A0, 0x21A2, 0x1962, 0x18D2, 0x18D1, 0x18D1, 0x18D1, 0x18D1, 0x18D1, 0x18D1, 0x18D1, 0x18D1,   // 0x0470 (1136) pixels
0x18D1, 0x18D1, 0x18D1, 0x18D0, 0x3A86, 0x214E, 0x190B, 0x18D1, 0x18D0, 0x112D, 0x20CE, 0x18D2, 0x18D0, 0x18D1, 0x18D1, 0x18D1,   // 0x0480 (1152) pixels
0x18D1, 0x18D1, 0x18D1, 0x18D1, 0x18D1, 0x18D1, 0x18D1, 0x18D1, 0x18D1, 0x18D1, 0x18D1, 0x18D1, 0x18D1, 0x18D1, 0x18D1, 0x18D1,   // 0x0490 (1168) pixels
0x18D1, 0x18D1, 0x92E6, 0xD463, 0x1181, 0x3A84, 0x1981, 0x1981, 0x1962, 0x10D2, 0x18D1, 0x18D1, 0x18D1, 0x18D1, 0x18D1, 0x18D1,   // 0x04A0 (1184) pixels
0x18D1, 0x18D1, 0x1183, 0x1980, 0x1941, 0x1140, 0x1140, 0x08D0, 0xA48D, 0x18D1, 0x18D1, 0x18D1, 0x18D1, 0x18D1, 0x18D1, 0x18D1,   // 0x04B0 (1200) pixels
0x18D1, 0x18D1, 0x18D1, 0x18D1, 0x18D1, 0x18D3, 0x6B47, 0x5B43, 0x08CF, 0x3A86, 0x18D1, 0x18D1, 0x18D1, 0x18D1, 0x18D1, 0x18D3,   // 0x04C0 (1216) pixels
0x18D1, 0x18D1, 0x18D1, 0x18D1, 0x18D1, 0x18D1, 0x18D1, 0x18D1, 0x18D1, 0x18D1, 0x18D1, 0x18D1, 0x18D1, 0x18D1, 0x18D1, 0x18D1,   // 0x04D0 (1232) pixels
0x18D1, 0x18D1, 0x18D1, 0x72C6, 0x6AA2, 0x1960, 0x1981, 0x1140, 0x1160, 0x18D1, 0x18D1, 0x18D1, 0x18D1, 0x18D1, 0x18D1, 0x18D1,   // 0x04E0 (1248) pixels
0x18D1, 0x18D1, 0xEC87, 0x21E1, 0x2940, 0x3242, 0x18B3, 0x10B3, 0x2A03, 0x18D1, 0x18D1, 0x18D1, 0x18D1, 0x18D1, 0x18D1, 0x18D1,   // 0x04F0 (1264) pixels
0x18D1, 0x18D1, 0x18D1, 0x18D1, 0x10F2, 0xAC49, 0xFDEA, 0xF565, 0x42C0, 0x4A60, 0x18D3, 0x18D1, 0x18D1, 0x10B2, 0x18D1, 0x18D1,   // 0x0500 (1280) pixels
0x18D1, 0x18D1, 0x18D1, 0x18D1, 0x18D1, 0x18D1, 0x18D1, 0x18D1, 0x18D1, 0x18D1, 0x18D1, 0x18D1, 0x18D1, 0x18D1, 0x18D1, 0x18D1,   // 0x0510 (1296) pixels
0x18D1, 0x18D1, 0x18D1, 0xC3A5, 0x0941, 0x2A01, 0x1140, 0x18B2, 0x18D0, 0x18D1, 0x18D1, 0x18D1, 0x18D1, 0x18D1, 0x18D1, 0x18D1,   // 0x0520 (1312) pixels
0x18D1, 0x18D1, 0x2111, 0x3A20, 0x5323, 0x1120, 0x18D1, 0x18B3, 0x10D1, 0x18D1, 0x18D1, 0x18D1, 0x18D1, 0x18D1, 0x18D1, 0x18D1,   // 0x0530 (1328) pixels
0x18D1, 0x18D1, 0x18D1, 0x18D1, 0xFDC8, 0xFDC9, 0xFDE9, 0xE5A9, 0xBCC5, 0xA4C6, 0x21E1, 0x18D0, 0x18D1, 0x18D1, 0x18D1, 0x18D1,   // 0x0540 (1344) pixels
0x18D1, 0x18D1, 0x18D1, 0x18D1, 0x18D1, 0x18D1, 0x18D1, 0x18D1, 0x18D1, 0x18D1, 0x18D1, 0x18D1, 0x18D1, 0x18D1, 0x18D1, 0x18D1,   // 0x0550 (1360) pixels
0x18D1, 0x18D1, 0x18D1, 0xE465, 0x1961, 0x1120, 0x1140, 0x18D1, 0x18D1, 0x18D1, 0x18D1, 0x18D1, 0x18D1, 0x18D1, 0x18D1, 0x18D1,   // 0x0560 (1376) pixels
0x18D1, 0x18D1, 0x10F1, 0xD3E4, 0x9C86, 0x18D1, 0x18D1, 0x18D1, 0x18D1, 0x18D1, 0x18D1, 0x18D1, 0x18D1, 0x18D1, 0x18D1, 0x18D1,   // 0x0570 (1392) pixels
0x18D1, 0x18D1, 0x18D1, 0x18D1, 0x9C24, 0x9C24, 0xFD89, 0xDD69, 0xD4C5, 0x5B84, 0x21E0, 0x18B3, 0x18D1, 0x18D1, 0x18D1, 0x18D1,   // 0x0580 (1408) pixels
0x18D1, 0x18D1, 0x18D1, 0x18D1, 0x18D1, 0x18D1, 0x18D1, 0x18D1, 0x18D1, 0x18D1, 0x18D1, 0x18D1, 0x18D1, 0x18D1, 0x18D1, 0x18D1,   // 0x0590 (1424) pixels
0x18D1, 0x18D1, 0x10B2, 0xD568, 0x3242, 0x1942, 0x18B2, 0x18D1, 0x18D1, 0x18D1, 0x18D1, 0x18D1, 0x18D1, 0x18D1, 0x18D1, 0x18D1,   // 0x05A0 (1440) pixels
0x18D1, 0x18D1, 0x18D1, 0x18B2, 0x18D1, 0x18D1, 0x18D1, 0x18D1, 0x18D1, 0x18D1, 0x18D1, 0x18D1, 0x18D1, 0x18D1, 0x18D1, 0x18D1,   // 0x05B0 (1456) pixels
0x18D1, 0x18D1, 0x18D1, 0x18D1, 0x9C24, 0x10EF, 0x18D1, 0x18D1, 0x08D3, 0x5B22, 0x1980, 0x18D1, 0x18D1, 0x18D1, 0x5B22, 0x18B1,   // 0x05C0 (1472) pixels
0x18D1, 0x18D1, 0x18D1, 0x18D1, 0x18D1, 0x18D1, 0x18D1, 0x18D1, 0x18D1, 0x18D1, 0x18D1, 0x18D1, 0x18D1, 0x18D1, 0x18D1, 0x18D1,   // 0x05D0 (1488) pixels
0x18D1, 0x18D1, 0x18D2, 0xDC45, 0x51A5, 0x18D1, 0x18D1, 0x18D1, 0x18D1, 0x18D1, 0x18D1, 0x18D1, 0x18D1, 0x18D1, 0x18D1, 0x18D1,   // 0x05E0 (1504) pixels
0x18D1, 0x18D1, 0x18D1, 0x18D1, 0x18D1, 0x18D1, 0x18D1, 0x18D1, 0x18D1, 0x18D1, 0x18D1, 0x18D1, 0x18D1, 0x18D1, 0x18D1, 0x18D1,   // 0x05F0 (1520) pixels
0x18D1, 0x18D1, 0x18D1, 0x18D1, 0x18D1, 0x18D1, 0x18D1, 0x18D1, 0x18D1, 0x1053, 0x18D1, 0x18D1, 0x18D1, 0x18D2, 0x5B22, 0x10D3,   // 0x0600 (1536) pixels
0x18D1, 0x18D1, 0x18D1, 0x18D1, 0x18D1, 0x18D1, 0x18D1, 0x18D1, 0x18D1, 0x18D1, 0x18D1, 0x18D1, 0x18D1, 0x18D1, 0x18D1, 0x18D1,   // 0x0610 (1552) pixels
0x18D1, 0x18D1, 0x1091, 0xCBC2, 0x18B4, 0x18D1, 0x18D1, 0x18D1, 0x18D1, 0x18D1, 0x18D1, 0x18D1, 0x18D1, 0x18D1, 0x18D1, 0x18D1,   // 0x0620 (1568) pixels
0x18D1, 0x18D1, 0x18D1, 0x18D1, 0x18D1, 0x18D1, 0x18D1, 0x18D1, 0x18D1, 0x18D1, 0x18D1, 0x18D1, 0x20B2, 0x18D1, 0x18D1, 0x18D1,   // 0x0630 (1584) pixels
0x18D1, 0x18D1, 0x18D1, 0x18D1, 0x18D1, 0x18D1, 0x18D1, 0x18D1, 0x18D1, 0x5B22, 0x18D1, 0x18D1, 0x18D1, 0x5B22, 0x18D1, 0x18D1,   // 0x0640 (1600) pixels
0x18D1, 0x18D1, 0x18D1, 0x18D1, 0x18D1, 0x18D1, 0x18D1, 0x18D1, 0x18D1, 0x18D1, 0x18D1, 0x18D1, 0x18D1, 0x18D1, 0x18D1, 0x18D1,   // 0x0650 (1616) pixels
0x18D1, 0x18D1, 0x1110, 0x93A6, 0x18D1, 0x18D1, 0x18D1, 0x18D1, 0x18D1, 0x18D1, 0x18D1, 0x18D1, 0x18D1, 0x18D1, 0x18D1, 0x18D1,   // 0x0660 (1632) pixels
0x18D1, 0x18D1, 0x18D1, 0x18D1, 0x18D1, 0x18D1, 0x18D1, 0x18D1, 0x18D1, 0x18D1, 0x18D1, 0x18D1, 0x18D1, 0x18D1, 0x18D1, 0x18D1,   // 0x0670 (1648) pixels
0x18D1, 0x18D1, 0x18D1, 0x18D1, 0x18D1, 0x18D1, 0x18D1, 0x18D1, 0x18D1, 0x18D1, 0x18D1, 0x18D1, 0x18D1, 0x18D1, 0x18D1, 0x18D1,   // 0x0680 (1664) pixels
0x18D1, 0x18D1, 0x18D1, 0x18D1, 0x18D1, 0x18D1, 0x18D1, 0x18D1, 0x18D1, 0x18D1, 0x18D1, 0x18D1, 0x18D1, 0x18D1, 0x18D1, 0x18D1,   // 0x0690 (1680) pixels
0x18D1, 0x18D1, 0x18D1, 0x18D1, 0x18D1, 0x18D1, 0x18D1, 0x18D1, 0x18D1, 0x18D1, 0x18D1, 0x18D1, 0x18D1, 0x18D1, 0x18D1, 0x18D1,   // 0x06A0 (1696) pixels
0x18D1, 0x18D1, 0x18D1, 0x18D1, 0x18D1, 0x18D1, 0x18D1, 0x18D1, 0x18D1, 0x18D1, 0x18D1, 0x18D1, 0x18D1, 0x18D1, 0x18D1, 0x18D1,   // 0x06B0 (1712) pixels
0x18D1, 0x18D1, 0x18D1, 0x18D1, 0x18D1, 0x18D1, 0x18D1, 0x18D1, 0x18D1, 0x18D1, 0x18D1, 0x18D1, 0x18D1, 0x18D1, 0x18D1, 0x18D1,   // 0x06C0 (1728) pixels
0x18D1, 0x18D1, 0x18D1, 0x18D1, 0x18D1, 0x18D1, 0x18D1, 0x18D1, 0x18D1, 0x18D1, 0x18D1, 0x18D1, 0x18D1, 0x18D1, 0x18D1, 0x18D1,   // 0x06D0 (1744) pixels
0x18D1, 0x18D1, 0x18D1, 0x18D1, 0x1092, 0x18D1, 0x18D1, 0x18D1, 0x18D1, 0x18D1, 0x18D1, 0x18D1, 0x18D1, 0x18D1, 0x18D1, 0x18D1,   // 0x06E0 (1760) pixels
0x18D1, 0x18D1, 0x18D1, 0x18D1, 0x18D1, 0x18D1, 0x18D1, 0x18D1, 0x18D1, 0x18D4, 0x10B2, 0x18D1, 0x18D1, 0x18D1, 0x18D2, 0x18F2,   // 0x06F0 (1776) pixels
0x10EF, 0x2113, 0x18D3, 0x18F1, 0x10D1, 0x18D2, 0x10B2, 0x18F1, 0x10CF, 0x10B1, 0x18D1, 0x18D1, 0x18D1, 0x18D1, 0x18D1, 0x18D1,   // 0x0700 (1792) pixels
0x18D1, 0x18D1, 0x18D1, 0x18D1, 0x18D1, 0x18D1, 0x18D1, 0x18D1, 0x18D1, 0x18D1, 0x18D1, 0x18D1, 0x18D1, 0x18D1, 0x18D2, 0x18D1,   // 0x0710 (1808) pixels
0x18D1, 0x18D1, 0x18D1, 0x9D16, 0x8C52, 0x18D0, 0x18D1, 0x18D1, 0x18D1, 0x18D1, 0x18D1, 0x18D1, 0x18D1, 0x1911, 0x18F3, 0x18D1,   // 0x0720 (1824) pixels
0x10CF, 0x4252, 0x52D2, 0x4A90, 0x10AB, 0x8C97, 0x6330, 0x9CF5, 0xA4F7, 0xA535, 0x94D3, 0x9495, 0x18F2, 0x94B6, 0xA4F5, 0x9CD4,   // 0x0730 (1840) pixels
0x94D4, 0x9CD5, 0x9CD6, 0x8C54, 0x8C53, 0xA536, 0xAD96, 0x94D4, 0x9CF5, 0xA536, 0x9CB4, 0x9D13, 0x8C97, 0x088D, 0x18D1, 0x18D1,   // 0x0740 (1856) pixels
0x18D1, 0x18D1, 0x18D1, 0x18D1, 0x10B1, 0x18D2, 0x6B74, 0x94D6, 0x94D3, 0x9CF4, 0x94D3, 0x94B4, 0x94B3, 0x8452, 0x94D2, 0x8C72,   // 0x0750 (1872) pixels
0x8434, 0x8C54, 0x8C34, 0x94B6, 0x18D0, 0x18D2, 0x18D1, 0x10B2, 0x18D1, 0x18F3, 0x18D3, 0x18CF, 0x39F1, 0x9CD4, 0x94B4, 0x9CF5,   // 0x0760 (1888) pixels
0x94B4, 0x9CD4, 0xA514, 0xA534, 0xA535, 0x9CD4, 0x9CD5, 0x94D4, 0x9CD4, 0x9CB4, 0x8432, 0x7BF1, 0x94B5, 0x9494, 0xA515, 0x94D4,   // 0x0770 (1904) pixels
0x94D4, 0x8C74, 0x8C53, 0x9CD4, 0xAD76, 0xAD55, 0x9CD4, 0x8C93, 0x9CD5, 0x94D5, 0x9CD5, 0x9CD5, 0x9CB5, 0x10B2, 0x18D2, 0x18D1,   // 0x0780 (1920) pixels
0x18D1, 0x18D1, 0x18D1, 0x18D1, 0x7BF9, 0x83F7, 0x7C12, 0x94B4, 0x9CD5, 0x9CD4, 0x94B4, 0x8C72, 0x8432, 0x9493, 0x94B4, 0x94B3,   // 0x0790 (1936) pixels
0x9493, 0x7BF1, 0x8412, 0x6B92, 0x18EF, 0x10B1, 0x1072, 0x18D1, 0x10AD, 0x8473, 0x8432, 0x8432, 0x94B4, 0x9493, 0x94B4, 0x94B4,   // 0x07A0 (1952) pixels
0x94D5, 0x94B4, 0x9CB4, 0x94B4, 0x94B4, 0x94D4, 0x94B4, 0x94B4, 0x94B4, 0x94B4, 0x9CD5, 0x94B3, 0x94B4, 0x9CD4, 0x8C52, 0x9493,   // 0x07B0 (1968) pixels
0x94B3, 0x94B4, 0x94B4, 0x94D4, 0x94B4, 0x94B4, 0x9CD4, 0x94B3, 0x94B3, 0x94B4, 0x94D4, 0x94B4, 0x8491, 0x10B0, 0x10F0, 0x18D2,   // 0x07C0 (1984) pixels
0x9493, 0x94B2, 0x9494, 0x9493, 0x9495, 0x9475, 0x9493, 0x94B3, 0x94B3, 0x94B3, 0x94B3, 0x94B3, 0x9493, 0x9493, 0x9493, 0x94B3,   // 0x07D0 (2000) pixels
0x94B3, 0x9493, 0x9493, 0x94B3, 0x9493, 0x94B3, 0x9493, 0x9493, 0x9493, 0x9493, 0x9493, 0x8C52, 0x9493, 0x9493, 0x9493, 0x9493,   // 0x07E0 (2016) pixels
0x9493, 0x8C73, 0x9493, 0x9493, 0x8C52, 0x8C32, 0x8431, 0x9493, 0x94B4, 0x94B3, 0x9CD4, 0x9493, 0x9493, 0x9493, 0x9CD4, 0x94B4,   // 0x07F0 (2032) pixels
0x94B3, 0x9CD4, 0x9CD4, 0x9493, 0x8C73, 0x9493, 0x94B4, 0x9CB4, 0x94B4, 0x94B4, 0x9494, 0x9CB4, 0x9494, 0x8412, 0x9CD3, 0x9493,   // 0x0800 (2048) pixels
};

const unsigned short Icy[2048] PROGMEM={
0xCF5F, 0xCF5F, 0xCF5F, 0xCF5F, 0xCF3F, 0xCF5F, 0xD75F, 0xCF5F, 0xCF5F, 0xCF5F, 0xCF5F, 0xCF5F, 0xCF5F, 0xCF5F, 0xD75F, 0xCF5F,   // 0x0010 (16) pixels
0xD77F, 0xCF5F, 0xCF5F, 0xCF3F, 0xCF3F, 0xCF5F, 0xCF5F, 0xCF5F, 0xCF5F, 0xD75F, 0xCF5F, 0xCF3F, 0xCF3F, 0xCF5F, 0xD75F, 0xD75F,   // 0x0020 (32) pixels
0xD75F, 0xD75F, 0xD75F, 0xCF5F, 0xCF3F, 0xCF5F, 0xD75F, 0xCF5F, 0xCF5F, 0xCF5F, 0xCF5F, 0xCF3F, 0xCF3F, 0xCF5F, 0xCF5F, 0xCF5F,   // 0x0030 (48) pixels
0xCF5F, 0xCF5F, 0xCF5F, 0xCF5F, 0xCF5F, 0xCF5F, 0xCF5F, 0xCF5F, 0xCF5F, 0xD75F, 0xCF5F, 0xCF3F, 0xCF5F, 0xCF5F, 0xCF5F, 0xCF5F,   // 0x0040 (64) pixels
0xCF5F, 0xCF5F, 0xCF5F, 0xCF3F, 0xCF3F, 0xCF5F, 0xCF5F, 0xCF5F, 0xCF5F, 0xCF5F, 0xCF5F, 0xCF5F, 0xD75F, 0xD77F, 0xC73E, 0xD77F,   // 0x0050 (80) pixels
0x659D, 0x6D9C, 0x5D7D, 0x655B, 0x8E3D, 0x75DD, 0x7E1F, 0x655B, 0x657C, 0x657C, 0x7DDD, 0x965E, 0xA65D, 0x8E1D, 0xCF5F, 0xCF5F,   // 0x0060 (96) pixels
0xD75F, 0xD75F, 0xD75F, 0xC73F, 0xCF5F, 0xCF5F, 0xCF5F, 0xCF5F, 0xCF3F, 0xD75F, 0xBEFE, 0xCF5F, 0xCF3F, 0xCF5F, 0xCF5F, 0xCF5F,   // 0x0070 (112) pixels
0xD77F, 0xD77F, 0xD77F, 0xCF3F, 0xCF3F, 0xCF5F, 0xCF5F, 0xCF5F, 0xCF5F, 0xCF5F, 0xCF5F, 0xCF3F, 0xCF3F, 0xCF5F, 0xCF5F, 0xCF5F,   // 0x0080 (128) pixels
0xCF5F, 0xCF5F, 0xCF5F, 0xCF5F, 0xCF5F, 0xCF5F, 0xCF5F, 0xCF5F, 0xD77F, 0xD75F, 0xBF3F, 0x6D7D, 0x5D1B, 0xBF5F, 0x653B, 0xCF3F,   // 0x0090 (144) pixels
0xC75F, 0x95FB, 0xD77F, 0xC73F, 0xD77F, 0xA69E, 0x657C, 0x657C, 0x657C, 0x657C, 0x657C, 0x657C, 0x95BA, 0xD77F, 0xCF5F, 0xD77F,   // 0x00A0 (160) pixels
0xD77F, 0xD77F, 0xD77F, 0xCF7F, 0xCF3F, 0xCF5F, 0xD77F, 0xCF5F, 0xD75F, 0xD77F, 0x85DC, 0x963D, 0xCF3F, 0xCF5F, 0xC71F, 0xD77F,   // 0x00B0 (176) pixels
0x8E1D, 0x6D3A, 0x5D5C, 0x75BD, 0xC71E, 0xD77F, 0xCF5F, 0xCF5F, 0x7D9B, 0x8E1D, 0xD79F, 0xCF5F, 0xCF5F, 0xCF5F, 0xCF5F, 0xCF5F,   // 0x00C0 (192) pixels
0xC75F, 0xCF3F, 0xCF3F, 0x755B, 0x655C, 0x6D9D, 0xC6FE, 0xCF3F, 0x5D1B, 0xCEFE, 0xCF5F, 0x9E9F, 0x655C, 0x655B, 0xD71F, 0x7D9B,   // 0x00D0 (208) pixels
0x9E3E, 0x6D5B, 0x659C, 0x6D5B, 0xC73F, 0xCF3F, 0x863E, 0x657C, 0x657C, 0x657C, 0x657C, 0x8DDC, 0xCF3F, 0xCF3F, 0xCF3F, 0xCF3F,   // 0x00E0 (224) pixels
0xCF3F, 0xCF3F, 0xCF3F, 0xBEDE, 0x8E7F, 0xAEBE, 0xCF3F, 0xCF3F, 0xCF3F, 0xC71E, 0x8DDC, 0xC71F, 0x6D7B, 0x6D7D, 0x655B, 0x657C,   // 0x00F0 (240) pixels
0x657C, 0x657C, 0x655C, 0x657C, 0x6D5C, 0x657C, 0x6D7C, 0x655B, 0x6D9D, 0x659C, 0x655B, 0x5D5C, 0xCF5F, 0xCF5F, 0xC71E, 0xD75F,   // 0x0100 (256) pixels
0xD77F, 0xCF1E, 0x755A, 0x6DBD, 0x657C, 0x657C, 0x657C, 0x657C, 0x657C, 0x657C, 0x6D7D, 0x655B, 0x657C, 0x657C, 0x657C, 0x657C,   // 0x0110 (272) pixels
0xB69D, 0xBF7F, 0x6D5B, 0x657C, 0xCF3F, 0xCF5F, 0xCF7F, 0x657C, 0x655B, 0xCF1E, 0xCF3F, 0xCF5F, 0x5D7D, 0x961C, 0xCF5F, 0xCF3F,   // 0x0120 (288) pixels
0xCF3F, 0xD77F, 0x85FD, 0x6D9D, 0x75BC, 0x6D5B, 0x961C, 0x657C, 0x657C, 0x657C, 0x657C, 0x657C, 0x657C, 0x657C, 0x657C, 0x657C,   // 0x0130 (304) pixels
0x657C, 0x657C, 0x657C, 0x657C, 0x657C, 0x657C, 0x657C, 0x657C, 0x657C, 0x657C, 0x657C, 0x657C, 0x6D7C, 0x657C, 0x657C, 0x863F,   // 0x0140 (320) pixels
0xCF5F, 0xCF5F, 0xD79F, 0x759C, 0x6D7C, 0xD77F, 0xCF1E, 0x85FD, 0x6D7C, 0x657C, 0x657C, 0x6D3C, 0x657C, 0x657C, 0x657C, 0xCF5F,   // 0x0150 (336) pixels
0xCF5F, 0xCF5F, 0x657C, 0x651A, 0x657B, 0xCF5F, 0xCF5F, 0xCF7F, 0xCF5F, 0xCF5F, 0xCF5F, 0xCF3F, 0xCF3F, 0xCF5F, 0xCF5F, 0xC6FE,   // 0x0160 (352) pixels
0xCF5F, 0x6D7D, 0x657C, 0xD77F, 0x6D5A, 0x6D7C, 0x657C, 0x657C, 0x657C, 0x657C, 0x657C, 0x657C, 0x657C, 0x657C, 0x657C, 0x657C,   // 0x0170 (368) pixels
0x657C, 0x657C, 0x657C, 0x657C, 0x657C, 0x657C, 0x657C, 0x657C, 0x657C, 0xA6BF, 0xC73F, 0xA63C, 0x7E3F, 0xCF3F, 0xDF3E, 0xD77F,   // 0x0180 (384) pixels
0xCF5F, 0xD75F, 0xD79F, 0xCF5F, 0xCF5F, 0xCF5F, 0xCF5F, 0xCF5F, 0x85FC, 0x6D9D, 0x657C, 0x657C, 0x657C, 0x657C, 0xD79F, 0x657C,   // 0x0190 (400) pixels
0x657C, 0xAEDE, 0x657C, 0x657C, 0x655B, 0x6D7B, 0xCF3F, 0xCF5F, 0xCF5F, 0xD75F, 0xCF5F, 0xCF5F, 0xCF5F, 0xCF5F, 0x655B, 0x6D5B,   // 0x01A0 (416) pixels
0xCF3F, 0x7DBB, 0x8E3E, 0x6D9D, 0x657C, 0x6D7C, 0x657C, 0x657C, 0x655C, 0x657C, 0x657C, 0x657C, 0x657C, 0x655B, 0x659C, 0x657C,   // 0x01B0 (432) pixels
0x6D7C, 0x6D7C, 0x7DDD, 0x655B, 0x657C, 0x7DDD, 0x5D3B, 0x657C, 0x757B, 0x9E7E, 0xCF5F, 0xCF5F, 0xCF3F, 0xCF5F, 0xCF5F, 0xCF5F,   // 0x01C0 (448) pixels
0xD75F, 0xCF5F, 0xCF5F, 0xCF3F, 0xCF5F, 0xCF5F, 0xD75F, 0xCF5F, 0xD75F, 0xD75E, 0x75DE, 0x655C, 0x655C, 0x655C, 0x657C, 0x6D7C,   // 0x01D0 (464) pixels
0xCF3E, 0x657C, 0x657C, 0x85FD, 0xBF1F, 0xA69D, 0x8E5F, 0xCF5F, 0xCF5F, 0xCF5F, 0xCF5F, 0xCF3F, 0xCF3F, 0xCF5F, 0xCF5F, 0x75BC,   // 0x01E0 (480) pixels
0x657C, 0x861E, 0x5D5B, 0x759C, 0x861E, 0x659D, 0x65BD, 0x657C, 0x7DBD, 0x655C, 0x655C, 0x657C, 0x657C, 0x5D7C, 0x655C, 0x759D,   // 0x01F0 (496) pixels
0x6D7C, 0x657C, 0x6D7C, 0x655C, 0x6D9C, 0x657C, 0x6D9C, 0x7DFE, 0x6D9D, 0xD77F, 0xCF5F, 0xCF5F, 0xCF5F, 0xCF5F, 0xCF5F, 0xCF5F,   // 0x0200 (512) pixels
0xCF5F, 0xCF5F, 0xCF5F, 0xCF3F, 0xCF3F, 0xCF5F, 0xD75F, 0xCF5F, 0xCF5F, 0xCF5F, 0x657C, 0x657C, 0x657C, 0x657C, 0x657C, 0x657C,   // 0x0210 (528) pixels
0xE7DF, 0xB71F, 0x655B, 0xD77F, 0xD73E, 0xCF5F, 0xCF5F, 0xCF5F, 0xCF5F, 0xD75F, 0xCF5F, 0xCF3F, 0xCF3F, 0xCF5F, 0x7DFE, 0x655C,   // 0x0220 (544) pixels
0x85FD, 0xCF7F, 0x759A, 0x7DDD, 0x657C, 0xD75E, 0xD77F, 0x651A, 0x655B, 0x965D, 0x7D9B, 0x655B, 0x7DDD, 0x553A, 0x659D, 0x657C,   // 0x0230 (560) pixels
0x657C, 0x759C, 0x659C, 0x75BC, 0x6D7C, 0x657C, 0x657C, 0xCF5F, 0xDF9F, 0x8DDA, 0xD75F, 0xCF3F, 0xCF5F, 0xCF5F, 0xCF5F, 0xCF5F,   // 0x0240 (576) pixels
0xCF5F, 0xCF5F, 0xCF5F, 0xCF3F, 0xCF3F, 0xCF5F, 0xCF5F, 0xCF5F, 0xCF5F, 0xCF5F, 0x6D9D, 0x657C, 0x657C, 0x657C, 0x657C, 0x657C,   // 0x0250 (592) pixels
0x657C, 0x657C, 0xCF5F, 0xCF5F, 0xCF3F, 0xCF5F, 0xCF5F, 0xCF5F, 0xCF5F, 0xD75F, 0xCF5F, 0xCF3F, 0xCF3F, 0xCF5F, 0xBF5F, 0x9E3C,   // 0x0260 (608) pixels
0xA6BE, 0x965E, 0xB71F, 0xCF3F, 0xC6FE, 0x96BF, 0x861E, 0x7DDD, 0x6D7C, 0x8E1D, 0x6D9C, 0x75BD, 0x655B, 0x85FC, 0x657C, 0x657C,   // 0x0270 (624) pixels
0x657C, 0x657C, 0x657C, 0x657C, 0x657C, 0x6D7C, 0x759B, 0xDF7F, 0x7DBC, 0xD77F, 0xCF5F, 0xCF3F, 0xCF3F, 0xCF5F, 0xCF5F, 0xCF5F,   // 0x0280 (640) pixels
0xD75F, 0xCF5F, 0xCF5F, 0xCF3F, 0xCF5F, 0xCF5F, 0xD75F, 0xCF5F, 0xCF5F, 0xD75F, 0xD75F, 0x651A, 0x6D7C, 0x653B, 0x657C, 0x657C,   // 0x0290 (656) pixels
0x757A, 0x6D7B, 0xD77F, 0xCF5F, 0xCF3F, 0xD75F, 0xCF5F, 0xD77F, 0xCF5F, 0xD75F, 0xCF5F, 0xCF5F, 0xCF3F, 0xCF5F, 0x5D5B, 0x6D7C,   // 0x02A0 (672) pixels
0x657C, 0x6DBD, 0x655C, 0xC6FE, 0x6DDE, 0x651A, 0x655B, 0x7DFE, 0x7DBC, 0x657C, 0x657C, 0x6D7C, 0x657C, 0x6DBD, 0x6D7C, 0x657C,   // 0x02B0 (688) pixels
0x657C, 0x657C, 0x657C, 0x657C, 0x657C, 0x75BC, 0xCF5F, 0xC75F, 0xCF5F, 0xD75F, 0xCF5F, 0xCF5F, 0xCF5F, 0xCF5F, 0xCF5F, 0xCF5F,   // 0x02C0 (704) pixels
0xCF3F, 0xCF3F, 0xCF3F, 0xC71F, 0xCF3F, 0xCF3F, 0xCF3F, 0xCF3F, 0xCF3F, 0xCF3F, 0xCF3F, 0xCF3F, 0xCF3F, 0x659D, 0x659D, 0xCF3F,   // 0x02D0 (720) pixels
0xCF5F, 0x5D1B, 0xCF5F, 0xCF3F, 0xCF3F, 0xCF3F, 0xCF3F, 0xCF3F, 0xCF3F, 0xCF5F, 0xCF3F, 0xCF3F, 0xC71E, 0x6D7B, 0x653B, 0x6D7C,   // 0x02E0 (736) pixels
0x657C, 0x6D9D, 0x6D9D, 0x657C, 0x759C, 0x657C, 0xC75F, 0x657C, 0x657C, 0xC75F, 0xAEDF, 0x9E7E, 0x757B, 0x6D7C, 0x657C, 0x657C,   // 0x02F0 (752) pixels
0x6DBD, 0x7DFD, 0x659C, 0x657C, 0x655B, 0xC73F, 0xCF3F, 0xCF3F, 0xCF3F, 0xCF5F, 0xCF3F, 0xCF3F, 0xC71F, 0xCF3F, 0xCF3F, 0xCF3F,   // 0x0300 (768) pixels
0xCF3F, 0xCF3F, 0xCF3F, 0xCF3F, 0xAEDF, 0xCF3F, 0xCF5F, 0xCF3F, 0xCF3F, 0xCF3F, 0xCF3F, 0xCF3F, 0xC73F, 0x651B, 0x655B, 0xCF3F,   // 0x0310 (784) pixels
0xBF3F, 0xCF3F, 0xBF1F, 0x5D1B, 0xCF3F, 0xCF3F, 0xCF3F, 0xCF3F, 0xCF3F, 0xCF5F, 0xCF3F, 0xCF3F, 0xCF1F, 0x657C, 0x657C, 0x657C,   // 0x0320 (800) pixels
0x7DDD, 0x657C, 0x6D9C, 0x657C, 0x6D9C, 0x657C, 0x651A, 0x6DBD, 0x657C, 0x75BD, 0xCF1E, 0xCF3F, 0xC71E, 0x655C, 0x657C, 0xCF5F,   // 0x0330 (816) pixels
0xC73F, 0x7DDD, 0x85DD, 0x85FE, 0xCF3F, 0xCF3F, 0xCF3F, 0xCF3F, 0xCF3F, 0xCF3F, 0xCF3F, 0xCF3F, 0xCF3F, 0xCF3F, 0xCF3F, 0xCF3F,   // 0x0340 (832) pixels
0xD77F, 0xCF5F, 0xCF5F, 0xCF5F, 0xCF5F, 0xCF5F, 0xD77F, 0xCF5F, 0xD75F, 0xD75F, 0xD77F, 0xCF5F, 0xCF5F, 0xD77F, 0xCF5F, 0xD77F,   // 0x0350 (848) pixels
0x655B, 0xD73E, 0xCF5F, 0xCF5F, 0xCF3F, 0xCF5F, 0xD75F, 0xD77F, 0xD77F, 0xD77F, 0xCF5F, 0xCF5F, 0xCF5F, 0x655C, 0x657C, 0x75BD,   // 0x0360 (864) pixels
0x657D, 0x657C, 0x651A, 0x657C, 0x657C, 0x657C, 0x863E, 0xD75F, 0x657C, 0xCF3F, 0xD77F, 0xCF5F, 0xCF5F, 0x6D5B, 0xCF7F, 0xCF5F,   // 0x0370 (880) pixels
0xCF7F, 0x859B, 0x7DFE, 0xCF7F, 0xCF5F, 0xA63B, 0xD75F, 0xD75F, 0xCF5F, 0xD75F, 0xCF5F, 0xCF5F, 0xCF5F, 0xCF5F, 0xCF5F, 0xD77F,   // 0x0380 (896) pixels
0xCF5F, 0xCF5F, 0xCF5F, 0xCF3F, 0xCF3F, 0xCF5F, 0xCF5F, 0xCF5F, 0xCF5F, 0xCF5F, 0xCF5F, 0xCF3F, 0xCF3F, 0xCF5F, 0xCF5F, 0xCF5F,   // 0x0390 (912) pixels
0xD75F, 0x7DFE, 0x657C, 0x6D7D, 0x657C, 0xB6DE, 0xCF5F, 0xCF5F, 0xCF5F, 0xCF5F, 0xCF5F, 0xCF3F, 0xCF3F, 0xCF3E, 0x8E1D, 0x7DFD,   // 0x03A0 (928) pixels
0x75BD, 0x655B, 0x5D3B, 0x653B, 0x6D5B, 0x657C, 0x657C, 0x657C, 0x7DFD, 0xCF5F, 0xCF5F, 0xCF3F, 0xCF3F, 0xD75F, 0xC75F, 0xCF5F,   // 0x03B0 (944) pixels
0xCF5F, 0xA67D, 0xCF3E, 0xCF3F, 0xCF3F, 0xD75E, 0xCFDF, 0xCF5F, 0xCF5F, 0xD75F, 0xCF5F, 0xCF3F, 0xCF5F, 0xCF5F, 0xCF5F, 0xCF5F,   // 0x03C0 (960) pixels
0xD75F, 0xCF5F, 0xCF5F, 0xCF3F, 0xCF5F, 0xCF5F, 0xCF5F, 0xCF5F, 0xCF5F, 0xCF5F, 0xD75F, 0xCF5F, 0xCF5F, 0xD77F, 0xCF5F, 0xCF5F,   // 0x03D0 (976) pixels
0xCF5F, 0xCF5F, 0x657C, 0x655C, 0x653B, 0x653A, 0x6D7B, 0xCF5F, 0xCF5F, 0xD77F, 0xCF5F, 0xCF5F, 0xCF3F, 0xCF5F, 0xD77F, 0xCF5F,   // 0x03E0 (992) pixels
0xD75F, 0xD79F, 0x657C, 0x657C, 0x6D9D, 0x7DDD, 0x657C, 0x657C, 0xD73E, 0xCF5F, 0xD75F, 0xCF5F, 0xCF3F, 0xD75F, 0xCF5F, 0xCF5F,   // 0x03F0 (1008) pixels
0xCF5F, 0x655C, 0xCF5F, 0xC71D, 0x861E, 0xCF5F, 0xCF5F, 0xCF5F, 0xCF5F, 0xD75F, 0xCF5F, 0xCF5F, 0xCF5F, 0xCF5F, 0xCF5F, 0xCF5F,   // 0x0400 (1024) pixels
0xD75F, 0xCF5F, 0xCF5F, 0xCF3F, 0xCF5F, 0xCF5F, 0xCF5F, 0xCF5F, 0xCF5F, 0xCF5F, 0xCF5F, 0xCF5F, 0xCF3F, 0xCF5F, 0xCF5F, 0xCF5F,   // 0x0410 (1040) pixels
0xCF5F, 0xD77F, 0x657C, 0x85FD, 0x657C, 0x657C, 0x657C, 0x6D7C, 0x963D, 0xD77F, 0xCF5F, 0xCF5F, 0xCF3F, 0xCF5F, 0xCF5F, 0xCF5F,   // 0x0420 (1056) pixels
0xD75F, 0xDF9F, 0x6D7B, 0x655B, 0x657C, 0x961C, 0x759C, 0xCF3F, 0xCF5F, 0xCF5F, 0xCF5F, 0xCF5F, 0xCF5F, 0xCF5F, 0xCF5F, 0xCF5F,   // 0x0430 (1072) pixels
0xCF5F, 0xCF5F, 0x657C, 0xCF3F, 0x659D, 0xAEFF, 0xCF7F, 0xA67F, 0x6D9C, 0xD75F, 0xD75F, 0xC73F, 0xCF3F, 0xCF5F, 0xCF5F, 0xCF5F,   // 0x0440 (1088) pixels
0xCF5F, 0xCF5F, 0xCF5F, 0xCF3F, 0xCF3F, 0xCF5F, 0xCF5F, 0xCF5F, 0xCF5F, 0xCF5F, 0xCF5F, 0xCF3F, 0xCF3F, 0xCF5F, 0xCF5F, 0xCF5F,   // 0x0450 (1104) pixels
0xCF5F, 0xD75F, 0x6D7C, 0x657C, 0x657C, 0x657C, 0x657C, 0x657C, 0x657C, 0x657C, 0xCF5F, 0xCF3F, 0xCF3F, 0xCF5F, 0xCF5F, 0xCF5F,   // 0x0460 (1120) pixels
0xCF5F, 0xCF5F, 0x655B, 0x6D5B, 0x657C, 0xAEBF, 0x6D7C, 0xCF5F, 0xCF5F, 0xCF5F, 0xCF5F, 0xCF3F, 0xCF3F, 0xCF5F, 0xCF5F, 0xCF5F,   // 0x0470 (1136) pixels
0xCF5F, 0xCF5F, 0xD75F, 0xC75F, 0x9E3D, 0xA67E, 0xAE9D, 0xD75F, 0xAEDF, 0x861C, 0xD77F, 0xCF3F, 0xCF5F, 0xCF5F, 0xCF5F, 0xCF5F,   // 0x0480 (1152) pixels
0xCF5F, 0xCF3F, 0xCF5F, 0xCF5F, 0xCF5F, 0xCF5F, 0xCF5F, 0xCF5F, 0xD77F, 0xCF5F, 0xCF5F, 0xCF5F, 0xCF5F, 0xD77F, 0xCF5F, 0xD75F,   // 0x0490 (1168) pixels
0xD77F, 0xCF5F, 0x5D5C, 0x6DBC, 0x657C, 0x657C, 0x657C, 0x657C, 0x657C, 0xCF5F, 0xD77F, 0xCF5F, 0xCF5F, 0xCF5F, 0xCF5F, 0xD77F,   // 0x04A0 (1184) pixels
0xD77F, 0xD75F, 0x655B, 0x657C, 0x659C, 0x6D7C, 0x657C, 0xCF7F, 0xAEDF, 0xD77F, 0xD77F, 0xCF5F, 0xCF5F, 0xCF5F, 0xD77F, 0xD77F,   // 0x04B0 (1200) pixels
0xCF5F, 0xCF5F, 0xD77F, 0xCF5F, 0xCF5F, 0xCF5F, 0x6D7B, 0x6D7C, 0xDF7F, 0x6D9C, 0xCF5F, 0xCF5F, 0xCF5F, 0xD77F, 0xCF5F, 0xCF5F,   // 0x04C0 (1216) pixels
0xCF3F, 0xCF5F, 0xCF3F, 0xCF3F, 0xCF3F, 0xCF3F, 0xCF5F, 0xCF3F, 0xCF3F, 0xCF3F, 0xCF3F, 0xCF3F, 0xCF3F, 0xCF3F, 0xCF3F, 0xCF3F,   // 0x04D0 (1232) pixels
0xCF5F, 0xCF3F, 0xCF5F, 0xAE5F, 0x657C, 0x759C, 0x657C, 0x657C, 0x657C, 0xCF5F, 0xCF3F, 0xCF3F, 0xCF3F, 0xCF3F, 0xCF3F, 0xCF5F,   // 0x04E0 (1248) pixels
0xCF5F, 0xCF3F, 0x657C, 0x657C, 0x6D9D, 0x657C, 0xCF3F, 0xCF7F, 0x659D, 0xCF3F, 0xC73F, 0xC71F, 0xCF3F, 0xCF3F, 0xCF3F, 0xCF3F,   // 0x04F0 (1264) pixels
0xCF3F, 0xCF3F, 0xCF3F, 0xCF3F, 0xC73F, 0x961D, 0x657C, 0x657C, 0x657C, 0x657C, 0xCF7F, 0xCF3F, 0xCF3F, 0xCF1F, 0xCF5F, 0xCF3F,   // 0x0500 (1280) pixels
0xCF3F, 0xCF3F, 0xCF3F, 0xC71E, 0xCF3F, 0xCF3F, 0xCF3F, 0xCF3F, 0xCF3F, 0xCF3F, 0xCF3F, 0xC71F, 0xC71F, 0xCF3F, 0xCF3F, 0xCF3F,   // 0x0510 (1296) pixels
0xCF3F, 0xCF3F, 0xCF3F, 0x6D9C, 0x6D7C, 0x655B, 0x6D7B, 0xC77F, 0xD75F, 0xCF3F, 0xCF3F, 0xC71F, 0xC71E, 0xCF3F, 0xCF3F, 0xCF3F,   // 0x0520 (1312) pixels
0xCF3F, 0xCF3F, 0xD73E, 0x75DD, 0x757C, 0x657C, 0xCF3F, 0xCF5F, 0xC73F, 0xCF3F, 0xCF3F, 0xCF3F, 0xC71F, 0xCF3F, 0xCF3F, 0xCF3F,   // 0x0530 (1328) pixels
0xCF3F, 0xCF3F, 0xCF3F, 0xC73F, 0x6DBD, 0x657C, 0x657C, 0x657C, 0x657C, 0x657C, 0x655B, 0xCF3F, 0xCF1F, 0xCF5F, 0xCF3F, 0xCF3F,   // 0x0540 (1344) pixels
0xD75F, 0xCF5F, 0xCF5F, 0xCF5F, 0xCF5F, 0xCF5F, 0xD75F, 0xCF5F, 0xD75F, 0xCF5F, 0xD75F, 0xCF5F, 0xCF5F, 0xCF5F, 0xD75F, 0xCF5F,   // 0x0550 (1360) pixels
0xD77F, 0xCF5F, 0xCF5F, 0x8DFC, 0x657C, 0x655B, 0x655C, 0xD77F, 0xCF5F, 0xD75F, 0xCF5F, 0xCF5F, 0xCF3F, 0xCF5F, 0xD75F, 0xD75F,   // 0x0560 (1376) pixels
0xD75F, 0xD77F, 0xD77F, 0x6D7C, 0x657C, 0xB71F, 0xD75F, 0xCF5F, 0xD75F, 0xD75F, 0xD75F, 0xCF3F, 0xCF5F, 0xD77F, 0xCF5F, 0xD77F,   // 0x0570 (1392) pixels
0xD75F, 0xD75F, 0xCF5F, 0xCF5F, 0x85FC, 0x657C, 0x657C, 0x657D, 0x657C, 0x657C, 0x6D7B, 0xCF3F, 0xCF5F, 0xCF5F, 0xCF5F, 0xD75F,   // 0x0580 (1408) pixels
0xCF5F, 0xCF5F, 0xCF5F, 0xCF3F, 0xCF3F, 0xCF5F, 0xCF5F, 0xCF5F, 0xCF5F, 0xCF5F, 0xCF5F, 0xCF3F, 0xCF3F, 0xCF5F, 0xCF5F, 0xCF5F,   // 0x0590 (1424) pixels
0xCF5F, 0xCF5F, 0xD77F, 0x759C, 0x657C, 0x5D7C, 0xD73E, 0xCF5F, 0xCF5F, 0xCF5F, 0xCF5F, 0xCF3F, 0xCF3F, 0xCF5F, 0xCF5F, 0xCF5F,   // 0x05A0 (1440) pixels
0xCF5F, 0xCF5F, 0xCF5F, 0xCF5F, 0xCF3F, 0xCF5F, 0xCF5F, 0xCF5F, 0xCF5F, 0xCF5F, 0xCF5F, 0xCF3F, 0xCF3F, 0xCF5F, 0xCF5F, 0xCF5F,   // 0x05B0 (1456) pixels
0xCF5F, 0xCF5F, 0xCF5F, 0xCF3F, 0x85FC, 0xCF5F, 0xCF5F, 0xCF5F, 0xCF7F, 0x657C, 0x657D, 0xCF3F, 0xCF3F, 0xCF5F, 0x5D1B, 0xCF5F,   // 0x05C0 (1472) pixels
0xCF5F, 0xCF5F, 0xCF5F, 0xCF3F, 0xCF3F, 0xCF5F, 0xCF5F, 0xCF5F, 0xD75F, 0xCF5F, 0xCF5F, 0xCF3F, 0xCF3F, 0xCF5F, 0xCF5F, 0xCF5F,   // 0x05D0 (1488) pixels
0xCF5F, 0xCF5F, 0xD73E, 0x657D, 0x9E9F, 0xCF5F, 0xCF5F, 0xCF5F, 0xCF5F, 0xCF5F, 0xCF5F, 0xCF3F, 0xCF3F, 0xCF5F, 0xCF5F, 0xD75F,   // 0x05E0 (1504) pixels
0xD75F, 0xCF5F, 0xCF5F, 0xCF3F, 0xCF3F, 0xCF5F, 0xD75F, 0xCF5F, 0xCF5F, 0xCF5F, 0xCF5F, 0xCF3F, 0xCF3F, 0xCF5F, 0xCF5F, 0xCF5F,   // 0x05F0 (1520) pixels
0xCF5F, 0xCF5F, 0xCF5F, 0xCF5F, 0xCF3F, 0xCF5F, 0xCF5F, 0xD75F, 0xCF5F, 0xD75F, 0xCF5F, 0xCF3F, 0xCF5F, 0xCF3F, 0x5D1B, 0xCF5F,   // 0x0600 (1536) pixels
0xD75F, 0xCF5F, 0xCF5F, 0xCF5F, 0xCF5F, 0xCF5F, 0xCF5F, 0xCF5F, 0xD75F, 0xCF5F, 0xD75F, 0xCF5F, 0xCF5F, 0xCF5F, 0xCF5F, 0xCF5F,   // 0x0610 (1552) pixels
0xCF5F, 0xCF5F, 0xD7DF, 0x6D7C, 0xC73F, 0xCF5F, 0xCF5F, 0xCF5F, 0xCF5F, 0xCF5F, 0xCF5F, 0xCF3F, 0xCF5F, 0xCF5F, 0xCF5F, 0xD75F,   // 0x0620 (1568) pixels
0xD75F, 0xCF5F, 0xCF5F, 0xCF3F, 0xCF3F, 0xCF5F, 0xCF5F, 0xCF5F, 0xCF5F, 0xCF5F, 0xD75F, 0xCF3F, 0xC71E, 0xCF5F, 0xCF5F, 0xCF5F,   // 0x0630 (1584) pixels
0xCF5F, 0xCF5F, 0xCF5F, 0xCF3F, 0xCF5F, 0xD75F, 0xCF5F, 0xD75F, 0xCF5F, 0x5D1B, 0xCF5F, 0xCF5F, 0xCF3F, 0x5D1B, 0xCF5F, 0xD75F,   // 0x0640 (1600) pixels
0xD75F, 0xCF5F, 0xCF5F, 0xCF3F, 0xCF5F, 0xCF5F, 0xD75F, 0xCF5F, 0xCF5F, 0xCF5F, 0xCF5F, 0xCF3F, 0xCF5F, 0xCF5F, 0xCF5F, 0xCF5F,   // 0x0650 (1616) pixels
0xD77F, 0xCF5F, 0xCF5F, 0xA6BF, 0xCF5F, 0xCF5F, 0xCF5F, 0xD75F, 0xCF5F, 0xD75F, 0xCF5F, 0xCF3F, 0xCF3F, 0xD77F, 0xD77F, 0xCF5F,   // 0x0660 (1632) pixels
0xD75F, 0xCF5F, 0xCF5F, 0xCF3F, 0xCF3F, 0xCF5F, 0xCF5F, 0xCF5F, 0xCF5F, 0xD75F, 0xCF5F, 0xCF3F, 0xCF5F, 0xCF5F, 0xCF5F, 0xCF5F,   // 0x0670 (1648) pixels
0xCF5F, 0xCF5F, 0xCF5F, 0xCF5F, 0xCF5F, 0xCF5F, 0xCF5F, 0xD75F, 0xCF5F, 0xD75F, 0xCF5F, 0xCF5F, 0xCF3F, 0xD77F, 0xCF5F, 0xCF5F,   // 0x0680 (1664) pixels
0xCF5F, 0xCF5F, 0xCF5F, 0xCF3F, 0xCF3F, 0xCF5F, 0xCF5F, 0xCF5F, 0xCF5F, 0xCF5F, 0xCF5F, 0xCF5F, 0xCF3F, 0xCF5F, 0xCF5F, 0xCF5F,   // 0x0690 (1680) pixels
0xCF5F, 0xCF5F, 0xCF5F, 0xCF5F, 0xCF3F, 0xD77F, 0xD75F, 0xCF5F, 0xCF5F, 0xCF5F, 0xCF5F, 0xCF3F, 0xCF3F, 0xCF5F, 0xCF5F, 0xCF5F,   // 0x06A0 (1696) pixels
0xCF5F, 0xCF5F, 0xCF5F, 0xCF3F, 0xCF3F, 0xCF5F, 0xCF5F, 0xCF5F, 0xCF5F, 0xCF5F, 0xCF5F, 0xCF5F, 0xCF3F, 0xCF5F, 0xCF5F, 0xCF5F,   // 0x06B0 (1712) pixels
0xCF5F, 0xCF5F, 0xCF5F, 0xCF3F, 0xCF5F, 0xCF5F, 0xCF5F, 0xCF5F, 0xCF5F, 0xCF5F, 0xCF5F, 0xCF3F, 0xCF3F, 0xCF5F, 0xCF5F, 0xCF5F,   // 0x06C0 (1728) pixels
0xCF3F, 0xCF3F, 0xCF3F, 0xCF3F, 0xCF3F, 0xCF3F, 0xCF5F, 0xCF3F, 0xCF3F, 0xCF3F, 0xCF5F, 0xCF3F, 0xCF3F, 0xCF3F, 0xCF3F, 0xCF3F,   // 0x06D0 (1744) pixels
0xCF3F, 0xCF3F, 0xCF5F, 0xCF3F, 0xC73F, 0xCF5F, 0xCF5F, 0xCF5F, 0xCF3F, 0xCF5F, 0xCF3F, 0xCF3F, 0xCF3F, 0xCF3F, 0xCF3F, 0xCF5F,   // 0x06E0 (1760) pixels
0xCF5F, 0xCF5F, 0xCF3F, 0xCF3F, 0xCF3F, 0xCF3F, 0xCF5F, 0xCF3F, 0xCF5F, 0xCF5F, 0xCF3F, 0xCF3F, 0xCF3F, 0xCF3F, 0xCF3F, 0xCF3F,   // 0x06F0 (1776) pixels
0xCF3F, 0xCF3F, 0xCF3F, 0xCF3F, 0xC71F, 0xCF3F, 0xCF3F, 0xCF3F, 0xCF3F, 0xCF5F, 0xCF5F, 0xCF3F, 0xCF3F, 0xCF5F, 0xCF3F, 0xCF5F,   // 0x0700 (1792) pixels
0xCF3F, 0xCF3F, 0xCF3F, 0xCF1F, 0xCF3F, 0xCF3F, 0xCF3F, 0xCF3F, 0xCF3F, 0xC73F, 0xCF3F, 0xCF3F, 0xCF3F, 0xCF5F, 0xCF5F, 0xCF3F,   // 0x0710 (1808) pixels
0xC75F, 0xC73E, 0xC73F, 0x8E1E, 0x657C, 0xCF3F, 0xCF3F, 0xCF3F, 0xCF3F, 0xCF3F, 0xCF3F, 0xCF3F, 0xC6FE, 0xCF5F, 0xCF5F, 0xB6BE,   // 0x0720 (1824) pixels
0xC71E, 0xBF3F, 0xA6BF, 0xCF5F, 0xCF5F, 0x8E3E, 0x655B, 0x657C, 0x657C, 0x657C, 0x657C, 0x6DBD, 0xC71E, 0x655B, 0x657C, 0x657C,   // 0x0730 (1840) pixels
0x657C, 0x657C, 0x657C, 0x657C, 0x657C, 0x657C, 0x657C, 0x657C, 0x657C, 0x657C, 0x657C, 0x657C, 0x655C, 0xCF7F, 0xC73F, 0xCF3F,   // 0x0740 (1856) pixels
0xD75F, 0xCF5F, 0xCF5F, 0xCF5F, 0xCF3F, 0xD77F, 0x75BC, 0x5D3B, 0x6DBE, 0x659D, 0x657D, 0x5D5C, 0x653B, 0x5D7B, 0x657C, 0x657C,   // 0x0750 (1872) pixels
0x657C, 0x657C, 0x655B, 0x5D5C, 0x9E7E, 0xCF5F, 0xD75F, 0xD79F, 0xCF5F, 0xD75F, 0xD75E, 0xB6BF, 0x759C, 0x657C, 0x657C, 0x657C,   // 0x0760 (1888) pixels
0x657C, 0x657C, 0x657C, 0x657C, 0x657C, 0x657C, 0x657C, 0x657C, 0x657C, 0x657C, 0x657C, 0x657C, 0x657C, 0x657C, 0x657C, 0x657C,   // 0x0770 (1904) pixels
0x657C, 0x657C, 0x657C, 0x657C, 0x657C, 0x657C, 0x657C, 0x657C, 0x657C, 0x657C, 0x657C, 0x657C, 0x6D9C, 0xCF5F, 0xCF5F, 0xCF5F,   // 0x0780 (1920) pixels
0xCF5F, 0xCF5F, 0xD77F, 0xBF3F, 0xAEFF, 0x6D7C, 0x657C, 0x657C, 0x657C, 0x657C, 0x657C, 0x657C, 0x657C, 0x657C, 0x657C, 0x657C,   // 0x0790 (1936) pixels
0x657C, 0x657C, 0x6D9C, 0x655C, 0xAEDF, 0xD75F, 0xD75E, 0xBEFF, 0x8E1D, 0x657C, 0x655B, 0x6D7B, 0x657C, 0x657C, 0x657C, 0x657C,   // 0x07A0 (1952) pixels
0x657C, 0x657C, 0x657C, 0x657C, 0x657C, 0x657C, 0x657C, 0x657C, 0x657C, 0x657C, 0x657C, 0x657C, 0x657C, 0x657C, 0x657C, 0x657C,   // 0x07B0 (1968) pixels
0x657C, 0x657C, 0x657C, 0x657C, 0x657C, 0x657C, 0x657C, 0x657C, 0x657C, 0x657C, 0x657C, 0x657C, 0x659F, 0xCF5F, 0xCF7F, 0xCF5F,   // 0x07C0 (1984) pixels
0x657C, 0x657C, 0x657C, 0x657C, 0x657C, 0x657C, 0x657C, 0x657C, 0x657C, 0x657C, 0x657C, 0x657C, 0x657C, 0x657C, 0x657C, 0x657C,   // 0x07D0 (2000) pixels
0x657C, 0x657C, 0x657C, 0x657C, 0x657C, 0x657C, 0x657C, 0x657C, 0x657C, 0x657C, 0x657C, 0x657C, 0x657C, 0x657C, 0x657C, 0x657C,   // 0x07E0 (2016) pixels
0x657C, 0x657C, 0x657C, 0x657C, 0x657C, 0x657C, 0x657C, 0x657C, 0x657C, 0x657C, 0x657C, 0x657C, 0x657C, 0x657C, 0x657C, 0x657C,   // 0x07F0 (2032) pixels
0x657C, 0x657C, 0x657C, 0x657C, 0x657C, 0x657C, 0x657C, 0x657C, 0x657C, 0x657C, 0x657C, 0x657C, 0x657C, 0x657C, 0x657C, 0x657C,   // 0x0800 (2048) pixels
};

const unsigned short Light_Marble[2048] PROGMEM={
0xFFFF, 0xFFFF, 0xFFFF, 0xFFFF, 0xFFFF, 0xFFFF, 0xFFFF, 0xFFFF, 0xFFFF, 0xFFFF, 0xFFFF, 0xFFFF, 0xFFFF, 0xFFFF, 0xFFFF, 0xFFFF,   // 0x0010 (16) pixels
0xFFFF, 0xFFFF, 0xFFFF, 0xFFFF, 0xFFFF, 0xFFFF, 0xFFFF, 0xFFFF, 0xFFFF, 0xFFFF, 0xFFFF, 0xFFFF, 0xFFFF, 0xFFFF, 0xFFFF, 0xFFFF,   // 0x0020 (32) pixels
0xFFFF, 0xFFFF, 0xFFFF, 0xFFFF, 0xFFFF, 0xFFFF, 0xFFFF, 0xFFFF, 0xFFFF, 0xFFFF, 0xFFFF, 0xFFFF, 0xFFFF, 0xFFFF, 0xFFFF, 0xFFFF,   // 0x0030 (48) pixels
0xFFFF, 0xFFFF, 0xFFFF, 0xFFFF, 0xFFFF, 0xFFFF, 0xFFFF, 0xFFFF, 0xFFFF, 0xFFFF, 0xFFFF, 0xFFFF, 0xFFFF, 0xFFFF, 0xFFFF, 0xFFFF,   // 0x0040 (64) pixels
0xFFFF, 0xFFFF, 0xFFFF, 0xFFFF, 0xFFFF, 0xFFFF, 0xFFFF, 0xFFFF, 0xFFFF, 0xFFFF, 0xFFFF, 0xFFFF, 0xFFFF, 0xFFFF, 0xFFFF, 0xFFFF,   // 0x0050 (80) pixels
0xFFFF, 0xFFFF, 0xFFFF, 0xFFFF, 0xFFFF, 0xFFFF, 0xFFFF, 0xFFFF, 0xFFFF, 0xFFFF, 0xFFFF, 0x002A, 0xFFFE, 0xFFFF, 0xFFFF, 0xFFFF,   // 0x0060 (96) pixels
0xFFFF, 0xFFFF, 0xFFFF, 0xFFFF, 0xFFFF, 0xFFFF, 0xFFFF, 0xFFFF, 0xFFFF, 0xFFDF, 0xFFFF, 0xFFFF, 0xFFFF, 0xFFFF, 0xFFFF, 0xFFFF,   // 0x0070 (112) pixels
0xFFFF, 0xFFFF, 0xFFFF, 0xFFFF, 0xFFFF, 0xFFFF, 0xFFFF, 0xFFFF, 0xFFFF, 0xFFFF, 0xFFFF, 0xFFFF, 0xFFFF, 0xFFFF, 0xFFFF, 0xFFFF,   // 0x0080 (128) pixels
0xFFFF, 0xFFFF, 0xFFFF, 0xFFFF, 0xFFFF, 0xFFFF, 0xFFFF, 0xFFFF, 0xFFFF, 0xFFFF, 0x9C8B, 0x8C69, 0x9C6E, 0xFFFE, 0x73A8, 0xFFFF,   // 0x0090 (144) pixels
0xFFFF, 0x73A8, 0x004B, 0x000C, 0xFFFF, 0xFFFF, 0xFFFF, 0xFFFF, 0xFFFF, 0xFFFF, 0xFFFF, 0xEF3D, 0xF7FF, 0x004B, 0x008C, 0x00CC,   // 0x00A0 (160) pixels
0x00EC, 0x002A, 0x094B, 0x000D, 0x00CD, 0x010D, 0x012E, 0x014E, 0x0210, 0x00CC, 0x73A8, 0xFFFF, 0x014E, 0x008B, 0x00ED, 0x010C,   // 0x00B0 (176) pixels
0x73A8, 0x73A8, 0x8BCC, 0x73A8, 0xFFFF, 0xFFFF, 0xFFFF, 0xFFFF, 0x73A8, 0x73A8, 0xFFFF, 0xFFFF, 0xFFFF, 0xFFFF, 0xFFFF, 0xFFFF,   // 0x00C0 (192) pixels
0x018B, 0x006B, 0x012D, 0x4305, 0x73A8, 0x73A8, 0x73A8, 0x73A8, 0x73A8, 0xEF7D, 0x000E, 0x8BE9, 0x8BC9, 0x5B07, 0x73A8, 0x7C2D,   // 0x00D0 (208) pixels
0x83EA, 0x7BA9, 0xBD53, 0x73A8, 0x00ED, 0x014D, 0x946F, 0xFFFF, 0xFFFF, 0xFFFF, 0xFFFF, 0x62EB, 0x008B, 0x00CC, 0x000B, 0x004B,   // 0x00E0 (224) pixels
0x004A, 0x002A, 0x008B, 0x73A8, 0x73A8, 0x008B, 0x00CC, 0x010D, 0x012D, 0x00CC, 0x73A8, 0x010D, 0x73A8, 0x5B85, 0x6B86, 0x6B47,   // 0x00F0 (240) pixels
0x4AE5, 0x4AE5, 0x6326, 0x6B27, 0x5B25, 0x5324, 0x6B66, 0x6B03, 0x5B27, 0x6B05, 0x73EB, 0x6BA3, 0xFFFF, 0xFFFF, 0xFFFF, 0xFFFF,   // 0x0100 (256) pixels
0x00CD, 0x00EE, 0x4305, 0x4305, 0x32A0, 0x42C2, 0x83CE, 0x5AE6, 0x7BE7, 0x4283, 0x73A8, 0x5B06, 0x4A24, 0x6326, 0x6308, 0x2186,   // 0x0110 (272) pixels
0x6B49, 0x73A8, 0x7B8A, 0x6B09, 0x00EC, 0x00EC, 0x00CD, 0xFFFF, 0xFFFF, 0x004B, 0x006B, 0x00CC, 0x7BA6, 0x5B05, 0x00EC, 0x00CB,   // 0x0120 (288) pixels
0x004B, 0x008B, 0x3246, 0x2A00, 0x4B64, 0x3A64, 0x1A00, 0x3260, 0x1A41, 0x32A0, 0x73A8, 0x31E1, 0x52A4, 0x5AC5, 0x4AC3, 0x4282,   // 0x0130 (304) pixels
0x4B04, 0x4B24, 0x5B24, 0x5B26, 0x4B05, 0x5303, 0x5B88, 0x6B87, 0x6345, 0x7BC9, 0x5B46, 0x42C2, 0x6366, 0x63A8, 0x6BA7, 0x7367,   // 0x0140 (320) pixels
0x004A, 0x00ED, 0x00CC, 0x5B66, 0x5327, 0x000C, 0x00AD, 0x75B5, 0x42C0, 0x2A20, 0x3A82, 0x4AC2, 0x4305, 0x4A84, 0x4AA3, 0x010D,   // 0x0150 (336) pixels
0x00CC, 0x73A8, 0x62E5, 0x7388, 0x6B27, 0x00AB, 0x00ED, 0x00CD, 0x00ED, 0x002A, 0x004B, 0x008B, 0x008C, 0x008B, 0x010D, 0x014A,   // 0x0160 (352) pixels
0x00AB, 0x4AC2, 0x2A02, 0x01AD, 0x3280, 0x3B00, 0x42A1, 0x1A80, 0x32E0, 0x2AA0, 0x2AC1, 0x3AC0, 0x2A80, 0x3A20, 0x3AC0, 0x4A40,   // 0x0170 (368) pixels
0x3260, 0x32A0, 0x32C0, 0x32E0, 0x6305, 0x3AC1, 0x5302, 0x32C0, 0x5348, 0x73A8, 0x012C, 0x73A8, 0x4303, 0x01AF, 0x01CF, 0x008B,   // 0x0180 (384) pixels
0x00CC, 0x018E, 0x000E, 0x010D, 0x004A, 0x002A, 0x002A, 0x006B, 0x32A0, 0x0920, 0x3A40, 0x5B44, 0x5B65, 0x63A5, 0x0242, 0x32A0,   // 0x0190 (400) pixels
0x42A2, 0x73A8, 0x42C0, 0x4263, 0x4262, 0x3AE2, 0x006B, 0x00CC, 0x006B, 0x00ED, 0x004A, 0x008B, 0x00AB, 0x006B, 0x5402, 0x53C5,   // 0x01A0 (416) pixels
0x018F, 0x4AE3, 0x3A80, 0x5BC5, 0x3AC0, 0x5383, 0x5B65, 0x3A80, 0x5B86, 0x63A7, 0x4305, 0x6BC8, 0x6B87, 0x7BC8, 0x5B65, 0x32C1,   // 0x01B0 (432) pixels
0x32C0, 0x42C2, 0x32A0, 0x4B44, 0x5383, 0x4321, 0x4B45, 0x2AA0, 0x73A8, 0x73A8, 0x012E, 0x0270, 0x0251, 0x08CB, 0x004B, 0x004B,   // 0x01C0 (448) pixels
0x008B, 0x000A, 0x000A, 0x004B, 0x002A, 0x002A, 0x004A, 0x006B, 0x004B, 0x002B, 0x3302, 0x2A60, 0x946B, 0x840A, 0x3B03, 0x4320,   // 0x01D0 (464) pixels
0x00AB, 0x32C0, 0x32E0, 0x2AA0, 0x01AD, 0x3B22, 0x73A8, 0x008B, 0x00ED, 0x00CC, 0x00CC, 0x010D, 0x010D, 0x00AC, 0x008C, 0x73E6,   // 0x01E0 (480) pixels
0x740A, 0x5B24, 0x53C4, 0x4342, 0x2240, 0x5BA7, 0x5365, 0x6BA8, 0xA48D, 0x948D, 0xB50E, 0xBD4F, 0xB4CD, 0xA48E, 0x8C6C, 0x8C2B,   // 0x01F0 (496) pixels
0x944D, 0x7BE8, 0x848D, 0x83EB, 0xB4EF, 0x4300, 0x4B84, 0x5B65, 0x4324, 0x010E, 0x00AB, 0x03B3, 0x006A, 0x004B, 0x004B, 0x008B,   // 0x0200 (512) pixels
0x002A, 0x004A, 0x000A, 0x002A, 0x006A, 0x000A, 0x008B, 0x004B, 0x002A, 0x002A, 0x7C0A, 0x946C, 0xC590, 0x948B, 0x6BE7, 0x4B63,   // 0x0210 (528) pixels
0x73A8, 0x73A8, 0x4B43, 0x00CC, 0x004B, 0x00AB, 0x006B, 0x00AC, 0x004B, 0x008B, 0x008B, 0x006B, 0x00AC, 0x006B, 0x5344, 0x73E6,   // 0x0220 (544) pixels
0x8BE9, 0x6346, 0x9C89, 0x5344, 0x6BC8, 0x00EB, 0x012D, 0x4B65, 0x7C89, 0xFF5A, 0x8CAB, 0xDE34, 0x9CAC, 0x7BCA, 0x9C8D, 0xE674,   // 0x0230 (560) pixels
0xD636, 0xCE13, 0xD592, 0xEE74, 0xBDB0, 0x740B, 0x32A0, 0x00AB, 0x018E, 0x73A8, 0x0312, 0x006B, 0x004B, 0x004A, 0x006B, 0x004B,   // 0x0240 (576) pixels
0x000A, 0x0009, 0x0009, 0x000A, 0x0009, 0x0009, 0x0009, 0x0009, 0x0009, 0x002A, 0xA46A, 0xDE75, 0xEDB4, 0x846D, 0x8428, 0x42E1,   // 0x0250 (592) pixels
0x5345, 0x4340, 0x4321, 0x0009, 0x0009, 0x0009, 0x004A, 0x002A, 0x0009, 0x000A, 0x0009, 0x0009, 0x0009, 0x0009, 0x0009, 0x006B,   // 0x0260 (608) pixels
0xA4CD, 0x840B, 0x0009, 0x0009, 0x0049, 0x0008, 0xACCD, 0xBD0D, 0xD5F2, 0x42C2, 0xADAF, 0xFF15, 0xAD0F, 0xAD52, 0xFEF5, 0xEED9,   // 0x0270 (624) pixels
0xE694, 0xA4AE, 0xB551, 0x8C2C, 0x53A4, 0x73A8, 0x5301, 0x000A, 0x5BC4, 0x0009, 0x00AB, 0x002A, 0x00AB, 0x004B, 0x000A, 0x00AB,   // 0x0280 (640) pixels
0x0009, 0x0009, 0x0009, 0x0009, 0x0009, 0x0009, 0x0009, 0x0009, 0x0009, 0x0009, 0x0009, 0xA48E, 0x944B, 0xB4AE, 0x7BE8, 0x3303,   // 0x0290 (656) pixels
0x5363, 0x3AE0, 0x0009, 0x0009, 0x0009, 0x0009, 0x0009, 0x0009, 0x0009, 0x0009, 0x0009, 0x0009, 0x0009, 0x0009, 0xA510, 0xFEB6,   // 0x02A0 (672) pixels
0xFEF4, 0xFF75, 0xFF35, 0x0008, 0xFFFA, 0x6345, 0xDE34, 0xFF36, 0xFF17, 0xFF38, 0xC5B5, 0xFEF6, 0xE6D2, 0x4BA0, 0xACAD, 0x8C6A,   // 0x02B0 (688) pixels
0x83AA, 0x5345, 0x63A5, 0x4B22, 0x5323, 0x6405, 0x000A, 0x0009, 0x0009, 0x0009, 0x0009, 0x0009, 0x0009, 0x000A, 0x000A, 0x0009,   // 0x02C0 (704) pixels
0x0009, 0x0009, 0x0009, 0x0009, 0x0009, 0x0009, 0x0009, 0x0009, 0x0009, 0x0009, 0x0009, 0x0009, 0x004A, 0xACCE, 0x9CCC, 0x0009,   // 0x02D0 (720) pixels
0x0009, 0x73A8, 0x0049, 0x0009, 0x0009, 0x0009, 0x0009, 0x0009, 0x0009, 0x0009, 0x0009, 0x0009, 0x0009, 0xFFD9, 0xFF57, 0xFEF6,   // 0x02E0 (736) pixels
0xFE36, 0xE613, 0xFFF7, 0xFFFC, 0xFFB6, 0xFFF8, 0x0008, 0xFF37, 0xFEF5, 0x000A, 0x002A, 0x73A8, 0xE633, 0xAD0A, 0x8D4F, 0x8CA8,   // 0x02F0 (752) pixels
0x43E4, 0x6384, 0x7BE9, 0x4B61, 0x5362, 0x73A8, 0x0009, 0x0009, 0x0009, 0x0009, 0x0009, 0x0009, 0x0009, 0x0009, 0x0009, 0x0009,   // 0x0300 (768) pixels
0x0009, 0x0009, 0x0009, 0x0009, 0x5304, 0x0009, 0x0009, 0x0009, 0x0009, 0x0009, 0x0009, 0x0009, 0x0009, 0x4B80, 0x840A, 0x0009,   // 0x0310 (784) pixels
0x002B, 0x0009, 0x0049, 0x4345, 0x0009, 0x0009, 0x0009, 0x0009, 0x0009, 0x0009, 0x0009, 0x0009, 0x016E, 0xFE74, 0xFFD7, 0xFFF9,   // 0x0320 (800) pixels
0xFF36, 0xFFFA, 0xFFB8, 0xFF54, 0xFFF9, 0xFFF8, 0xCD33, 0xDE34, 0xFFF8, 0xFF37, 0x004B, 0x0009, 0x000A, 0x946A, 0x740A, 0x0009,   // 0x0330 (816) pixels
0x008A, 0x5C05, 0x6427, 0x6385, 0x0009, 0x0009, 0x0009, 0x0009, 0x0009, 0x0009, 0x0009, 0x0009, 0x0009, 0x0009, 0x0009, 0x0009,   // 0x0340 (832) pixels
0x0009, 0x0009, 0x0009, 0x0009, 0x0009, 0x0009, 0x0009, 0x0009, 0x0009, 0x0009, 0x0009, 0x0009, 0x0009, 0x0009, 0x0009, 0x000A,   // 0x0350 (848) pixels
0x6B23, 0x0009, 0x0009, 0x0009, 0x0009, 0x0009, 0x0009, 0x0009, 0x0009, 0x0009, 0x0009, 0x0009, 0x000A, 0x94EC, 0x84CA, 0xCE10,   // 0x0360 (864) pixels
0xEE33, 0xF6F4, 0xFF35, 0xC5AE, 0xFE74, 0xE612, 0x73A8, 0x73A8, 0x73A8, 0x0009, 0x0009, 0x0009, 0x0009, 0x9CAD, 0x0009, 0x0009,   // 0x0370 (880) pixels
0x0009, 0x4B66, 0x52A3, 0x0009, 0x0009, 0x5380, 0x0009, 0x0009, 0x0009, 0x0009, 0x0009, 0x0009, 0x0009, 0x0009, 0x0009, 0x0009,   // 0x0380 (896) pixels
0x0009, 0x0009, 0x0009, 0x0009, 0x0009, 0x0009, 0x00AB, 0x0009, 0x0009, 0x0009, 0x0009, 0x0009, 0x0009, 0x0009, 0x0009, 0x00CC,   // 0x0390 (912) pixels
0x0009, 0x4BE0, 0x6465, 0x6C68, 0x8C07, 0x02F2, 0x000A, 0x0009, 0x0009, 0x0009, 0x0009, 0x0009, 0x0009, 0x004A, 0x6445, 0x5383,   // 0x03A0 (928) pixels
0x6408, 0x84CA, 0x53E2, 0x5383, 0x4342, 0x4BA4, 0x5383, 0x94A9, 0xEE12, 0x0009, 0x0009, 0x0009, 0x0009, 0x004A, 0x1049, 0x0009,   // 0x03B0 (944) pixels
0x000A, 0x4BE2, 0x00EC, 0x0009, 0x0009, 0x0008, 0x0009, 0x0009, 0x0009, 0x0009, 0x0009, 0x0009, 0x0009, 0x0009, 0x0009, 0x0009,   // 0x03C0 (960) pixels
0x0009, 0x0009, 0x0009, 0x0009, 0x0009, 0x0009, 0x0009, 0x0009, 0x0009, 0x0009, 0x0009, 0x0009, 0x0009, 0x0009, 0x0009, 0x000A,   // 0x03D0 (976) pixels
0x0009, 0x004B, 0x5B47, 0x4B21, 0x3A80, 0x3AC1, 0x3AE0, 0x0009, 0x0009, 0x0009, 0x0009, 0x0009, 0x0009, 0x0009, 0x0009, 0x0009,   // 0x03E0 (992) pixels
0x0009, 0x002A, 0x5323, 0x4300, 0x3260, 0x6B46, 0x4AC6, 0x9BEB, 0x0009, 0x0009, 0x0009, 0x0009, 0x0009, 0x0009, 0x0009, 0x0009,   // 0x03F0 (1008) pixels
0x0009, 0x6386, 0x0029, 0x000A, 0x22A0, 0x0009, 0x73A8, 0x0009, 0x0009, 0x0009, 0x0009, 0x0009, 0x0009, 0x0009, 0x0009, 0x0009,   // 0x0400 (1024) pixels
0x0009, 0x0009, 0x0009, 0x0009, 0x0009, 0x0009, 0x0009, 0x0009, 0x0009, 0x0009, 0x0009, 0x0009, 0x0009, 0x0009, 0x0009, 0x000A,   // 0x0410 (1040) pixels
0x0009, 0x01EF, 0x4300, 0x2280, 0x2A60, 0x2A20, 0x3AC0, 0x32A0, 0x4B24, 0x0009, 0x0009, 0x0009, 0x0009, 0x0009, 0x0009, 0x0009,   // 0x0420 (1056) pixels
0x0009, 0x0009, 0x6BA5, 0x3A80, 0x2AA0, 0x5325, 0x83A7, 0x0009, 0x0009, 0x0009, 0x0009, 0x0009, 0x0009, 0x0009, 0x0009, 0x0009,   // 0x0430 (1072) pixels
0x0009, 0x0009, 0x5323, 0x010E, 0x32E1, 0x2AC1, 0x000A, 0x2A20, 0x5343, 0x000B, 0x0009, 0x0009, 0x0009, 0x0009, 0x0009, 0x0009,   // 0x0440 (1088) pixels
0x0009, 0x0009, 0x0009, 0x0009, 0x0009, 0x0009, 0x0009, 0x0009, 0x0009, 0x0009, 0x0009, 0x0009, 0x0009, 0x0009, 0x0009, 0x0009,   // 0x0450 (1104) pixels
0x0009, 0x00EC, 0x4302, 0x3260, 0x32A0, 0x2A60, 0x32A0, 0x53A5, 0x6326, 0x73E6, 0x0009, 0x0009, 0x0009, 0x0009, 0x0009, 0x0009,   // 0x0460 (1120) pixels
0x0009, 0x0009, 0x3AA0, 0x5B05, 0x7308, 0x4AC3, 0x42E1, 0x0009, 0x0009, 0x0009, 0x0009, 0x0009, 0x0009, 0x0009, 0x0009, 0x0009,   // 0x0470 (1136) pixels
0x0009, 0x0009, 0x0009, 0x0009, 0x73A8, 0x112A, 0x4B60, 0x000A, 0x02B0, 0x03F4, 0x002A, 0x0009, 0x000B, 0x0009, 0x0009, 0x0009,   // 0x0480 (1152) pixels
0x0009, 0x0009, 0x0009, 0x0009, 0x0009, 0x0009, 0x0009, 0x0009, 0x0009, 0x0009, 0x0009, 0x0009, 0x0009, 0x0009, 0x0009, 0x0009,   // 0x0490 (1168) pixels
0x0009, 0x0009, 0xDE93, 0xAC8D, 0x52E3, 0x3AE1, 0x5344, 0x6347, 0x8BA9, 0x0009, 0x0009, 0x0009, 0x0009, 0x0009, 0x0009, 0x0009,   // 0x04A0 (1184) pixels
0x0009, 0x0009, 0x5385, 0x5304, 0x6B27, 0x6B47, 0x4AC4, 0x0009, 0x73A8, 0x0009, 0x0009, 0x0009, 0x0009, 0x0009, 0x0009, 0x0009,   // 0x04B0 (1200) pixels
0x0009, 0x0009, 0x0009, 0x0009, 0x0009, 0x0009, 0x83EA, 0x73A9, 0x002A, 0x8348, 0x0009, 0x0009, 0x0009, 0x0008, 0x0009, 0x0009,   // 0x04C0 (1216) pixels
0x0009, 0x0009, 0x0009, 0x0009, 0x0009, 0x0009, 0x0009, 0x0009, 0x0009, 0x0009, 0x0009, 0x0009, 0x0009, 0x0009, 0x0009, 0x0009,   // 0x04D0 (1232) pixels
0x0009, 0x0009, 0x0009, 0x73A8, 0xA48E, 0x4B03, 0x7BA9, 0x7BCA, 0x6B48, 0x0009, 0x0009, 0x0009, 0x0009, 0x0009, 0x0009, 0x0009,   // 0x04E0 (1248) pixels
0x0009, 0x000A, 0xC4EE, 0xAC8E, 0x944A, 0xAC2C, 0x0009, 0x0009, 0x4B64, 0x0009, 0x0009, 0x0009, 0x0009, 0x0009, 0x0009, 0x0009,   // 0x04F0 (1264) pixels
0x0009, 0x0009, 0x0009, 0x0009, 0x000A, 0x940B, 0xB42B, 0xD4EE, 0xC4EC, 0x8348, 0x000A, 0x0009, 0x0009, 0x0009, 0x0009, 0x0009,   // 0x0500 (1280) pixels
0x0009, 0x0009, 0x0009, 0x0009, 0x0009, 0x0009, 0x0009, 0x0009, 0x0009, 0x0009, 0x0009, 0x0009, 0x0009, 0x0009, 0x0009, 0x0009,   // 0x0510 (1296) pixels
0x0009, 0x0009, 0x0009, 0x93AB, 0x6B69, 0x5346, 0x3B25, 0x008B, 0x0009, 0x0009, 0x0009, 0x0009, 0x0009, 0x0009, 0x0009, 0x0009,   // 0x0520 (1312) pixels
0x0009, 0x0009, 0x006E, 0xC4CE, 0x940C, 0x5BA8, 0x0009, 0x0009, 0x0009, 0x0009, 0x0009, 0x0009, 0x0009, 0x0009, 0x0009, 0x0009,   // 0x0530 (1328) pixels
0x0009, 0x0009, 0x000A, 0x0009, 0xC4AE, 0x93AB, 0x9BCA, 0x9BAA, 0xF54F, 0xA3EB, 0x7B6A, 0x0009, 0x0009, 0x0009, 0x0009, 0x0009,   // 0x0540 (1344) pixels
0x0009, 0x0009, 0x0009, 0x0009, 0x0009, 0x0009, 0x0009, 0x0009, 0x0009, 0x0009, 0x0009, 0x0009, 0x0009, 0x0009, 0x0009, 0x0009,   // 0x0550 (1360) pixels
0x0009, 0x0009, 0x008B, 0x73A8, 0x73E9, 0x6347, 0x6347, 0x0009, 0x0009, 0x0009, 0x0009, 0x0009, 0x0009, 0x0009, 0x0009, 0x0009,   // 0x0560 (1376) pixels
0x0009, 0x0009, 0x000A, 0x83AA, 0x8BEB, 0x0009, 0x0009, 0x0009, 0x0009, 0x0009, 0x0009, 0x0009, 0x0009, 0x0009, 0x0009, 0x0009,   // 0x0570 (1392) pixels
0x0009, 0x0009, 0x0009, 0x000A, 0x62C8, 0x6225, 0x83A9, 0x8B6B, 0xA46D, 0x940C, 0x5264, 0x0009, 0x0009, 0x0009, 0x0009, 0x0009,   // 0x0580 (1408) pixels
0x0009, 0x0009, 0x0009, 0x0009, 0x0009, 0x0009, 0x0009, 0x0009, 0x0009, 0x0009, 0x0009, 0x0009, 0x0009, 0x0009, 0x0009, 0x0009,   // 0x0590 (1424) pixels
0x000A, 0x002A, 0x00ED, 0x73A8, 0x73AA, 0x5366, 0x00CC, 0x008B, 0x006B, 0x002A, 0x0009, 0x0009, 0x000A, 0x000A, 0x000A, 0x0009,   // 0x05A0 (1440) pixels
0x000A, 0x000A, 0x004A, 0x004B, 0x002A, 0x000A, 0x0009, 0x0009, 0x0009, 0x0009, 0x0009, 0x0009, 0x000A, 0x000A, 0x0009, 0x0009,   // 0x05B0 (1456) pixels
0x000A, 0x0009, 0x000A, 0x008B, 0x62C8, 0x006B, 0x006A, 0x000A, 0x004A, 0x73A8, 0x6B69, 0x000A, 0x0009, 0x0009, 0x73A8, 0x000A,   // 0x05C0 (1472) pixels
0x008B, 0x004A, 0x002A, 0x002A, 0x000A, 0x0009, 0x000A, 0x002A, 0x0009, 0x0009, 0x0009, 0x0009, 0x0009, 0x0009, 0x0009, 0x000A,   // 0x05D0 (1488) pixels
0x000A, 0x004B, 0x00AC, 0x93CC, 0x5329, 0x014E, 0x010D, 0x014D, 0x00CC, 0x010D, 0x00ED, 0x00CC, 0x00AC, 0x010D, 0x00CC, 0x00AC,   // 0x05E0 (1504) pixels
0x00AB, 0x00AB, 0x00CC, 0x004A, 0x000A, 0x004A, 0x008B, 0x008B, 0x008B, 0x008B, 0x000A, 0x004B, 0x002A, 0x004B, 0x004A, 0x000A,   // 0x05F0 (1520) pixels
0x002A, 0x000A, 0x004B, 0x008B, 0x006B, 0x00AB, 0x00AC, 0x004A, 0x008B, 0x00EC, 0x00EC, 0x00CC, 0x008B, 0x000A, 0x73A8, 0x00AB,   // 0x0600 (1536) pixels
0x00CC, 0x004B, 0x002B, 0x008B, 0x00CC, 0x004B, 0x004B, 0x006B, 0x00CC, 0x004A, 0x00CC, 0x0009, 0x00CB, 0x006B, 0x008B, 0x008B,   // 0x0610 (1552) pixels
0x004A, 0x008B, 0x014E, 0xACEF, 0x010D, 0x00AC, 0x010D, 0x010D, 0x012D, 0x00ED, 0x00ED, 0x012D, 0x00AB, 0x010C, 0x006B, 0x00EC,   // 0x0620 (1568) pixels
0x00AB, 0x00AB, 0x008B, 0x006A, 0x004B, 0x00AB, 0x00CC, 0x00CC, 0x008B, 0x00AB, 0x004B, 0x000A, 0x00AB, 0x000A, 0x008B, 0x006B,   // 0x0630 (1584) pixels
0x008B, 0x008B, 0x004B, 0x012D, 0x00AB, 0x00EC, 0x00CC, 0x00CC, 0x00CC, 0x73A8, 0x00CC, 0x00AB, 0x00AB, 0x73A8, 0x00AC, 0x00CC,   // 0x0640 (1600) pixels
0x00ED, 0x00AB, 0x010D, 0x018E, 0x012D, 0x01EF, 0x016E, 0x00EC, 0x014E, 0x00AC, 0x012E, 0x004B, 0x00AC, 0x00CC, 0x00CC, 0x00ED,   // 0x0650 (1616) pixels
0x00AC, 0x00CC, 0x00EC, 0x3A21, 0x00ED, 0x00ED, 0x00AC, 0x010D, 0x00ED, 0x010F, 0x014E, 0x00CC, 0x00CC, 0x006B, 0x006B, 0x008B,   // 0x0660 (1632) pixels
0x008B, 0x00CC, 0x004B, 0x008B, 0x00CB, 0x00CC, 0x012E, 0x00ED, 0x00CC, 0x008B, 0x00AC, 0x00AC, 0x00AB, 0x002A, 0x006B, 0x004B,   // 0x0670 (1648) pixels
0x00EC, 0x012D, 0x00CC, 0x00AC, 0x010D, 0x012E, 0x010D, 0x010C, 0x00ED, 0x008B, 0x010D, 0x010D, 0x010D, 0x010D, 0x00EC, 0x010E,   // 0x0680 (1664) pixels
0x01AF, 0x01CF, 0x0210, 0x01AF, 0x0211, 0x0230, 0x01F0, 0x018E, 0x016E, 0x0210, 0x0210, 0x016E, 0x02D1, 0x018E, 0x00CC, 0x01CF,   // 0x0690 (1680) pixels
0x01EF, 0x016E, 0x016E, 0x014D, 0x016E, 0x00ED, 0x018E, 0x01AF, 0x01EF, 0x01CF, 0x006B, 0x014D, 0x01F0, 0x018E, 0x010D, 0x010D,   // 0x06A0 (1696) pixels
0x016E, 0x016E, 0x010D, 0x01AF, 0x00ED, 0x010D, 0x016E, 0x01CF, 0x0230, 0x01CD, 0x014D, 0x008C, 0x010D, 0x010D, 0x000E, 0x018F,   // 0x06B0 (1712) pixels
0x018E, 0x018F, 0x010D, 0x018F, 0x01AF, 0x016E, 0x0210, 0x01CF, 0x00ED, 0x014E, 0x01AF, 0x01CF, 0x0271, 0x0210, 0x09EF, 0x01AF,   // 0x06C0 (1728) pixels
0xFFFF, 0xFFFF, 0xFFFF, 0xFFFF, 0xFFFF, 0xFFFF, 0xFFFF, 0xFFFF, 0xFFFF, 0xFFFF, 0xFFFF, 0xFFFF, 0xFFFF, 0xFFFF, 0xFFFF, 0xFFFF,   // 0x06D0 (1744) pixels
0xFFFF, 0xFFFF, 0xFFFF, 0xFFFF, 0xFFFF, 0xFFFF, 0xFFFF, 0xFFFF, 0xFFFF, 0xFFFF, 0xFFFF, 0xFFFF, 0xFFFF, 0xFFFF, 0xFFFF, 0xFFFF,   // 0x06E0 (1760) pixels
0xFFFF, 0xFFFF, 0xFFFF, 0xFFFF, 0xFFFF, 0xFFFF, 0xFFFF, 0xFFFF, 0xFFFF, 0xFFFF, 0xFFFF, 0xFFFF, 0xFFFF, 0xFFFF, 0xFFFF, 0xFFFF,   // 0x06F0 (1776) pixels
0xFFFF, 0xFFFF, 0xFFFF, 0xFFFF, 0xFFFF, 0xFFFF, 0xFFFF, 0xFFFF, 0xFFFF, 0xFFFF, 0xFFFF, 0xFFFF, 0xFFFF, 0xFFFF, 0xFFFF, 0xFFFF,   // 0x0700 (1792) pixels
0xFFFF, 0xFFFF, 0xFFFF, 0xFFFF, 0xFFFF, 0xFFFF, 0xFFFF, 0xFFFF, 0xFFFF, 0xFFFF, 0xFFFF, 0xFFFF, 0xFFFF, 0xFFFF, 0xFFFF, 0xFFFF,   // 0x0710 (1808) pixels
0xFFFF, 0xFFFF, 0xFFFF, 0xEF9E, 0xF7BF, 0xFFFF, 0xFFFF, 0xFFFF, 0xFFFF, 0xFFFF, 0xFFFF, 0xFFFF, 0xFFFF, 0xFFFF, 0xFFFF, 0xFFFF,   // 0x0720 (1824) pixels
0xFFFF, 0xF7FF, 0xF7BF, 0xFFFF, 0xFFFF, 0xF7DF, 0xFFFF, 0xFFFF, 0xFFFF, 0xF7DF, 0xFFFF, 0xE7DF, 0xFFFF, 0xF7DF, 0xF7DF, 0xF7DF,   // 0x0730 (1840) pixels
0xF7DF, 0xF7DF, 0xFFDF, 0xEFBE, 0xF7DF, 0xFFFF, 0xFFFF, 0xF7BF, 0xF7DF, 0xFFFF, 0xF7DF, 0xF7DF, 0xFFFF, 0xC6DC, 0xFFFF, 0xFFFF,   // 0x0740 (1856) pixels
0xFFFF, 0xFFFF, 0xFFFF, 0xFFFF, 0xFFFF, 0xF7FF, 0xFFFF, 0xFFFF, 0xFFFF, 0xEFBF, 0xEFBF, 0xF7DF, 0xF7FF, 0xEFDF, 0xF7DF, 0xF7BF,   // 0x0750 (1872) pixels
0xF7DF, 0xEFBF, 0xD6DD, 0xF7BE, 0xFFFF, 0xFFFF, 0xFFFF, 0xFFFF, 0xFFFF, 0xFFFF, 0xFFFF, 0xE79E, 0xEFBF, 0xF7DF, 0xEF9E, 0xF7DF,   // 0x0760 (1888) pixels
0xF7DF, 0xF7DF, 0xFFDF, 0xF7DF, 0xF7DF, 0xF7DF, 0xF7BF, 0xEFBF, 0xF7DF, 0xEFBF, 0xF7BF, 0xEFBF, 0xEFBF, 0xF7BE, 0xF7BF, 0xF7DF,   // 0x0770 (1904) pixels
0xEF9E, 0xEFBE, 0xF7BF, 0xF7DF, 0xF7DF, 0xF7DF, 0xF7BF, 0xF7BF, 0xF7DF, 0xF7DF, 0xF7DF, 0xEF9F, 0xE75E, 0xFFFF, 0xFFFF, 0xFFFF,   // 0x0780 (1920) pixels
0xFFFF, 0xFFFF, 0xFFFF, 0xFFFF, 0xFFFF, 0xE79E, 0xE77E, 0xE77E, 0xEF9E, 0xE79E, 0xEFBE, 0xEFBF, 0xEF9E, 0xEF9F, 0xEFBE, 0xEFBF,   // 0x0790 (1936) pixels
0xEFBE, 0xE79E, 0xEF9E, 0xEF9E, 0xFFFF, 0xFFFF, 0xF7FF, 0xF7FF, 0xEFBE, 0xEF9E, 0xEF7E, 0xEF9F, 0xEF9E, 0xEF9E, 0xF7DF, 0xFFDF,   // 0x07A0 (1952) pixels
0xF7BF, 0xEF9E, 0xEF9E, 0xEF9E, 0xEF9E, 0xEF9E, 0xEFBE, 0xEF9E, 0xEFBE, 0xEFBE, 0xEFBE, 0xEF9E, 0xEF9E, 0xEFBE, 0xEFBF, 0xF7BF,   // 0x07B0 (1968) pixels
0xF7BF, 0xF7BF, 0xF7BF, 0xEF9E, 0xE79E, 0xEFBE, 0xF7BF, 0xF7DF, 0xF7BF, 0xF7DF, 0xF7BF, 0xF7DF, 0xE79E, 0xFFFF, 0xFFFF, 0xFFFF,   // 0x07C0 (1984) pixels
0xF7DF, 0xF7FF, 0xF7DF, 0xF7DF, 0xF7DF, 0xEFBF, 0xF7DF, 0xF7BE, 0xF7BF, 0xF7DF, 0xFFFF, 0xF7FF, 0xF7DF, 0xF7FF, 0xFFDF, 0xF7DF,   // 0x07D0 (2000) pixels
0xF7DF, 0xF7BF, 0xEFBF, 0xEFBF, 0xEFDF, 0xF7DF, 0xF7DF, 0xF7BE, 0xF7FF, 0xF7FF, 0xF7DF, 0xF7DF, 0xF7DF, 0xFFDF, 0xF7DF, 0xFFFF,   // 0x07E0 (2016) pixels
0xF7DF, 0xF7DF, 0xF7DF, 0xF7DF, 0xF7BF, 0xF7DF, 0xF7BF, 0xF7BF, 0xFFDF, 0xF7BF, 0xF7BF, 0xF7BF, 0xF7DF, 0xF7DF, 0xF7DF, 0xF7DF,   // 0x07F0 (2032) pixels
0xF7DF, 0xF7DF, 0xF7DF, 0xF7DF, 0xF7DF, 0xF7DF, 0xEFBE, 0xEFBE, 0xF7BF, 0xF7BF, 0xF7DF, 0xF7DF, 0xF7DF, 0xF7DF, 0xF7DF, 0xF7DF,   // 0x0800 (2048) pixels
};

const unsigned short Nasa[2048] PROGMEM={
0x2314, 0x2AF4, 0x2270, 0x2314, 0x2B34, 0x2B55, 0x2B55, 0x2B75, 0x3396, 0x2B96, 0x33B6, 0x33B6, 0x2B96, 0x2B96, 0x6C97, 0x7C74,   // 0x0010 (16) pixels
0xC639, 0xB597, 0xADF9, 0xDF5E, 0xDF7E, 0xDF1D, 0xDF5E, 0xDF7E, 0xCEBC, 0xD6FD, 0xC6BD, 0xBE7C, 0x7476, 0x6C76, 0x3313, 0x22F3,   // 0x0020 (32) pixels
0x22D3, 0x22D3, 0x22F3, 0x2B14, 0x2B34, 0x2B54, 0x2314, 0x2B54, 0x22F3, 0x2B34, 0x2B75, 0x2B14, 0x2314, 0x2B14, 0x2B14, 0x2AF3,   // 0x0030 (48) pixels
0x22D3, 0x22F3, 0x22F3, 0x22D3, 0x22D3, 0x3374, 0x2313, 0x22F3, 0x2313, 0x3396, 0x2B96, 0x2B75, 0x2314, 0x2B34, 0x22F3, 0x2314,   // 0x0040 (64) pixels
0x2B75, 0x2B14, 0x2291, 0x2314, 0x2314, 0x2B14, 0x2B14, 0x2314, 0x2B34, 0x2B35, 0x2B34, 0x33B6, 0x33B6, 0x2B76, 0x2B75, 0xC5D8,   // 0x0050 (80) pixels
0x74B7, 0x7C94, 0xCE59, 0xBDB7, 0xB619, 0xE77F, 0xE7BE, 0xE73D, 0xE77F, 0xD71E, 0xD71E, 0xADB8, 0xADDA, 0x6435, 0x2B96, 0x22F3,   // 0x0060 (96) pixels
0x2B76, 0x2B76, 0x33D7, 0x2396, 0x2B96, 0x2B76, 0x2B76, 0x2B96, 0x3BD6, 0x2B76, 0x4C38, 0xC65A, 0x2B76, 0x2B76, 0x2B96, 0x2B76,   // 0x0070 (112) pixels
0x2375, 0x3BB6, 0x33B6, 0x2B35, 0x2B34, 0x3BB6, 0x2B14, 0x2AF4, 0x2B55, 0x2B76, 0x2B96, 0x2B76, 0x2B55, 0x3395, 0x2B55, 0x2B76,   // 0x0080 (128) pixels
0x33D6, 0x3396, 0x3B53, 0x33F7, 0x2313, 0x2B13, 0x2314, 0x2B34, 0x2B96, 0x2B75, 0x3354, 0xA576, 0xADB7, 0x2374, 0x9570, 0x9558,   // 0x0090 (144) pixels
0x9559, 0xC69B, 0x2B55, 0x2B75, 0x2376, 0x3375, 0xD6FC, 0xDF3D, 0xD71D, 0xCEFD, 0xBE7C, 0xC6BD, 0x8516, 0x2B76, 0x2313, 0x2314,   // 0x00A0 (160) pixels
0x2B34, 0x2B75, 0x2B55, 0x2B96, 0x2B76, 0x2B96, 0x2B76, 0x2B76, 0x2B76, 0x3376, 0xCE18, 0x2335, 0x2B96, 0x3396, 0x3395, 0x3395,   // 0x00B0 (176) pixels
0xCE16, 0xBDF5, 0xA557, 0xBDF8, 0x2B75, 0x33B6, 0x2B76, 0x2B76, 0xB5D5, 0xB5D5, 0x53F6, 0x2B76, 0x2B96, 0x6CB6, 0x2B96, 0x3396,   // 0x00C0 (192) pixels
0x2B76, 0x2B76, 0x5C58, 0xC616, 0xC5F5, 0xBDF6, 0xC656, 0x2B96, 0x6CB3, 0x2396, 0x33B7, 0xB5D4, 0xB5D7, 0x8D15, 0xBDD5, 0x7497,   // 0x00D0 (208) pixels
0x9570, 0x9570, 0x8CB6, 0x8C95, 0x2B76, 0x2B76, 0xB597, 0xDF1E, 0xD6FE, 0xBE5C, 0xA5B9, 0x9D15, 0x2334, 0x2B76, 0x3396, 0x2B14,   // 0x00E0 (224) pixels
0x2B34, 0x2B55, 0x2B96, 0x8452, 0xADB0, 0x8D32, 0x2B96, 0x2B96, 0x3396, 0x3396, 0xB5D5, 0x3BD6, 0xBDD5, 0xBE16, 0xBE16, 0xB5B4,   // 0x00F0 (240) pixels
0xBDD7, 0xC5F6, 0xA573, 0xAD73, 0x9571, 0xADD4, 0xA592, 0xBDD3, 0xBDD5, 0xBDD4, 0xB5B4, 0xB5B3, 0xAD91, 0x9D58, 0x4BD5, 0xB5B6,   // 0x0100 (256) pixels
0x2B96, 0x2B75, 0x9570, 0x8511, 0x74CF, 0x7D10, 0x8CCF, 0x8CB0, 0x9CF2, 0x84F0, 0x9D94, 0x9571, 0x9D74, 0xAD74, 0xBDB5, 0xC5B3,   // 0x0110 (272) pixels
0x2355, 0x9570, 0x9570, 0xCDF5, 0x2375, 0x2B76, 0x2B96, 0xE75E, 0xA599, 0x2B55, 0x2B75, 0x2B96, 0xB5B6, 0x2356, 0x33B6, 0x3375,   // 0x0120 (288) pixels
0x33B6, 0x2B77, 0xA550, 0x64ED, 0x6CCF, 0x64CE, 0x4C13, 0x6C8D, 0x5C8D, 0x64CE, 0x64AD, 0x752F, 0x8530, 0x8D31, 0x8550, 0x852F,   // 0x0130 (304) pixels
0x8D31, 0x8D31, 0x8D31, 0x7CAF, 0x8530, 0x8551, 0x7D10, 0x8CF0, 0xA552, 0x9532, 0xAD94, 0x8D11, 0xB5D5, 0xB5B5, 0xB5D3, 0xB5B3,   // 0x0140 (320) pixels
0x2B55, 0x2B76, 0x5C57, 0x9D70, 0x7410, 0x2B34, 0x2B14, 0x9CD3, 0x74CF, 0x8490, 0x8D51, 0x4BCA, 0x6CED, 0x74CE, 0x8D33, 0x2BB5,   // 0x0150 (336) pixels
0x2B76, 0x9570, 0x9D51, 0x8472, 0xB594, 0x2B75, 0x2B14, 0x2B55, 0x2B34, 0x2B55, 0x3375, 0x2B55, 0x33D7, 0x2355, 0x2BF6, 0x3375,   // 0x0160 (352) pixels
0x2B95, 0x746C, 0x648E, 0x2B75, 0x5CCA, 0x64CB, 0x6D0D, 0x64CD, 0x64CD, 0x64AE, 0x74EE, 0x64ED, 0x64ED, 0x750E, 0x750F, 0x750E,   // 0x0170 (368) pixels
0x5C6D, 0x750F, 0x64CF, 0x6D0F, 0x9D72, 0x8D51, 0x8D91, 0x6CCE, 0x7CCE, 0x7CCE, 0xB5D5, 0xB5D5, 0xB5D5, 0x3353, 0x3396, 0x2314,   // 0x0180 (384) pixels
0x22F4, 0x2BB7, 0x2AD2, 0x22D2, 0x22B2, 0x2AF3, 0x22F3, 0x2B34, 0x9570, 0x644C, 0xA594, 0x8D6E, 0x8D2C, 0x6CEC, 0x9570, 0x544C,   // 0x0190 (400) pixels
0x5C6D, 0x5490, 0x7CEF, 0x9570, 0x74F0, 0x64AE, 0x3396, 0x22F3, 0x22F3, 0x2314, 0x2B34, 0x2B34, 0x2B34, 0x2B76, 0x7D0D, 0x7D2E,   // 0x01A0 (416) pixels
0x2B95, 0x7D2C, 0x6CCB, 0x6CCC, 0x6CCC, 0x74CB, 0x8D4D, 0x9D8D, 0x9D6C, 0xADAD, 0x9D6D, 0xBDCF, 0xCE4F, 0xBDCF, 0xB60E, 0x7D2E,   // 0x01B0 (432) pixels
0x7CCE, 0x7C8E, 0x7D2D, 0x8D4E, 0x8D6F, 0x8510, 0x74ED, 0x5C4C, 0x6CCE, 0x6D0E, 0x2B96, 0x2B76, 0x2B33, 0x2B14, 0x2AF2, 0x22F4,   // 0x01C0 (448) pixels
0x1A50, 0x1A71, 0x32F2, 0x22B2, 0x2291, 0x2291, 0x22D3, 0x22F3, 0x2B55, 0x2B75, 0xB5B4, 0x746D, 0xB54E, 0xC60F, 0xADCD, 0x648C,   // 0x01D0 (464) pixels
0x2BB6, 0x5C4D, 0x548A, 0x542C, 0x2B36, 0x542C, 0x5411, 0x2B55, 0x22D3, 0x22F3, 0x2B14, 0x2B14, 0x22D2, 0x1AB2, 0x2333, 0x5411,   // 0x01E0 (480) pixels
0x750C, 0x64AB, 0x6C4D, 0x8D6C, 0x644C, 0xB60F, 0xCEAF, 0xB5F0, 0xC5B0, 0xCD90, 0xC54F, 0xCDB0, 0xCDAE, 0xC56F, 0xD5D0, 0xB52F,   // 0x01F0 (496) pixels
0xC571, 0x94CF, 0xBD8F, 0xB56F, 0xC5AF, 0x9DB1, 0x852D, 0x7D0E, 0x5C6E, 0x546F, 0x2B15, 0x3376, 0x2271, 0x2270, 0x1A2F, 0x1A50,   // 0x0200 (512) pixels
0x1A4F, 0x1A50, 0x3313, 0x22B2, 0x2271, 0x2291, 0x22D2, 0x22F3, 0x2B34, 0x2B54, 0xB573, 0xB550, 0xC590, 0xBDCF, 0xC66F, 0x8D6B,   // 0x0210 (528) pixels
0x5C2C, 0x644D, 0x646A, 0x2B55, 0x2B34, 0x2291, 0x2291, 0x22D3, 0x2291, 0x22F3, 0x3395, 0x2B34, 0x22B1, 0x1A51, 0x6C8D, 0x8C8B,   // 0x0220 (544) pixels
0x94ED, 0x94ED, 0x742C, 0x94ED, 0x84AC, 0x33D6, 0x33B4, 0x84D1, 0x948E, 0xD5D2, 0xE696, 0xD5D2, 0xBD71, 0x8C8F, 0x93CB, 0xA4B1,   // 0x0230 (560) pixels
0xCD53, 0xDE15, 0xCD71, 0xC570, 0xBDAF, 0x8D2E, 0x6C8B, 0x2B14, 0x2B14, 0x748B, 0x2271, 0x1A70, 0x1A4F, 0x1A70, 0x2B54, 0x1A50,   // 0x0240 (576) pixels
0x22B1, 0x1A50, 0x2AB1, 0x2291, 0x2270, 0x1A70, 0x1A71, 0x2291, 0x2292, 0x22D2, 0xDE94, 0x9CAF, 0xACCE, 0xBD6E, 0xBE0E, 0x6CCB,   // 0x0250 (592) pixels
0x6C8B, 0x5C09, 0x542C, 0x22B2, 0x2291, 0x1A70, 0x1A70, 0x2291, 0x22F3, 0x2B55, 0x2B34, 0x22F3, 0x1A70, 0x1A91, 0x33B4, 0x2314,   // 0x0260 (608) pixels
0xA48B, 0x942C, 0x2BB5, 0x2B55, 0x2B15, 0x94ED, 0x94ED, 0xCDEF, 0x9CD0, 0x856E, 0xB50F, 0xCDB1, 0x8C2F, 0x94D3, 0xE6B8, 0xB5D8,   // 0x0270 (624) pixels
0xAD34, 0xE6B7, 0xA4EF, 0x8D0B, 0x852D, 0x9550, 0x748B, 0x33B6, 0x7CCE, 0x11ED, 0x1A4F, 0x1A50, 0x22D2, 0x22B1, 0x22B1, 0x1A91,   // 0x0280 (640) pixels
0x1A50, 0x1A50, 0x2AF2, 0x1A50, 0x1A50, 0x1A30, 0x1A71, 0x22D2, 0x1AB2, 0x22D3, 0x3313, 0x4429, 0xAD8F, 0xC5B0, 0x956C, 0x6CCB,   // 0x0290 (656) pixels
0x542C, 0x542C, 0x1AD2, 0x1A50, 0x1AB2, 0x1A70, 0x1A70, 0x22D2, 0x2B13, 0x22F3, 0x22B1, 0x1A50, 0x22B2, 0x2B55, 0xC551, 0xE5D3,   // 0x02A0 (672) pixels
0xE653, 0xE672, 0xE674, 0x43D6, 0xF696, 0x9570, 0xE654, 0xEE95, 0xBDD5, 0xB511, 0xD5B4, 0xE613, 0xACAF, 0xC64F, 0x7C52, 0xB597,   // 0x02B0 (688) pixels
0xA575, 0x8CB1, 0x53CA, 0x850F, 0x5C2E, 0x9D90, 0x2B76, 0x22F1, 0x22D3, 0x116B, 0x1A0F, 0x1A2F, 0x1A50, 0x1A50, 0x1A50, 0x1A4F,   // 0x02C0 (704) pixels
0x2291, 0x22B1, 0x2291, 0x2291, 0x1A91, 0x2271, 0x22B2, 0x22B2, 0x22D2, 0x22D3, 0x2AF2, 0x22F5, 0x2377, 0xB54E, 0x9570, 0x2B14,   // 0x02D0 (720) pixels
0x2B35, 0x542C, 0x1AB1, 0x1A70, 0x1A50, 0x1A4F, 0x1A2F, 0x22F3, 0x22B1, 0x1A4F, 0x2270, 0x1A71, 0x2B34, 0xE738, 0xEE96, 0xE633,   // 0x02E0 (736) pixels
0xD591, 0xBCAF, 0xE715, 0xEF58, 0xDDF2, 0xF779, 0x2B96, 0xE614, 0xE654, 0x3375, 0x2B14, 0xD5D2, 0xDE52, 0xA56E, 0x9D8D, 0x854C,   // 0x02F0 (752) pixels
0x4BE8, 0x7CEF, 0x644B, 0x644B, 0x6CAC, 0x748B, 0x2B75, 0x2B54, 0x1A70, 0x2B55, 0x32F2, 0x1A50, 0x1A50, 0x1A50, 0x2270, 0x1A50,   // 0x0300 (768) pixels
0x22B1, 0x1250, 0x2270, 0x22D2, 0x4429, 0x2270, 0x1A70, 0x1A91, 0x22B1, 0x22D2, 0x2AD2, 0x2B34, 0x22F2, 0x8D0E, 0x9DCF, 0x3377,   // 0x0310 (784) pixels
0x2312, 0x3396, 0x1A6E, 0x542C, 0x542C, 0x2291, 0x1A91, 0x22F3, 0x22B1, 0x1A70, 0x22B1, 0x22F3, 0x2B55, 0xDDF2, 0xEEF5, 0xEF57,   // 0x0320 (800) pixels
0xDE53, 0xE675, 0xE6F6, 0xDD91, 0xEED5, 0xEEB6, 0xCD93, 0xBD10, 0xE6D5, 0xE633, 0x22D2, 0x2B34, 0x3376, 0xA58D, 0x8D4D, 0x2B34,   // 0x0330 (816) pixels
0x2B55, 0x6C8C, 0x748B, 0x748B, 0x2B34, 0x2AD2, 0x2291, 0x1A4F, 0x22B2, 0x2B55, 0x2291, 0x22B1, 0x224F, 0x2B13, 0x22B1, 0x2B13,   // 0x0340 (832) pixels
0x2270, 0x224F, 0x2270, 0x1A70, 0x2250, 0x2290, 0x22B1, 0x22B2, 0x2291, 0x22B2, 0x2AF3, 0x22F3, 0x2B14, 0x2B14, 0x2AF4, 0x2B56,   // 0x0350 (848) pixels
0x644A, 0x2313, 0x22F3, 0x1A71, 0x2B35, 0x2B54, 0x2291, 0x22F3, 0x22B2, 0x2270, 0x2250, 0x22B2, 0x2AF3, 0xD650, 0xD670, 0xDE70,   // 0x0360 (864) pixels
0xDE11, 0xE6B3, 0xDE71, 0xD650, 0xD571, 0xDDF2, 0xCE6F, 0x3393, 0x942E, 0x2B75, 0x2AF3, 0x22F3, 0x2B14, 0x954D, 0x2B14, 0x2B55,   // 0x0370 (880) pixels
0x33B6, 0x748B, 0x64EB, 0x5C6A, 0x22D3, 0x748B, 0x2270, 0x1A4F, 0x2250, 0x3B95, 0x2290, 0x1A0F, 0x2270, 0x2291, 0x1A50, 0x1A91,   // 0x0380 (896) pixels
0x1A70, 0x1A71, 0x2AB2, 0x22B1, 0x1A91, 0x2291, 0x2291, 0x22B2, 0x2291, 0x22D2, 0x2B13, 0x22F3, 0x2314, 0x2B34, 0x2314, 0x2B14,   // 0x0390 (912) pixels
0x2B55, 0x5C48, 0x5CCA, 0xA60D, 0x9DCD, 0x2B77, 0x2B55, 0x22D2, 0x22D2, 0x22D3, 0x22B1, 0x2291, 0x22B2, 0x2B76, 0x8D6D, 0x95CD,   // 0x03A0 (928) pixels
0xA5EE, 0xAE2F, 0x9DCE, 0xAE0F, 0xB60E, 0xADEE, 0x9DD0, 0xAD6D, 0xE652, 0x1A91, 0x2B54, 0x22B2, 0x22D3, 0x2B95, 0x5CCD, 0x2B14,   // 0x03B0 (944) pixels
0x3396, 0x748B, 0x2B76, 0x2B75, 0x2B75, 0x53F4, 0x4C4B, 0x22B1, 0x33D7, 0x3395, 0x3BD7, 0x2291, 0x2291, 0x2290, 0x2B13, 0x2270,   // 0x03C0 (960) pixels
0x2291, 0x2271, 0x22F3, 0x22F3, 0x22B1, 0x22B2, 0x22D2, 0x22F3, 0x22D3, 0x22D2, 0x2B13, 0x2314, 0x2314, 0x2B34, 0x2B54, 0x2B76,   // 0x03D0 (976) pixels
0x2B34, 0x2334, 0x5BEA, 0x54AA, 0x542A, 0x6D2C, 0x64EB, 0x2B55, 0x22D3, 0x2B13, 0x2B34, 0x22F3, 0x2291, 0x22B2, 0x2291, 0x2AB1,   // 0x03E0 (992) pixels
0x22F3, 0x2B55, 0x548B, 0x5CAB, 0x54AA, 0xADD1, 0xC56F, 0xC5CE, 0x2B13, 0x2291, 0x22D2, 0x2B34, 0x2AF3, 0x22F3, 0x22D3, 0x22F3,   // 0x03F0 (1008) pixels
0x2AF3, 0x43EA, 0x4C2D, 0x2B95, 0x6C6C, 0x4B72, 0x5469, 0x2B13, 0x22D2, 0x2313, 0x2291, 0x2B34, 0x2B55, 0x22B2, 0x22F3, 0x22B2,   // 0x0400 (1024) pixels
0x1A4F, 0x1A70, 0x2AF3, 0x2291, 0x22B2, 0x22B2, 0x22B2, 0x22D3, 0x1AB2, 0x22B2, 0x2B13, 0x22F3, 0x22F3, 0x2314, 0x2B14, 0x2334,   // 0x0410 (1040) pixels
0x2B34, 0x33B6, 0x4C69, 0x4429, 0x4429, 0x4C49, 0x546A, 0x6D0B, 0x6D0B, 0x2314, 0x22B2, 0x1A70, 0x2290, 0x2B13, 0x22D3, 0x22B2,   // 0x0420 (1056) pixels
0x22D2, 0x3396, 0x754D, 0x548B, 0x5CAB, 0xA5AE, 0xB5CF, 0x2B54, 0x22B2, 0x2B13, 0x22F3, 0x2B13, 0x22F3, 0x2291, 0x22B2, 0x22B2,   // 0x0430 (1072) pixels
0x22D1, 0x22F2, 0x4C49, 0x2B95, 0x4429, 0x6C2C, 0x1AD1, 0x5469, 0x5469, 0x2B96, 0x3375, 0x22F3, 0x2B96, 0x1A90, 0x22F3, 0x1A70,   // 0x0440 (1088) pixels
0x2270, 0x1A91, 0x2B13, 0x2270, 0x2291, 0x2291, 0x22F3, 0x22D2, 0x22D2, 0x22D3, 0x2B13, 0x2B13, 0x2B34, 0x22F3, 0x22F3, 0x22F3,   // 0x0450 (1104) pixels
0x22D3, 0x124E, 0x4C49, 0x4C69, 0x548A, 0x5C8A, 0x64EB, 0x856D, 0xAE0F, 0xADB0, 0x1A70, 0x2270, 0x22B2, 0x2B34, 0x22F3, 0x22B1,   // 0x0460 (1120) pixels
0x1A70, 0x22D2, 0x7D2C, 0x8D8D, 0xA5EE, 0x9DAE, 0x8D4D, 0x2314, 0x1AB1, 0x2B13, 0x2B96, 0x2B14, 0x3396, 0x2270, 0x22B1, 0x22B2,   // 0x0470 (1136) pixels
0x2291, 0x2291, 0x2270, 0x2AD3, 0x5469, 0x8DB1, 0x5C92, 0x3BD5, 0x3397, 0x852E, 0x3BB3, 0x2B34, 0x2B56, 0x2291, 0x1A91, 0x2291,   // 0x0480 (1152) pixels
0x2313, 0x2B34, 0x2B13, 0x22D2, 0x2291, 0x2B13, 0x2AF3, 0x22F3, 0x22F3, 0x2AF4, 0x3334, 0x2B34, 0x2B14, 0x22F3, 0x22D3, 0x2AF3,   // 0x0490 (1168) pixels
0x2AD3, 0x22B2, 0x9CD0, 0x7C8F, 0x74EB, 0x8D6D, 0x7D4C, 0x8D2C, 0xADEF, 0x22D2, 0x2A91, 0x2270, 0x22D2, 0x2313, 0x22D3, 0x2250,   // 0x04A0 (1184) pixels
0x1A50, 0x22D2, 0xADEE, 0x956D, 0x95CE, 0x954D, 0xAE2E, 0x3354, 0x9DAE, 0x22D2, 0x2AF3, 0x2B14, 0x2AF3, 0x2290, 0x2291, 0x3375,   // 0x04B0 (1200) pixels
0x2270, 0x22B1, 0x224F, 0x2313, 0x1A70, 0x2B75, 0xD6AF, 0xADCD, 0x3BB5, 0xB62D, 0x2B14, 0x22B2, 0x2313, 0x2B54, 0x2B14, 0x2B54,   // 0x04C0 (1216) pixels
0x2B55, 0x1A91, 0x2B33, 0x22B2, 0x22B2, 0x22B1, 0x22D2, 0x22F2, 0x2B13, 0x22F3, 0x2B33, 0x2B34, 0x2314, 0x22F3, 0x22F3, 0x2AF3,   // 0x04D0 (1232) pixels
0x22F3, 0x2314, 0x2291, 0xCD31, 0x94F0, 0x7D0C, 0x8D4C, 0xAE2F, 0x854D, 0x2313, 0x22D2, 0x1A70, 0x22B1, 0x22F3, 0x22D2, 0x1A91,   // 0x04E0 (1248) pixels
0x2270, 0x22F3, 0xCE30, 0xD650, 0xC62F, 0xBE0F, 0x2B75, 0x2B75, 0x9DAE, 0x22B2, 0x1A91, 0x2B34, 0x2B14, 0x22B2, 0x22B2, 0x2B75,   // 0x04F0 (1264) pixels
0x1A71, 0x1A50, 0x2270, 0x22D2, 0x3395, 0xD6AF, 0xCD8F, 0xCDAF, 0xD670, 0xD650, 0x2B57, 0x2B55, 0x2313, 0x2B54, 0x2313, 0x2B54,   // 0x0500 (1280) pixels
0x22F3, 0x1A70, 0x2B13, 0x22D2, 0x22D2, 0x2AD2, 0x22B2, 0x22D3, 0x2313, 0x2B13, 0x2B13, 0x2B55, 0x2314, 0x2B34, 0x22F3, 0x2B34,   // 0x0510 (1296) pixels
0x22F3, 0x2B34, 0x2B34, 0xAC4F, 0x952D, 0x956D, 0x74EC, 0x2B77, 0x2B75, 0x22F3, 0x2270, 0x22B1, 0x22F3, 0x2B54, 0x22B2, 0x2291,   // 0x0520 (1312) pixels
0x1A71, 0x1A91, 0x2B76, 0xD5B0, 0xC62F, 0x742B, 0x2B75, 0x22F3, 0x1A91, 0x2291, 0x2271, 0x22B2, 0x2B13, 0x22D2, 0x22D3, 0x3396,   // 0x0530 (1328) pixels
0x22B2, 0x1A70, 0x2271, 0x22F3, 0xCD50, 0xC530, 0xC54E, 0xC56E, 0xCCAD, 0xCD6F, 0x9D4E, 0x2B33, 0x3BD7, 0x22D2, 0x22F3, 0x22D2,   // 0x0540 (1344) pixels
0x1A2F, 0x1A70, 0x2B13, 0x1A91, 0x1A71, 0x2291, 0x1A92, 0x22D3, 0x22F3, 0x22F3, 0x2B13, 0x2314, 0x2334, 0x2314, 0x2313, 0x2AF4,   // 0x0550 (1360) pixels
0x22F3, 0x22F3, 0x1AB2, 0x634E, 0xBE30, 0xADEE, 0xADCE, 0x22F3, 0x22F3, 0x2355, 0x22F3, 0x22B2, 0x22D3, 0x2314, 0x22F3, 0x22D2,   // 0x0560 (1376) pixels
0x3354, 0x1A71, 0x2B75, 0xBCF0, 0xB54F, 0x2A90, 0x2B55, 0x22D3, 0x2B34, 0x22D2, 0x3355, 0x22B2, 0x22D2, 0x2314, 0x22D3, 0x2334,   // 0x0570 (1392) pixels
0x33B5, 0x2B76, 0x1A91, 0x1A70, 0xD6AF, 0xC5D1, 0xC5CE, 0xCD4E, 0xD52E, 0xD58F, 0xD670, 0x1250, 0x2B76, 0x22F3, 0x22F3, 0x1AD3,   // 0x0580 (1408) pixels
0x1A70, 0x2271, 0x2AF2, 0x1A70, 0x2271, 0x1A70, 0x1A91, 0x22B2, 0x22D2, 0x2B13, 0x2AF2, 0x22F2, 0x2B14, 0x22F3, 0x2B13, 0x2314,   // 0x0590 (1424) pixels
0x22B2, 0x22D3, 0x22D3, 0x944F, 0xCE4F, 0xDECF, 0x2314, 0x2291, 0x22B1, 0x22B1, 0x22B2, 0x22F3, 0x2B34, 0x2314, 0x22F3, 0x22B1,   // 0x05A0 (1440) pixels
0x1A91, 0x1A91, 0x22D2, 0x2B55, 0x2B14, 0x22B2, 0x1A4F, 0x22B2, 0x22D2, 0x1291, 0x2291, 0x22F3, 0x22D3, 0x2B13, 0x22F3, 0x22F3,   // 0x05B0 (1456) pixels
0x2B13, 0x22D3, 0x22B1, 0x1A70, 0xD6AF, 0x4B94, 0x1A50, 0x1A70, 0x2376, 0xD6AF, 0x74CD, 0x22B2, 0x2291, 0x2B34, 0xD6AF, 0x2B34,   // 0x05C0 (1472) pixels
0x2B55, 0x22F3, 0x2B13, 0x2270, 0x2291, 0x2270, 0x1A91, 0x2291, 0x22B1, 0x22D2, 0x2AD2, 0x2B35, 0x2B34, 0x22F3, 0x22D2, 0x22D3,   // 0x05D0 (1488) pixels
0x22D2, 0x2B34, 0x22F3, 0xAC8D, 0xBE30, 0x2B76, 0x1A70, 0x1A91, 0x2291, 0x2291, 0x22B1, 0x22F3, 0x2B34, 0x2B34, 0x22F3, 0x22F3,   // 0x05E0 (1504) pixels
0x22B2, 0x22D2, 0x22B1, 0x2291, 0x2314, 0x2271, 0x22F2, 0x2B75, 0x2334, 0x22F3, 0x1AB2, 0x22B2, 0x22F3, 0x2314, 0x2B75, 0x2B75,   // 0x05F0 (1520) pixels
0x2B34, 0x2314, 0x22F3, 0x22D3, 0x22D2, 0x2B13, 0x22B2, 0x2291, 0x2AD1, 0x4331, 0x3B91, 0x22B2, 0x22B2, 0x2333, 0xD6AF, 0x2353,   // 0x0600 (1536) pixels
0x2291, 0x2291, 0x2B13, 0x22B2, 0x22D2, 0x2AB2, 0x2291, 0x2AB2, 0x22D3, 0x22F3, 0x32F2, 0x2B75, 0x2314, 0x22F3, 0x22D3, 0x2AD2,   // 0x0610 (1552) pixels
0x22F3, 0x22F3, 0x3397, 0xBD0E, 0x2B77, 0x3376, 0x1A2F, 0x1A2F, 0x1A50, 0x1A50, 0x2291, 0x22D3, 0x2313, 0x2314, 0x2B34, 0x22F4,   // 0x0620 (1568) pixels
0x22D3, 0x22D3, 0x22B2, 0x22B2, 0x2291, 0x3314, 0x22B2, 0x22F4, 0x2314, 0x2B14, 0x22D3, 0x3396, 0x2B96, 0x2B54, 0x2B34, 0x2313,   // 0x0630 (1584) pixels
0x2314, 0x2B55, 0x2B35, 0x2B34, 0x2314, 0x2AF3, 0x2AF3, 0x22F3, 0x2314, 0xD6AF, 0x2B56, 0x22B2, 0x1AB2, 0xD6AF, 0x2B54, 0x2B76,   // 0x0640 (1600) pixels
0x1A70, 0x1A91, 0x2AF3, 0x22D3, 0x2B13, 0x22F3, 0x2B34, 0x2B34, 0x2B14, 0x2313, 0x3354, 0x2B34, 0x22F3, 0x22F3, 0x22D2, 0x2291,   // 0x0650 (1616) pixels
0x2291, 0x22F3, 0x2B75, 0xBE12, 0x2B76, 0x2353, 0x2B54, 0x33B6, 0x33B6, 0x2314, 0x2313, 0x22D2, 0x22F3, 0x2314, 0x2B34, 0x2B55,   // 0x0660 (1632) pixels
0x2B54, 0x2B55, 0x3374, 0x22D2, 0x22B1, 0x2250, 0x22D2, 0x2B34, 0x2B54, 0x2B13, 0x1A71, 0x2B13, 0x2314, 0x2B55, 0x22D2, 0x22D2,   // 0x0670 (1648) pixels
0x22D3, 0x22F3, 0x2314, 0x2314, 0x22F3, 0x3396, 0x22D2, 0x2314, 0x2314, 0x2B34, 0x22F3, 0x22F3, 0x2B34, 0x2AD2, 0x2B55, 0x22B2,   // 0x0680 (1664) pixels
0x22B2, 0x22B2, 0x2AF2, 0x2B34, 0x2B55, 0x2B55, 0x2B34, 0x22F3, 0x22F3, 0x22D3, 0x3334, 0x22B1, 0x22B2, 0x22B2, 0x22B2, 0x22B2,   // 0x0690 (1680) pixels
0x2291, 0x2291, 0x1A91, 0x2314, 0x22F3, 0x2314, 0x2B14, 0x2B55, 0x22F3, 0x2B55, 0x2B34, 0x3375, 0x22D3, 0x2AF3, 0x22D2, 0x22B1,   // 0x06A0 (1696) pixels
0x22D2, 0x22B1, 0x2271, 0x1A71, 0x22B1, 0x2251, 0x2271, 0x2271, 0x2271, 0x2271, 0x22B2, 0x22D2, 0x22B2, 0x3396, 0x2B96, 0x22B2,   // 0x06B0 (1712) pixels
0x22D2, 0x22D3, 0x22B2, 0x22D2, 0x22B2, 0x3333, 0x22D2, 0x22B2, 0x22D2, 0x22F3, 0x2B34, 0x2B35, 0x2313, 0x22D2, 0x2291, 0x2291,   // 0x06C0 (1728) pixels
0x2B55, 0x2B55, 0x3375, 0x2B14, 0x22F3, 0x2AF3, 0x22F3, 0x22B2, 0x22B2, 0x2291, 0x2AF2, 0x22B1, 0x22B1, 0x22B1, 0x22B1, 0x2292,   // 0x06D0 (1744) pixels
0x22B2, 0x22F3, 0x22F3, 0x2B35, 0x2B75, 0x32F3, 0x2B34, 0x22F3, 0x22B2, 0x22D2, 0x2291, 0x22B1, 0x2291, 0x2291, 0x2291, 0x2291,   // 0x06E0 (1760) pixels
0x2B96, 0x22F3, 0x22B1, 0x2291, 0x2291, 0x2291, 0x22B1, 0x22D3, 0x2B34, 0x22F3, 0x2AF4, 0x2313, 0x2B34, 0x2B14, 0x2AF3, 0x2B14,   // 0x06F0 (1776) pixels
0x2B55, 0x3BF8, 0x33B6, 0x2B35, 0x2B75, 0x3333, 0x2B34, 0x33B6, 0x2B55, 0x2314, 0x2314, 0x2B34, 0x2B34, 0x3B95, 0x2B34, 0x3395,   // 0x0700 (1792) pixels
0x22F3, 0x3334, 0x4394, 0x22F3, 0x22D3, 0x22D3, 0x22D3, 0x22D3, 0x22F3, 0x2B55, 0x2B13, 0x2314, 0x2AF4, 0x22F3, 0x2AD3, 0x2AF4,   // 0x0710 (1808) pixels
0x33D7, 0x33B7, 0x2B75, 0xC65B, 0xE75E, 0x3397, 0x2B34, 0x2313, 0x2AF4, 0x22D3, 0x22D2, 0x22D2, 0x22D2, 0x22B2, 0x3375, 0x2B74,   // 0x0720 (1824) pixels
0x33D7, 0x33B6, 0xB6BE, 0x33D7, 0x3375, 0xE77E, 0xDF7F, 0xEF9F, 0xF79E, 0xF79F, 0xEF9F, 0xE75E, 0xD75F, 0x959B, 0xE75E, 0xEF9F,   // 0x0730 (1840) pixels
0xEF7E, 0xEF9F, 0xEF9F, 0xD71D, 0xD71D, 0xD6FD, 0xFFDF, 0xE75E, 0xE75E, 0xFFFF, 0xFFFF, 0xE75E, 0xCEDF, 0x3B95, 0x2B55, 0x2B34,   // 0x0740 (1856) pixels
0x2B96, 0x2BB6, 0x2B34, 0x2314, 0x2314, 0x2BD6, 0x7CD9, 0xE73E, 0xF7FF, 0xEFBF, 0xDEFD, 0xE73E, 0xCEFE, 0xE75E, 0xDF1D, 0xEF7E,   // 0x0750 (1872) pixels
0xEF9E, 0xE73D, 0xCE9B, 0xDF3D, 0xCE9C, 0x43F7, 0x2B76, 0x2B96, 0x2B75, 0x2B75, 0x2B96, 0xD71E, 0xDF1E, 0xEF9E, 0xE73E, 0xDF1D,   // 0x0760 (1888) pixels
0xE75E, 0xE77E, 0xE77E, 0xEF9F, 0xEF9F, 0xE77E, 0xE75E, 0xEF9F, 0xE75E, 0xD6FD, 0xCEBD, 0xD6FD, 0xDF1E, 0xDEFD, 0xEF7E, 0xE75E,   // 0x0770 (1904) pixels
0xE73E, 0xD6FD, 0xDF3D, 0xEFBF, 0xFFFF, 0xEF7E, 0xE75E, 0xDF3E, 0xE75E, 0xE77E, 0xE75E, 0xDF1D, 0xD6FC, 0x3B74, 0x2B55, 0x2B76,   // 0x0780 (1920) pixels
0xD73E, 0xD73E, 0xD6FD, 0xD73E, 0xD73E, 0xBE7C, 0xBE5C, 0xC67C, 0xCEBD, 0xCEBD, 0xD6DC, 0xDF1D, 0xDF1D, 0xDF3E, 0xD6FD, 0xDF1D,   // 0x0790 (1936) pixels
0xDF1E, 0xCEBD, 0xBE5B, 0xD71E, 0xD73E, 0xD73E, 0xC6BD, 0xD73E, 0xDF5E, 0xCEDD, 0xD6FE, 0xCE9C, 0xBE5C, 0xDEFD, 0xCE9B, 0xDF1D,   // 0x07A0 (1952) pixels
0xE75E, 0xD6DD, 0xD6DD, 0xD6DD, 0xD6DD, 0xD6DD, 0xD6DD, 0xD6DD, 0xD6DD, 0xCEDD, 0xD6DD, 0xCEDD, 0xD6FD, 0xCEBD, 0xCEBD, 0xD6DD,   // 0x07B0 (1968) pixels
0xDF1D, 0xDF3D, 0xDF5E, 0xDF3E, 0xDF1E, 0xD6DC, 0xD6FD, 0xD6FD, 0xD6FD, 0xDF1D, 0xD6FD, 0xC69D, 0xC69C, 0xD6FC, 0xD73E, 0xD73E,   // 0x07C0 (1984) pixels
0xEFBF, 0xE75E, 0xD6FC, 0xC67B, 0xC67C, 0xB5FA, 0xEF7F, 0xE75E, 0xD6FD, 0xD6FE, 0xDF1D, 0xDF3E, 0xD6DD, 0xEF7E, 0xEF9E, 0xE75E,   // 0x07D0 (2000) pixels
0xE75E, 0xE77F, 0xDF3E, 0xCEDD, 0xD71E, 0xD6DD, 0xD6FD, 0xD6FD, 0xE77F, 0xE77E, 0xE75E, 0xE75E, 0xE75E, 0xDF1D, 0xE75E, 0xDF3E,   // 0x07E0 (2016) pixels
0xE75E, 0xD6FD, 0xDF1E, 0xD6FD, 0xD6FD, 0xD6DD, 0xD6FD, 0xD6DD, 0xD6FD, 0xD6FD, 0xD6FD, 0xD6DD, 0xD6FD, 0xDF1D, 0xDF1D, 0xDF1D,   // 0x07F0 (2032) pixels
0xDF1D, 0xDF3D, 0xDF3E, 0xDF3E, 0xDF3E, 0xDEFD, 0xDF1D, 0xDF3E, 0xE75E, 0xE77E, 0xE77E, 0xE77E, 0xE77E, 0xDF1D, 0xDF1D, 0xDF3E,   // 0x0800 (2048) pixels
};

const unsigned short Neon_1[2048] PROGMEM={
0x19EE, 0x19F0, 0x11EE, 0x6E7C, 0x21C9, 0x19CA, 0x19C9, 0x19C9, 0x19AA, 0x19AE, 0x19AD, 0x1847, 0x1126, 0x1188, 0x1188, 0x1188,   // 0x0010 (16) pixels
0x0988, 0x098B, 0x09AD, 0x1968, 0x1967, 0x1967, 0x1967, 0x1947, 0x1947, 0x1948, 0x192B, 0x1001, 0x1801, 0x18E5, 0x2126, 0x1946,   // 0x0020 (32) pixels
0x2126, 0x1927, 0x2128, 0x2126, 0x2126, 0x2106, 0x2106, 0x2106, 0x2106, 0x10E5, 0x2398, 0x1906, 0x2106, 0x20E6, 0x28E6, 0x28E5,   // 0x0030 (48) pixels
0x28E5, 0x28E5, 0x28C5, 0x2003, 0x2803, 0x2864, 0x28C5, 0x30C5, 0x30C5, 0x30C5, 0x30C5, 0x3005, 0x30A8, 0x30C8, 0x30C7, 0x30C7,   // 0x0040 (64) pixels
0x1A0C, 0x19EE, 0x19F0, 0x11EF, 0x65DA, 0x19C9, 0x19C9, 0x19C9, 0x19C9, 0x19AA, 0x19AE, 0x19AE, 0x2027, 0x1126, 0x1988, 0x1188,   // 0x0050 (80) pixels
0x1188, 0x0968, 0x098B, 0x098E, 0x1987, 0x1967, 0x1967, 0x1967, 0x1947, 0x1947, 0x1948, 0x192C, 0x1001, 0x1802, 0x18E5, 0x1926,   // 0x0060 (96) pixels
0x1926, 0x2126, 0x2107, 0x212A, 0x2126, 0x2126, 0x2126, 0x2106, 0x2106, 0x2106, 0x18E5, 0x1BB8, 0x2106, 0x2106, 0x28E6, 0x28E5,   // 0x0070 (112) pixels
0x28E5, 0x28E6, 0x28C5, 0x28C6, 0x3023, 0x2803, 0x2884, 0x28A5, 0x30C5, 0x30C6, 0x30C6, 0x30C6, 0x3004, 0x30A7, 0x30C7, 0x38C7,   // 0x0080 (128) pixels
0x19EC, 0x19EC, 0x19EC, 0x19EE, 0x11CF, 0x5DDB, 0x19C9, 0x19C9, 0x19C9, 0x19A9, 0x19A9, 0x19AC, 0x198D, 0x1808, 0x1106, 0x1188,   // 0x0090 (144) pixels
0x1188, 0x1188, 0x0968, 0x096A, 0x096D, 0x1968, 0x1967, 0x1967, 0x1967, 0x1947, 0x1947, 0x1947, 0x192A, 0x1002, 0x1802, 0x18E5,   // 0x00A0 (160) pixels
0x2126, 0x1926, 0x2126, 0x2127, 0x2109, 0x2126, 0x2126, 0x2106, 0x2106, 0x2106, 0x2106, 0x18E5, 0x12D4, 0x2106, 0x2906, 0x28E6,   // 0x00B0 (176) pixels
0x28E5, 0x28E5, 0x28E5, 0x28E5, 0x28E6, 0x2823, 0x2803, 0x2864, 0x30C5, 0x30C5, 0x30C6, 0x30C6, 0x30A7, 0x3003, 0x30C6, 0x38C7,   // 0x00C0 (192) pixels
0x118A, 0x19CB, 0x19CB, 0x19CB, 0x11CB, 0x11CC, 0x6DBA, 0x19C9, 0x19C9, 0x19A9, 0x19A9, 0x19A8, 0x1989, 0x198A, 0x2008, 0x1106,   // 0x00D0 (208) pixels
0x1188, 0x1187, 0x1187, 0x1167, 0x0968, 0x096B, 0x1988, 0x1967, 0x1967, 0x1967, 0x1947, 0x2147, 0x2147, 0x2128, 0x1801, 0x1802,   // 0x00E0 (224) pixels
0x18C5, 0x2126, 0x2126, 0x2126, 0x2106, 0x2107, 0x2126, 0x2106, 0x2106, 0x2106, 0x2106, 0x20E6, 0x18E5, 0x0A51, 0x2106, 0x2906,   // 0x00F0 (240) pixels
0x28E6, 0x28E6, 0x28E5, 0x28C5, 0x28C5, 0x30C5, 0x2803, 0x2803, 0x3064, 0x30A5, 0x30C6, 0x30C6, 0x38C6, 0x38A5, 0x3003, 0x30A5,   // 0x0100 (256) pixels
0x0827, 0x0948, 0x1169, 0x118A, 0x118A, 0x1189, 0x0969, 0x5E3B, 0x19C9, 0x19A8, 0x19A8, 0x19A8, 0x19A8, 0x1988, 0x1988, 0x106B,   // 0x0110 (272) pixels
0x1105, 0x0946, 0x0926, 0x0926, 0x0926, 0x0925, 0x0906, 0x1967, 0x1967, 0x1967, 0x1947, 0x1947, 0x1946, 0x1926, 0x1926, 0x1801,   // 0x0120 (288) pixels
0x1863, 0x2106, 0x2126, 0x2126, 0x2106, 0x2106, 0x2106, 0x2126, 0x2106, 0x2105, 0x20E6, 0x20E5, 0x20E5, 0x10E5, 0x0293, 0x2906,   // 0x0130 (304) pixels
0x28E6, 0x28E6, 0x28E6, 0x28E5, 0x28E6, 0x30C5, 0x30C5, 0x2803, 0x3044, 0x30A5, 0x30C5, 0x30C6, 0x30C6, 0x38C6, 0x28A5, 0x2002,   // 0x0140 (320) pixels
0x3006, 0x10E6, 0x19C9, 0x19EA, 0x19EA, 0x19C9, 0x19CA, 0x19CA, 0x09CA, 0x19C9, 0x19A9, 0x19A8, 0x19A8, 0x1988, 0x1988, 0x1988,   // 0x0150 (336) pixels
0x1988, 0x1988, 0x1988, 0x1967, 0x1967, 0x1967, 0x1967, 0x1967, 0x0867, 0x090B, 0x11EF, 0x1A32, 0x1A93, 0x2274, 0x1A74, 0x09AD,   // 0x0160 (352) pixels
0x1948, 0x2127, 0x2126, 0x2126, 0x2126, 0x2106, 0x2106, 0x1105, 0x2127, 0x2107, 0x2106, 0x2106, 0x20E6, 0x28E6, 0x28E5, 0x28E5,   // 0x0170 (368) pixels
0x2804, 0x28E7, 0x28E6, 0x28E6, 0x28E5, 0x28E6, 0x30C6, 0x28C6, 0x2805, 0x2806, 0x2866, 0x3086, 0x28A7, 0x18A7, 0x08C7, 0x3C53,   // 0x0180 (384) pixels
0x19EA, 0x3007, 0x10E5, 0x19C9, 0x19EA, 0x19CA, 0x19CA, 0x19A9, 0x19CA, 0x11CA, 0x19C9, 0x19A9, 0x19A8, 0x19A8, 0x1988, 0x1988,   // 0x0190 (400) pixels
0x1988, 0x21A9, 0x1988, 0x1988, 0x1967, 0x1967, 0x1967, 0x1967, 0x1947, 0x1802, 0x1083, 0x1926, 0x1947, 0x2147, 0x1926, 0x1126,   // 0x01A0 (416) pixels
0x094A, 0x2147, 0x2127, 0x2126, 0x2126, 0x2106, 0x2106, 0x2106, 0x0906, 0x2128, 0x2107, 0x2106, 0x2106, 0x28E6, 0x28E5, 0x28E6,   // 0x01B0 (432) pixels
0x28E6, 0x2805, 0x28E7, 0x28E6, 0x28E6, 0x28E6, 0x30C5, 0x30C5, 0x30C6, 0x3007, 0x3027, 0x3087, 0x30A6, 0x28C6, 0x21D0, 0x10E8,   // 0x01C0 (448) pixels
0x19ED, 0x19EA, 0x3027, 0x10E5, 0x19A8, 0x19C9, 0x19E9, 0x19CA, 0x19CC, 0x19CA, 0x09CA, 0x19C9, 0x19A8, 0x19A8, 0x1988, 0x1988,   // 0x01D0 (464) pixels
0x1989, 0x1968, 0x11A8, 0x1988, 0x1967, 0x1967, 0x1967, 0x1967, 0x1947, 0x1947, 0x1802, 0x1063, 0x1926, 0x2147, 0x2147, 0x1926,   // 0x01E0 (480) pixels
0x1126, 0x0127, 0x1927, 0x2127, 0x2126, 0x2126, 0x2106, 0x2106, 0x2106, 0x1105, 0x2107, 0x2107, 0x2106, 0x2906, 0x28E5, 0x28E6,   // 0x01F0 (496) pixels
0x28E6, 0x28E5, 0x2805, 0x28C7, 0x28E6, 0x28E6, 0x30E6, 0x30C5, 0x30C5, 0x30C5, 0x3007, 0x3007, 0x3087, 0x30A7, 0x28C6, 0x198E,   // 0x0200 (512) pixels
0x1A0F, 0x19F0, 0x19EC, 0x2805, 0x10C4, 0x19A8, 0x19C9, 0x19C9, 0x19CB, 0x19AD, 0x19AD, 0x11CA, 0x19A9, 0x19A8, 0x19A8, 0x1988,   // 0x0210 (528) pixels
0x1988, 0x196A, 0x196B, 0x1187, 0x1988, 0x1967, 0x2167, 0x1967, 0x1947, 0x1948, 0x1949, 0x1801, 0x1863, 0x1926, 0x2147, 0x2147,   // 0x0220 (544) pixels
0x1926, 0x1126, 0x0947, 0x2127, 0x2126, 0x2126, 0x2106, 0x2106, 0x2106, 0x2106, 0x08E5, 0x2106, 0x2106, 0x2106, 0x28E6, 0x28E6,   // 0x0230 (560) pixels
0x28E6, 0x28E5, 0x28C6, 0x2804, 0x28C6, 0x28E6, 0x30E6, 0x30C6, 0x30C5, 0x30C6, 0x38A6, 0x3007, 0x3007, 0x3087, 0x30A7, 0x28C7,   // 0x0240 (576) pixels
0x19ED, 0x1A10, 0x19F0, 0x19ED, 0x4807, 0x10C4, 0x19A8, 0x19C9, 0x19C9, 0x19AA, 0x19AE, 0x19AE, 0x09CA, 0x19A9, 0x19A8, 0x1988,   // 0x0250 (592) pixels
0x1988, 0x1988, 0x198B, 0x196D, 0x1968, 0x1967, 0x1967, 0x1967, 0x1967, 0x1947, 0x2149, 0x214C, 0x1802, 0x1863, 0x1926, 0x2147,   // 0x0260 (608) pixels
0x2126, 0x1926, 0x1126, 0x0929, 0x1926, 0x2126, 0x2126, 0x2106, 0x2106, 0x2106, 0x2106, 0x08E7, 0x2126, 0x2106, 0x28E6, 0x28E6,   // 0x0270 (624) pixels
0x28E6, 0x28E6, 0x28E5, 0x28E6, 0x2803, 0x30C6, 0x30E6, 0x30E6, 0x30C6, 0x30C6, 0x38C6, 0x30C6, 0x3006, 0x3027, 0x3087, 0x30A7,   // 0x0280 (640) pixels
0x1A0D, 0x1A0D, 0x19EF, 0x19F0, 0x19ED, 0x3806, 0x10A4, 0x19A8, 0x19C9, 0x19C9, 0x19AA, 0x19AE, 0x19AE, 0x020B, 0x19A8, 0x19A8,   // 0x0290 (656) pixels
0x1988, 0x1988, 0x1988, 0x198B, 0x198E, 0x1988, 0x1967, 0x1967, 0x1967, 0x1967, 0x2167, 0x2149, 0x214C, 0x1801, 0x1863, 0x2126,   // 0x02A0 (672) pixels
0x2126, 0x2126, 0x1926, 0x1127, 0x092A, 0x2127, 0x2126, 0x2106, 0x2106, 0x2126, 0x2106, 0x2906, 0x10E7, 0x28E6, 0x2906, 0x28E6,   // 0x02B0 (688) pixels
0x28E6, 0x28E6, 0x28E5, 0x28E5, 0x30C6, 0x2803, 0x28C5, 0x30C6, 0x30C6, 0x30C6, 0x30C6, 0x38C6, 0x38A6, 0x3004, 0x3025, 0x3087,   // 0x02C0 (704) pixels
0x1A0D, 0x1A0D, 0x19ED, 0x19ED, 0x19EE, 0x19CC, 0x4806, 0x10A4, 0x1988, 0x19C9, 0x19A9, 0x19A9, 0x198B, 0x198C, 0x09CA, 0x19A8,   // 0x02D0 (720) pixels
0x1988, 0x1988, 0x1988, 0x1967, 0x1969, 0x196C, 0x1988, 0x1967, 0x1967, 0x1967, 0x2167, 0x2147, 0x2147, 0x212B, 0x1801, 0x1863,   // 0x02E0 (736) pixels
0x2106, 0x2126, 0x2126, 0x1926, 0x1126, 0x0909, 0x2127, 0x2126, 0x2106, 0x2106, 0x2106, 0x28E6, 0x28E6, 0x10E7, 0x28E6, 0x2906,   // 0x02F0 (752) pixels
0x28E6, 0x28E6, 0x28E5, 0x28E6, 0x30C6, 0x30C6, 0x2804, 0x30C6, 0x30E6, 0x30C6, 0x30C6, 0x30C6, 0x38C6, 0x38A6, 0x3003, 0x3024,   // 0x0300 (768) pixels
0x1A0C, 0x1A0C, 0x1A0C, 0x19EC, 0x19EC, 0x19CC, 0x19CB, 0x1804, 0x10E4, 0x19A9, 0x19A8, 0x19A8, 0x19A8, 0x11A8, 0x1189, 0x1188,   // 0x0310 (784) pixels
0x1987, 0x1146, 0x1126, 0x1126, 0x1126, 0x1126, 0x1928, 0x1906, 0x1906, 0x1926, 0x2167, 0x2147, 0x1947, 0x2147, 0x2128, 0x1802,   // 0x0320 (800) pixels
0x1863, 0x2126, 0x2126, 0x1926, 0x1926, 0x0905, 0x0907, 0x1926, 0x1905, 0x18E5, 0x18C5, 0x18C5, 0x18C4, 0x18A4, 0x08A4, 0x30C5,   // 0x0330 (816) pixels
0x28E5, 0x28E6, 0x28E6, 0x28E6, 0x30E5, 0x30C6, 0x30C5, 0x1823, 0x20C5, 0x28A5, 0x2885, 0x2885, 0x2885, 0x2885, 0x2886, 0x2003,   // 0x0340 (832) pixels
0x669B, 0x19EA, 0x19EA, 0x19EA, 0x19C9, 0x19C9, 0x19CA, 0x11AA, 0x19E9, 0x19C9, 0x19C9, 0x19A9, 0x19A8, 0x19A8, 0x1188, 0x0988,   // 0x0350 (848) pixels
0x1988, 0x1988, 0x1988, 0x1988, 0x1967, 0x1967, 0x1967, 0x1967, 0x1803, 0x1863, 0x1906, 0x1947, 0x2147, 0x2147, 0x2147, 0x1926,   // 0x0360 (864) pixels
0x1803, 0x1926, 0x2126, 0x2126, 0x1926, 0x1106, 0x0905, 0x13D9, 0x2127, 0x2127, 0x2106, 0x2106, 0x2906, 0x28E6, 0x28E6, 0x28E6,   // 0x0370 (880) pixels
0x2004, 0x2804, 0x28A5, 0x28E5, 0x30E6, 0x28E6, 0x18C5, 0x0A53, 0x30E7, 0x30E8, 0x30C8, 0x30E7, 0x30C7, 0x30C6, 0x38A6, 0x38A6,   // 0x0380 (896) pixels
0x11EA, 0x5E7B, 0x1A0A, 0x19EA, 0x19EA, 0x19C9, 0x19E9, 0x19C9, 0x11C9, 0x11C9, 0x19C9, 0x19C9, 0x19A9, 0x19A8, 0x1988, 0x19A8,   // 0x0390 (912) pixels
0x0987, 0x1988, 0x1988, 0x1988, 0x1967, 0x1967, 0x1967, 0x1967, 0x1947, 0x1805, 0x1863, 0x1926, 0x1947, 0x2147, 0x2147, 0x2126,   // 0x03A0 (928) pixels
0x2146, 0x1803, 0x2106, 0x2126, 0x1926, 0x1926, 0x1105, 0x0905, 0x13D9, 0x2128, 0x2127, 0x2106, 0x2106, 0x2906, 0x28E6, 0x28E5,   // 0x03B0 (944) pixels
0x28E5, 0x2804, 0x2005, 0x28A5, 0x30C5, 0x30E6, 0x28E6, 0x20C5, 0x0AB5, 0x30E8, 0x30C9, 0x30C9, 0x30C8, 0x38C7, 0x38C7, 0x38C7,   // 0x03C0 (960) pixels
0x19ED, 0x11EA, 0x66BB, 0x19EA, 0x19EA, 0x19E9, 0x19C9, 0x19CA, 0x19CA, 0x11A9, 0x19C9, 0x19C9, 0x19A9, 0x19A8, 0x19A8, 0x1988,   // 0x03D0 (976) pixels
0x1188, 0x0987, 0x1988, 0x1988, 0x1988, 0x1967, 0x1967, 0x1967, 0x1967, 0x2147, 0x1804, 0x1043, 0x1906, 0x2147, 0x2147, 0x2126,   // 0x03E0 (992) pixels
0x2127, 0x2126, 0x1803, 0x2106, 0x2126, 0x2126, 0x1906, 0x1106, 0x0905, 0x1399, 0x2127, 0x2107, 0x2106, 0x2906, 0x28E6, 0x28E6,   // 0x03F0 (1008) pixels
0x28E6, 0x28E5, 0x2805, 0x2805, 0x2885, 0x30C5, 0x30E6, 0x30C5, 0x20C5, 0x0AF5, 0x30E8, 0x30C9, 0x30C9, 0x38C8, 0x38C7, 0x38C7,   // 0x0400 (1024) pixels
0x1A0E, 0x1A0F, 0x11ED, 0x7F7F, 0x19EA, 0x19E9, 0x19C9, 0x19C9, 0x19CA, 0x19CC, 0x11AB, 0x19C9, 0x19A8, 0x19A8, 0x19A8, 0x1988,   // 0x0410 (1040) pixels
0x1988, 0x1189, 0x0968, 0x1988, 0x1988, 0x1967, 0x1967, 0x1967, 0x1947, 0x1947, 0x1948, 0x1805, 0x1843, 0x1906, 0x2126, 0x2147,   // 0x0420 (1056) pixels
0x2126, 0x2126, 0x2126, 0x1803, 0x2106, 0x2126, 0x2106, 0x1906, 0x1105, 0x0905, 0x1B57, 0x2927, 0x2107, 0x2906, 0x28E6, 0x28E6,   // 0x0430 (1072) pixels
0x28E6, 0x28E5, 0x28E6, 0x2805, 0x2805, 0x2885, 0x30C5, 0x30C6, 0x30C6, 0x20C5, 0x0AF5, 0x30C7, 0x30C9, 0x30C9, 0x38C8, 0x38C7,   // 0x0440 (1088) pixels
0x19ED, 0x1A0E, 0x19F0, 0x11EF, 0x665B, 0x19E9, 0x19E9, 0x19C9, 0x19C9, 0x19AA, 0x19CE, 0x09AD, 0x19C9, 0x19A9, 0x19A8, 0x1988,   // 0x0450 (1104) pixels
0x1988, 0x1988, 0x198B, 0x096C, 0x1988, 0x1967, 0x1967, 0x1967, 0x1967, 0x1947, 0x1948, 0x194A, 0x182A, 0x1843, 0x1906, 0x2127,   // 0x0460 (1120) pixels
0x2126, 0x2126, 0x2127, 0x2128, 0x1802, 0x2106, 0x2126, 0x2126, 0x1906, 0x1105, 0x0905, 0x12F7, 0x2106, 0x2906, 0x2906, 0x28E6,   // 0x0470 (1136) pixels
0x28E6, 0x28E6, 0x28E6, 0x28E5, 0x2804, 0x2805, 0x2885, 0x30C5, 0x30C6, 0x30C5, 0x20C5, 0x0B37, 0x30C6, 0x30C8, 0x38C8, 0x38C8,   // 0x0480 (1152) pixels
0x1A0C, 0x1A0C, 0x19EE, 0x19F0, 0x11EF, 0x5DBA, 0x19E9, 0x19C9, 0x19C9, 0x19C9, 0x19AB, 0x19AE, 0x09AE, 0x19A8, 0x19A8, 0x19A8,   // 0x0490 (1168) pixels
0x1988, 0x1988, 0x1989, 0x198C, 0x098D, 0x1967, 0x1967, 0x1967, 0x1967, 0x1967, 0x1947, 0x2149, 0x214C, 0x102E, 0x1842, 0x20E6,   // 0x04A0 (1184) pixels
0x2126, 0x2126, 0x2126, 0x2127, 0x2129, 0x2002, 0x2106, 0x2106, 0x2106, 0x1906, 0x1105, 0x0905, 0x020F, 0x2106, 0x2906, 0x28E6,   // 0x04B0 (1200) pixels
0x28E6, 0x28E6, 0x28E5, 0x28C5, 0x30C6, 0x2802, 0x2803, 0x3085, 0x30C5, 0x30C6, 0x30C5, 0x20C5, 0x1B57, 0x38C6, 0x38C6, 0x38C7,   // 0x04C0 (1216) pixels
0x1A0C, 0x1A0C, 0x19EC, 0x19CC, 0x19CE, 0x11CE, 0x64D7, 0x19C9, 0x19C8, 0x19C9, 0x19A8, 0x19AA, 0x19AD, 0x118D, 0x19A8, 0x19A8,   // 0x04D0 (1232) pixels
0x1988, 0x1988, 0x1967, 0x1968, 0x196B, 0x096D, 0x1967, 0x1967, 0x1967, 0x1967, 0x1947, 0x2147, 0x1948, 0x212C, 0x102D, 0x1842,   // 0x04E0 (1248) pixels
0x1906, 0x2127, 0x2126, 0x2126, 0x2127, 0x2109, 0x2002, 0x2106, 0x2106, 0x2106, 0x1906, 0x10E5, 0x08E5, 0x016C, 0x28E6, 0x28E6,   // 0x04F0 (1264) pixels
0x28E6, 0x28E6, 0x28E5, 0x28E6, 0x30C6, 0x30C6, 0x2804, 0x2803, 0x3085, 0x30C6, 0x30C6, 0x30C6, 0x20A5, 0x2356, 0x38C6, 0x38C6,   // 0x0500 (1280) pixels
0x120C, 0x1316, 0x1B16, 0x1AF6, 0x1AD5, 0x1AD5, 0x1273, 0x01CC, 0x118A, 0x1967, 0x1967, 0x1988, 0x19A8, 0x198A, 0x098A, 0x19A8,   // 0x0510 (1296) pixels
0x19A8, 0x1988, 0x1987, 0x1967, 0x1968, 0x1168, 0x096A, 0x1967, 0x1967, 0x1967, 0x1947, 0x1947, 0x2147, 0x2127, 0x212A, 0x102D,   // 0x0520 (1312) pixels
0x1044, 0x18E6, 0x1906, 0x1905, 0x18E5, 0x20E5, 0x20E8, 0x2004, 0x20C5, 0x18C5, 0x20C5, 0x18E5, 0x10E5, 0x08E5, 0x014C, 0x2106,   // 0x0530 (1328) pixels
0x28E6, 0x28E6, 0x28E6, 0x28E6, 0x28E6, 0x30C6, 0x30C6, 0x2804, 0x3024, 0x30A5, 0x30C6, 0x30C6, 0x30C6, 0x20A5, 0x1B78, 0x38C6,   // 0x0540 (1344) pixels
0x1A0A, 0x1A0A, 0x19EA, 0x19EA, 0x19EA, 0x19CB, 0x19CA, 0x1948, 0x1824, 0x10A4, 0x10E5, 0x1947, 0x1988, 0x1988, 0x1988, 0x1988,   // 0x0550 (1360) pixels
0x902C, 0x0802, 0x10E5, 0x1146, 0x1146, 0x1126, 0x0926, 0x0926, 0x1968, 0x1947, 0x1947, 0x1926, 0x1926, 0x1126, 0x0926, 0x0925,   // 0x0560 (1376) pixels
0x2147, 0x2147, 0x2126, 0x2126, 0x2106, 0x2106, 0x2106, 0x2106, 0x2003, 0x2043, 0x20C5, 0x2106, 0x2106, 0x20E5, 0x20E5, 0x08E5,   // 0x0570 (1392) pixels
0x2107, 0x2906, 0x28E6, 0x28E6, 0x28E5, 0x28C5, 0x30C5, 0x30C5, 0x2803, 0x30A6, 0x30C6, 0x30C6, 0x38C6, 0x30C6, 0x30C6, 0x30A7,   // 0x0580 (1408) pixels
0x771D, 0x1A0A, 0x1A0A, 0x19EA, 0x19EA, 0x19EA, 0x19CA, 0x19CA, 0x2188, 0x1003, 0x1044, 0x10E4, 0x1947, 0x1968, 0x1988, 0x1988,   // 0x0590 (1424) pixels
0x1988, 0x904C, 0x1042, 0x1126, 0x1967, 0x1167, 0x1167, 0x0967, 0x0967, 0x1968, 0x1967, 0x1967, 0x1947, 0x1947, 0x1946, 0x0926,   // 0x05A0 (1440) pixels
0x0926, 0x2147, 0x2127, 0x2126, 0x2126, 0x2126, 0x2106, 0x2106, 0x2106, 0x2004, 0x2044, 0x20C5, 0x28E6, 0x2906, 0x28E6, 0x28E6,   // 0x05B0 (1456) pixels
0x08C4, 0x28E7, 0x28E7, 0x28E6, 0x28E6, 0x28E6, 0x30E6, 0x30C6, 0x30C6, 0x2825, 0x30C8, 0x30C7, 0x30C7, 0x30C6, 0x38C6, 0x38C7,   // 0x05C0 (1472) pixels
0x11EA, 0x5E1B, 0x1A0A, 0x19EA, 0x19EA, 0x19E9, 0x19C9, 0x19C9, 0x19CA, 0x2168, 0x1004, 0x1046, 0x10C4, 0x1947, 0x1967, 0x1988,   // 0x05D0 (1488) pixels
0x1988, 0x1968, 0x908C, 0x1022, 0x1106, 0x1967, 0x1967, 0x1147, 0x0967, 0x0947, 0x2168, 0x1967, 0x1947, 0x1967, 0x1947, 0x1946,   // 0x05E0 (1504) pixels
0x0926, 0x0926, 0x2148, 0x2127, 0x2126, 0x2126, 0x2106, 0x2106, 0x2106, 0x2106, 0x2005, 0x2044, 0x20C5, 0x28E6, 0x28E6, 0x28E6,   // 0x05F0 (1520) pixels
0x28E6, 0x08C4, 0x28E7, 0x28E8, 0x28E7, 0x30E6, 0x30E6, 0x30C6, 0x30C5, 0x30C6, 0x3006, 0x30C9, 0x30C8, 0x38C7, 0x38C7, 0x38C7,   // 0x0600 (1536) pixels
0x120D, 0x11ED, 0x3B92, 0x19EA, 0x19EA, 0x19C9, 0x19C9, 0x19C9, 0x19AA, 0x19A9, 0x1968, 0x1807, 0x1049, 0x10C4, 0x1946, 0x1967,   // 0x0610 (1552) pixels
0x1987, 0x1988, 0x1968, 0x986D, 0x1022, 0x1906, 0x1967, 0x1967, 0x1147, 0x0947, 0x0947, 0x2147, 0x1947, 0x1947, 0x2147, 0x1946,   // 0x0620 (1568) pixels
0x1126, 0x0926, 0x0926, 0x2127, 0x2127, 0x2126, 0x2106, 0x2106, 0x2106, 0x2106, 0x2905, 0x2004, 0x2024, 0x28C5, 0x28E6, 0x28E6,   // 0x0630 (1584) pixels
0x28E6, 0x28E6, 0x08E4, 0x28E7, 0x28E8, 0x28E6, 0x30E6, 0x30C6, 0x30C5, 0x30C6, 0x30C6, 0x3006, 0x30C9, 0x30C8, 0x38C7, 0x38C7,   // 0x0640 (1600) pixels
0x120D, 0x11EF, 0x09F0, 0x122B, 0x19E9, 0x19E9, 0x19C9, 0x19C9, 0x19CA, 0x19AC, 0x19AC, 0x2148, 0x3805, 0x104C, 0x10C4, 0x1926,   // 0x0650 (1616) pixels
0x1967, 0x1968, 0x196A, 0x196A, 0x906D, 0x1023, 0x1905, 0x1967, 0x1967, 0x1147, 0x0947, 0x0948, 0x1947, 0x1947, 0x2147, 0x2147,   // 0x0660 (1632) pixels
0x1926, 0x1926, 0x0905, 0x0926, 0x2127, 0x2126, 0x2126, 0x2106, 0x2106, 0x2106, 0x28E6, 0x28E6, 0x2004, 0x2024, 0x20C5, 0x28E6,   // 0x0670 (1648) pixels
0x28E6, 0x28E5, 0x28C5, 0x00C4, 0x28E6, 0x28E7, 0x30E6, 0x30E6, 0x30C6, 0x30C5, 0x30A5, 0x38A6, 0x3005, 0x30C8, 0x38C8, 0x38C7,   // 0x0680 (1664) pixels
0x120C, 0x120D, 0x11EF, 0x11F0, 0x2AED, 0x19E9, 0x19C9, 0x19C9, 0x19C9, 0x19AA, 0x19AD, 0x19AE, 0x2149, 0x4006, 0x106C, 0x10A4,   // 0x0690 (1680) pixels
0x1926, 0x1967, 0x1968, 0x196B, 0x196D, 0x906C, 0x1822, 0x1906, 0x1947, 0x1967, 0x1147, 0x0948, 0x094B, 0x1947, 0x2147, 0x2147,   // 0x06A0 (1696) pixels
0x2126, 0x1926, 0x1926, 0x0906, 0x0928, 0x2126, 0x2106, 0x2106, 0x2106, 0x2106, 0x2106, 0x28E6, 0x28E7, 0x2002, 0x2023, 0x28C5,   // 0x06B0 (1712) pixels
0x28E5, 0x28E6, 0x28E5, 0x28E5, 0x08A5, 0x28E6, 0x28E6, 0x30E6, 0x30C6, 0x30C5, 0x30C6, 0x30C6, 0x30A5, 0x3004, 0x30A7, 0x38C8,   // 0x06C0 (1728) pixels
0x11EC, 0x11EB, 0x11EC, 0x09EE, 0x11F0, 0x22CE, 0x19E9, 0x19C9, 0x19C9, 0x19A9, 0x19AA, 0x19AD, 0x19AE, 0x196A, 0x4006, 0x104C,   // 0x06D0 (1744) pixels
0x10A4, 0x1926, 0x1967, 0x1968, 0x196B, 0x196E, 0x904D, 0x1802, 0x18E5, 0x1947, 0x1947, 0x1146, 0x0948, 0x094B, 0x1927, 0x2147,   // 0x06E0 (1760) pixels
0x1927, 0x1926, 0x1926, 0x1926, 0x0906, 0x0909, 0x1926, 0x2126, 0x2106, 0x2106, 0x2106, 0x28E6, 0x20E5, 0x28E7, 0x2802, 0x2023,   // 0x06F0 (1776) pixels
0x28A5, 0x28E5, 0x28E5, 0x28E5, 0x28C5, 0x08C5, 0x30E6, 0x30E6, 0x30C6, 0x30C6, 0x30C5, 0x30C6, 0x38C6, 0x38C6, 0x3004, 0x38A6,   // 0x0700 (1792) pixels
0x11CB, 0x11EA, 0x11EA, 0x11EB, 0x11CB, 0x11CE, 0x1A0B, 0x19C9, 0x19C9, 0x19A8, 0x19A8, 0x19A9, 0x198C, 0x198D, 0x2147, 0x1002,   // 0x0710 (1808) pixels
0x1021, 0x10C5, 0x1947, 0x1967, 0x1967, 0x196A, 0x194C, 0x88AC, 0x1023, 0x08E6, 0x1107, 0x1107, 0x00E7, 0x0107, 0x0108, 0x194C,   // 0x0720 (1824) pixels
0x1906, 0x1926, 0x2126, 0x1906, 0x1906, 0x1106, 0x0909, 0x2106, 0x2106, 0x2106, 0x2106, 0x28E6, 0x28E6, 0x28E6, 0x28E8, 0x292F,   // 0x0730 (1840) pixels
0x3254, 0x2A33, 0x2A11, 0x298D, 0x290A, 0x28E8, 0x08C7, 0x28E6, 0x30C6, 0x30C6, 0x30C5, 0x30A5, 0x30C5, 0x30C6, 0x38C6, 0x3004,   // 0x0740 (1856) pixels
0x40C7, 0x1147, 0x11E9, 0x11E9, 0x11C9, 0x11CA, 0x11C9, 0x11C9, 0x11A8, 0x1167, 0x1147, 0x1146, 0x1146, 0x1146, 0x1926, 0x1926,   // 0x0750 (1872) pixels
0x1028, 0x1062, 0x1947, 0x1967, 0x1967, 0x1167, 0x0967, 0x0967, 0x1967, 0x1967, 0x1967, 0x1947, 0x1947, 0x2147, 0x2126, 0x1926,   // 0x0760 (1888) pixels
0x1807, 0x1884, 0x2106, 0x2126, 0x2126, 0x1906, 0x1906, 0x1906, 0x1801, 0x18E5, 0x18C5, 0x18C5, 0x18C4, 0x10A4, 0x00C3, 0x0212,   // 0x0770 (1904) pixels
0x2906, 0x28E6, 0x28E6, 0x28E6, 0x28E5, 0x28E5, 0x30C6, 0x30C5, 0x30E6, 0x30C6, 0x30C6, 0x30C6, 0x30C6, 0x30C6, 0x38C6, 0x38A6,   // 0x0780 (1920) pixels
0x19E9, 0x50C8, 0x1146, 0x11C9, 0x11C9, 0x11C9, 0x11C9, 0x11C9, 0x11A9, 0x19C9, 0x19A9, 0x19A8, 0x19A8, 0x19A8, 0x1988, 0x1988,   // 0x0790 (1936) pixels
0x1987, 0x1028, 0x10A4, 0x1967, 0x1967, 0x1967, 0x1167, 0x0967, 0x0947, 0x1967, 0x1967, 0x1947, 0x1947, 0x2147, 0x2126, 0x2126,   // 0x07A0 (1952) pixels
0x2126, 0x182D, 0x1883, 0x2106, 0x2126, 0x2126, 0x2106, 0x2106, 0x2106, 0x1803, 0x2106, 0x2106, 0x2106, 0x18E5, 0x10E5, 0x00E4,   // 0x07B0 (1968) pixels
0x016B, 0x2106, 0x28E6, 0x28E5, 0x28E5, 0x28E6, 0x30C6, 0x30C5, 0x30C6, 0x28C6, 0x30C6, 0x30C7, 0x30C6, 0x30C6, 0x30C6, 0x38C6,   // 0x07C0 (1984) pixels
0x19EA, 0x19E9, 0x50E8, 0x1126, 0x19C9, 0x19C9, 0x19C9, 0x11A9, 0x11A9, 0x11A9, 0x19C9, 0x19A8, 0x19A8, 0x1988, 0x1988, 0x1988,   // 0x07D0 (2000) pixels
0x1967, 0x1967, 0x1809, 0x10C4, 0x1967, 0x1967, 0x1947, 0x1147, 0x0947, 0x0946, 0x1967, 0x1947, 0x1947, 0x2147, 0x2126, 0x2126,   // 0x07E0 (2016) pixels
0x1926, 0x2126, 0x182F, 0x1864, 0x2106, 0x2126, 0x2106, 0x2106, 0x2106, 0x28E5, 0x2004, 0x20E6, 0x2106, 0x2106, 0x18E5, 0x10E5,   // 0x07F0 (2032) pixels
0x08E5, 0x0108, 0x28E7, 0x28E7, 0x28E6, 0x28E5, 0x28E6, 0x30E5, 0x30C6, 0x30C6, 0x28E8, 0x30C8, 0x30C7, 0x30C6, 0x30C6, 0x38A6,   // 0x0800 (2048) pixels
};

const unsigned short Neon_2[2048] PROGMEM={
0x0003, 0x0002, 0x0003, 0x0003, 0x0024, 0x0005, 0x0025, 0x0025, 0x0825, 0x0825, 0x0825, 0x0825, 0x1026, 0x1026, 0x1026, 0x1045,   // 0x0010 (16) pixels
0x1025, 0x1025, 0x1025, 0x1825, 0x1825, 0x1804, 0x1804, 0x1804, 0x1803, 0x1803, 0x1803, 0x1803, 0x1803, 0x1803, 0x1803, 0x1803,   // 0x0020 (32) pixels
0x1803, 0x1803, 0x1803, 0x1803, 0x1803, 0x1803, 0x1803, 0x1803, 0x1804, 0x1804, 0x1804, 0x1805, 0x1825, 0x1025, 0x1025, 0x1025,   // 0x0030 (48) pixels
0x1045, 0x1025, 0x1026, 0x1026, 0x0846, 0x0826, 0x0826, 0x0825, 0x0825, 0x0825, 0x0005, 0x0024, 0x0003, 0x0003, 0x0002, 0x0002,   // 0x0040 (64) pixels
0x0002, 0x3A11, 0x0003, 0x0003, 0x0846, 0x18EB, 0x0846, 0x0826, 0x0847, 0x0847, 0x1047, 0x1047, 0x1067, 0x1067, 0x1067, 0x1047,   // 0x0050 (80) pixels
0x1846, 0x1846, 0x1826, 0x1826, 0x1825, 0x1804, 0x1804, 0x1804, 0x2004, 0x2003, 0x2003, 0x2003, 0x1803, 0x1803, 0x1803, 0x1803,   // 0x0060 (96) pixels
0x1803, 0x1803, 0x1803, 0x1803, 0x1803, 0x1803, 0x2003, 0x1804, 0x1804, 0x1824, 0x2005, 0x1825, 0x1825, 0x1826, 0x1846, 0x1846,   // 0x0070 (112) pixels
0x1047, 0x1047, 0x1047, 0x1047, 0x1047, 0x1047, 0x0847, 0x0847, 0x0827, 0x0846, 0x194B, 0x0826, 0x0003, 0x0003, 0x31EE, 0x0003,   // 0x0080 (128) pixels
0x0002, 0x0005, 0x0003, 0x0024, 0x0026, 0x4AD1, 0x0848, 0x0848, 0x10AA, 0x108A, 0x1089, 0x1889, 0x1889, 0x1068, 0x1068, 0x1868,   // 0x0090 (144) pixels
0x1868, 0x1867, 0x2047, 0x2026, 0x2026, 0x2025, 0x2025, 0x2005, 0x2004, 0x2004, 0x2003, 0x2003, 0x2003, 0x1803, 0x1803, 0x1803,   // 0x00A0 (160) pixels
0x1803, 0x2003, 0x2003, 0x2003, 0x2003, 0x2003, 0x2004, 0x2004, 0x2005, 0x2005, 0x2025, 0x2026, 0x2046, 0x2046, 0x1847, 0x1868,   // 0x00B0 (176) pixels
0x1868, 0x1868, 0x1089, 0x1069, 0x1069, 0x1089, 0x1089, 0x08A9, 0x0868, 0x0847, 0x42B1, 0x0826, 0x0024, 0x0003, 0x0005, 0x0003,   // 0x00C0 (192) pixels
0x0003, 0x0003, 0x0006, 0x0804, 0x0025, 0x0868, 0x108A, 0x0869, 0x194E, 0x210E, 0x18AC, 0x10CC, 0x10AB, 0x18AB, 0x18AA, 0x1889,   // 0x00D0 (208) pixels
0x2069, 0x2089, 0x2048, 0x2847, 0x2827, 0x2826, 0x2826, 0x2825, 0x2805, 0x2804, 0x2804, 0x2804, 0x2003, 0x2003, 0x2003, 0x2003,   // 0x00E0 (224) pixels
0x2003, 0x2003, 0x2003, 0x2003, 0x2003, 0x2804, 0x2804, 0x2804, 0x2805, 0x2825, 0x2826, 0x2827, 0x2847, 0x2848, 0x2069, 0x2089,   // 0x00F0 (240) pixels
0x18AA, 0x18AA, 0x18AA, 0x18CC, 0x10CC, 0x10CC, 0x10CC, 0x10ED, 0x0889, 0x108A, 0x0849, 0x0026, 0x0023, 0x0007, 0x0003, 0x0002,   // 0x0100 (256) pixels
0x0002, 0x0003, 0x0006, 0x0804, 0x0025, 0x0848, 0x5B34, 0x088A, 0x108C, 0x194F, 0x194E, 0x7479, 0x2170, 0x2991, 0x290E, 0x210D,   // 0x0110 (272) pixels
0x28EC, 0x28AA, 0x308A, 0x3069, 0x3048, 0x3047, 0x3826, 0x3825, 0x3024, 0x3004, 0x3004, 0x3004, 0x2803, 0x2003, 0x2003, 0x2003,   // 0x0120 (288) pixels
0x2003, 0x2003, 0x2803, 0x2803, 0x2803, 0x3004, 0x3024, 0x3825, 0x3826, 0x3826, 0x3847, 0x3048, 0x3068, 0x2889, 0x28AB, 0x28CC,   // 0x0130 (304) pixels
0x290D, 0x212E, 0x2191, 0x2170, 0x7459, 0x194E, 0x1990, 0x10AC, 0x106A, 0x5B55, 0x0848, 0x0825, 0x0824, 0x0006, 0x0003, 0x0002,   // 0x0140 (320) pixels
0x0002, 0x0003, 0x0003, 0x0027, 0x0825, 0x0847, 0x08CA, 0x10AB, 0x10AB, 0xCEFF, 0x194E, 0x5B98, 0x29F2, 0x6C39, 0x29B2, 0x5B37,   // 0x0150 (336) pixels
0x394F, 0x390D, 0x38AC, 0x388B, 0x4069, 0x4048, 0x4047, 0x4027, 0x4025, 0x4025, 0x3804, 0x3804, 0x3004, 0x2804, 0x2803, 0x2003,   // 0x0160 (352) pixels
0x2003, 0x2003, 0x2803, 0x2824, 0x3004, 0x3804, 0x3825, 0x4025, 0x4026, 0x4047, 0x4848, 0x4069, 0x388A, 0x30AC, 0x30ED, 0x312F,   // 0x0170 (368) pixels
0x6B58, 0x29F3, 0x63F9, 0x29F2, 0x5378, 0x1950, 0xC6DF, 0x10AC, 0x108B, 0x0069, 0x0847, 0x0825, 0x0027, 0x0003, 0x0003, 0x0002,   // 0x0180 (384) pixels
0x0003, 0x0023, 0x0023, 0x0847, 0x0025, 0x0846, 0x1069, 0x08AA, 0x10AB, 0x2150, 0x29B1, 0x29D2, 0x3A74, 0x3255, 0x42B7, 0x4B35,   // 0x0190 (400) pixels
0x3993, 0x51B3, 0xCC7E, 0x58AE, 0x608D, 0x604B, 0x6869, 0x6867, 0x6845, 0x6045, 0x4825, 0x4004, 0x3004, 0x3004, 0x2803, 0x2803,   // 0x01A0 (416) pixels
0x2803, 0x2803, 0x2803, 0x3024, 0x4025, 0x4825, 0x6046, 0x6846, 0x6866, 0x6869, 0x608B, 0x608D, 0x68EF, 0xD4DF, 0x4992, 0x41B3,   // 0x01B0 (432) pixels
0x4AF4, 0x3AB7, 0x3A75, 0x3254, 0x29F3, 0x2170, 0x2170, 0x108B, 0x10CB, 0x1089, 0x0846, 0x0846, 0x0848, 0x0003, 0x0003, 0x0002,   // 0x01C0 (448) pixels
0x0003, 0x0023, 0x0003, 0x0004, 0x0846, 0x0826, 0x1068, 0x5B35, 0x10CB, 0x18ED, 0x7C9A, 0x2191, 0xBEDF, 0x3254, 0x955C, 0x3A76,   // 0x01D0 (464) pixels
0x4A35, 0xDE1F, 0x6151, 0x7112, 0x80D1, 0xBA35, 0xE397, 0xF3F4, 0x88A5, 0x88A6, 0x6045, 0x4824, 0x3804, 0x3004, 0x2803, 0x2803,   // 0x01E0 (480) pixels
0x2803, 0x2803, 0x2803, 0x3804, 0x4824, 0x5824, 0x8886, 0x9947, 0xF414, 0xEB97, 0xC235, 0x80D1, 0x70F1, 0x6172, 0xD5FF, 0x4A34,   // 0x01F0 (496) pixels
0x3A55, 0x959E, 0x3233, 0xCEFF, 0x21B1, 0x7C59, 0x20ED, 0x10AB, 0x5B14, 0x0848, 0x0846, 0x0847, 0x0825, 0x0003, 0x0003, 0x0002,   // 0x0200 (512) pixels
0x0003, 0x0003, 0x0003, 0x0825, 0x6B97, 0x0826, 0x0848, 0x10CB, 0x10CB, 0x18CC, 0x21B1, 0x2190, 0x3A74, 0x3235, 0x5B98, 0x3A96,   // 0x0210 (528) pixels
0x845B, 0x51F4, 0x5952, 0x6911, 0xB278, 0x806F, 0x98AE, 0xB94B, 0xB146, 0xBA29, 0x7066, 0x5046, 0x3804, 0x3004, 0x2803, 0x2803,   // 0x0220 (544) pixels
0x2803, 0x2803, 0x3004, 0x3804, 0x5025, 0x7065, 0xBA29, 0xB967, 0xB12C, 0x98EE, 0x88B0, 0xAA37, 0x7111, 0x5952, 0x49D4, 0x845C,   // 0x0230 (560) pixels
0x3A75, 0x63F9, 0x4276, 0x3A93, 0x1990, 0x2991, 0x18AC, 0x10CB, 0x10CB, 0x0868, 0x0846, 0x6BD7, 0x0825, 0x0004, 0x0003, 0x0002,   // 0x0240 (576) pixels
0x0004, 0x0003, 0x0003, 0x0804, 0x0806, 0x0867, 0x0848, 0x0869, 0xB5DF, 0x18AC, 0x1950, 0x29F2, 0x29D2, 0x955D, 0x3A75, 0x5358,   // 0x0250 (592) pixels
0x4AD5, 0x5214, 0x5992, 0x6973, 0x7911, 0x886F, 0xB172, 0xF395, 0xD2CD, 0xA986, 0x8886, 0x5825, 0x4004, 0x3004, 0x2803, 0x2803,   // 0x0260 (608) pixels
0x2803, 0x3004, 0x3804, 0x4004, 0x5825, 0x8086, 0xA986, 0xDB0E, 0xFBD7, 0xA951, 0x8890, 0x78F2, 0x7153, 0x69F4, 0x49D3, 0x4AD5,   // 0x0270 (624) pixels
0x5357, 0x3A96, 0x9D7E, 0x29D2, 0x29D2, 0x214F, 0x18CC, 0xADBF, 0x0869, 0x0848, 0x0846, 0x0826, 0x0824, 0x0004, 0x0003, 0x0003,   // 0x0280 (640) pixels
0x0003, 0x0003, 0x0003, 0x0804, 0x0825, 0x0046, 0x0847, 0x0869, 0xBE3F, 0x18CC, 0x1950, 0x29F2, 0x29F2, 0x6C18, 0x3A95, 0x4AF6,   // 0x0290 (656) pixels
0x6BB8, 0x51F4, 0x59B2, 0xA319, 0x78F2, 0x90B0, 0x90AE, 0xB9AF, 0xFD17, 0xBA6A, 0x8886, 0x5845, 0x4004, 0x3803, 0x2803, 0x2803,   // 0x02A0 (672) pixels
0x2803, 0x2824, 0x3024, 0x4004, 0x5825, 0x8886, 0xBA48, 0xFD77, 0xB16D, 0x888D, 0x8890, 0x7912, 0xA2D8, 0x69B4, 0x51D5, 0x5B76,   // 0x02B0 (688) pixels
0x42D5, 0x42B6, 0x7478, 0x29F2, 0x29F2, 0x2170, 0x18CC, 0xADBF, 0x0889, 0x0848, 0x0847, 0x0025, 0x0824, 0x0024, 0x0003, 0x0003,   // 0x02C0 (704) pixels
0x0804, 0x1003, 0x1004, 0x1024, 0x8459, 0x1047, 0x1847, 0x28EB, 0x20EC, 0x28ED, 0x3212, 0x3170, 0x4274, 0x4A76, 0x8CFC, 0x5256,   // 0x02D0 (720) pixels
0x62F6, 0x59B3, 0x6953, 0x7912, 0xE3BE, 0xB9F5, 0xA8EF, 0xB94A, 0xC188, 0xB186, 0x80A6, 0x6846, 0x6024, 0x5825, 0x5825, 0x5824,   // 0x02E0 (736) pixels
0x5824, 0x5824, 0x5825, 0x6045, 0x7066, 0x7865, 0xB187, 0xC189, 0xB94B, 0xA0EE, 0xB1B4, 0xEBDD, 0x78F1, 0x6952, 0x6215, 0x7359,   // 0x02F0 (752) pixels
0x4A36, 0x847B, 0x4255, 0x3A53, 0x3170, 0x3232, 0x28ED, 0x20CB, 0x20EB, 0x1849, 0x1847, 0x94BB, 0x1025, 0x1024, 0x0804, 0x0803,   // 0x0300 (768) pixels
0x3025, 0x3027, 0x3847, 0x3848, 0x3008, 0x4049, 0x488A, 0x82F5, 0x58CE, 0x6110, 0xA3D9, 0x7173, 0xF69F, 0x81D7, 0xACDB, 0x9257,   // 0x0310 (784) pixels
0xA278, 0xFD7F, 0xB176, 0xC9F8, 0xC1D5, 0xCA55, 0xFCDD, 0xFC77, 0xDB12, 0xFBD2, 0xD211, 0xC1D0, 0xC18F, 0xB96E, 0xB14E, 0xB12D,   // 0x0320 (800) pixels
0xB12D, 0xB12E, 0xB12D, 0xB94E, 0xC9D0, 0xD210, 0xF392, 0xE2F3, 0xFC58, 0xFD7F, 0xCA56, 0xC9F6, 0xC9B6, 0xB9B5, 0xFD5F, 0xA237,   // 0x0330 (816) pixels
0x9A98, 0xBCDC, 0x81D6, 0xF69F, 0x7173, 0x9BB9, 0x60F0, 0x58CE, 0x8B16, 0x488B, 0x4069, 0x3849, 0x3828, 0x3826, 0x3026, 0x3025,   // 0x0340 (832) pixels
0x406A, 0x408B, 0x488C, 0x40AD, 0x48AD, 0x50CE, 0x590F, 0x4930, 0x6932, 0x7215, 0x71F6, 0x7A57, 0x7AB7, 0x8AFA, 0x8B1B, 0xBC9D,   // 0x0350 (848) pixels
0xAAFD, 0xA2DB, 0xE47F, 0xBABC, 0xCABC, 0xD27C, 0xDA3A, 0xEA98, 0xF317, 0xFB76, 0xB193, 0x8954, 0x8113, 0x80F2, 0x80F2, 0x80D2,   // 0x0360 (864) pixels
0x80D2, 0x78F2, 0x78F2, 0x8113, 0x8953, 0xA933, 0xFB76, 0xF337, 0xEA98, 0xDA39, 0xD23C, 0xD2DD, 0xAA7A, 0xE49F, 0xA2FC, 0xAAFC,   // 0x0370 (880) pixels
0xB49C, 0x8B5C, 0x931A, 0x82B8, 0x7A78, 0x7216, 0x69D4, 0x6952, 0x5151, 0x6110, 0x50EE, 0x50CD, 0x38AC, 0x48AB, 0x488B, 0x408A,   // 0x0380 (896) pixels
0x410F, 0x4150, 0x4971, 0x39D2, 0x4992, 0x51F4, 0x4212, 0x5256, 0x5A97, 0xD6BF, 0x6339, 0x9D9F, 0x743C, 0x9DDF, 0x7CBE, 0xCEDF,   // 0x0390 (912) pixels
0x845E, 0x947E, 0x9B9D, 0xB35E, 0xCABD, 0xD25B, 0xE25B, 0xEAD7, 0xF2F4, 0xEAF5, 0xA953, 0x7173, 0x5952, 0x5952, 0x5972, 0x5971,   // 0x03A0 (928) pixels
0x5971, 0x5971, 0x5972, 0x5972, 0x7173, 0xA154, 0xE2D3, 0xF2F5, 0xEAB7, 0xE27A, 0xD25B, 0xC2BD, 0xBB5E, 0x9BBE, 0x9C9F, 0x7C5D,   // 0x03B0 (944) pixels
0xBE7F, 0x84DF, 0xA5FF, 0x745C, 0x8D3D, 0x6B5A, 0xCF1F, 0x5A97, 0x5257, 0x41F3, 0x49D4, 0x49B3, 0x39F3, 0x4151, 0x4130, 0x410F,   // 0x03C0 (960) pixels
0x3971, 0x39B2, 0x31B2, 0x41F4, 0x4214, 0x4255, 0x84DC, 0x42B7, 0x4B18, 0x5359, 0x537A, 0x851B, 0x5B9C, 0x853F, 0x6C7E, 0x749E,   // 0x03D0 (976) pixels
0x849F, 0x941E, 0xAB7E, 0xB2BC, 0xC25C, 0xCA1A, 0xD9F8, 0xDA55, 0xE293, 0xDA32, 0x9911, 0x6111, 0x5130, 0x4930, 0x4930, 0x4930,   // 0x03E0 (992) pixels
0x4930, 0x4930, 0x4930, 0x5130, 0x6111, 0xA0F1, 0xDA52, 0xE273, 0xE235, 0xD9F7, 0xC9FA, 0xC25C, 0xB2DD, 0xAB7E, 0x93DE, 0x849E,   // 0x03F0 (1008) pixels
0x6C5D, 0x6C7E, 0x7CDD, 0x5BDC, 0x7CFA, 0x539A, 0x5358, 0x4AF8, 0x4AB7, 0x84DC, 0x4256, 0x4235, 0x41F4, 0x31D2, 0x41B2, 0x3991,   // 0x0400 (1024) pixels
0x3191, 0x31B2, 0x4275, 0x31F3, 0x3A14, 0x3A35, 0x3A55, 0x3A56, 0x42B6, 0x4AF7, 0x42B7, 0x7D1F, 0x5C1C, 0x643D, 0x751F, 0x751F,   // 0x0410 (1040) pixels
0x849E, 0x93DE, 0xA31D, 0xAA5C, 0xB9DA, 0xC198, 0xC1B5, 0xC9F3, 0xCA10, 0xC18F, 0x88AD, 0x60CF, 0x40CD, 0x38EE, 0x38ED, 0x38EE,   // 0x0420 (1056) pixels
0x38EE, 0x38EE, 0x38ED, 0x48EE, 0x58CF, 0x88CE, 0xC1D0, 0xCA11, 0xC9F3, 0xC9D5, 0xC1B8, 0xB9FA, 0xAA7B, 0xA2FC, 0x93DE, 0x849E,   // 0x0430 (1072) pixels
0x7CFF, 0x751F, 0x53FB, 0x53FB, 0x74BF, 0x3A97, 0x42B8, 0x3A95, 0x3A76, 0x4276, 0x3234, 0x3A14, 0x39F3, 0x4254, 0x3192, 0x3191,   // 0x0440 (1088) pixels
0x2971, 0x2991, 0x29B2, 0x31B2, 0x29B2, 0x4AF4, 0x31F4, 0x31F4, 0x3A75, 0x3AF7, 0x3256, 0x4BBB, 0x5C7D, 0x649D, 0x751F, 0x751F,   // 0x0450 (1104) pixels
0x849F, 0x93DE, 0x9AFC, 0xA1FA, 0xB199, 0xB136, 0xB953, 0xB971, 0xB98F, 0xB12E, 0x88CC, 0x58AC, 0x40CC, 0x38CC, 0x38CC, 0x30CC,   // 0x0460 (1120) pixels
0x30CC, 0x30EC, 0x38CB, 0x40CC, 0x58AC, 0x80CC, 0xB12E, 0xB98F, 0xB991, 0xB953, 0xB177, 0xB199, 0xAA3B, 0x9AFC, 0x93DE, 0x849F,   // 0x0470 (1136) pixels
0x7CDF, 0x751F, 0x649D, 0x5C5D, 0x4B9B, 0x3297, 0x3AD8, 0x3275, 0x29F3, 0x31F3, 0x42D3, 0x31D3, 0x29B2, 0x2992, 0x1930, 0x2970,   // 0x0480 (1152) pixels
0x212F, 0x3A94, 0x2950, 0x2150, 0x2172, 0x1951, 0x21B3, 0x2192, 0x29F4, 0x4339, 0x4339, 0x4BBB, 0x5C5D, 0x64BE, 0x751F, 0x74FF,   // 0x0490 (1168) pixels
0x7C3E, 0x837C, 0x8A9A, 0xA1FA, 0x9997, 0xA975, 0xA912, 0xA90F, 0xA92D, 0x98EC, 0x80AC, 0x588B, 0x40AB, 0x38AB, 0x30AB, 0x30AB,   // 0x04A0 (1184) pixels
0x30AB, 0x30AB, 0x30AB, 0x40AB, 0x588B, 0x78AB, 0xA10D, 0xA92D, 0xA92F, 0xA912, 0xA955, 0x9977, 0x99F9, 0x929A, 0x839D, 0x7C5E,   // 0x04B0 (1200) pixels
0x7CDF, 0x74FF, 0x649E, 0x5C5D, 0x4B9B, 0x4339, 0x4B1A, 0x29F5, 0x2192, 0x2192, 0x1150, 0x2192, 0x2150, 0x2150, 0x42D7, 0x214F,   // 0x04C0 (1216) pixels
0x190E, 0x190F, 0x18EE, 0x18EE, 0x210F, 0x42D8, 0x29D4, 0x29B3, 0x29F4, 0x42F8, 0x435A, 0x53DB, 0x5C5D, 0x64BE, 0x6CDF, 0x74BE,   // 0x04D0 (1232) pixels
0x7BFD, 0x7B5B, 0x8279, 0x91F8, 0x9176, 0x9934, 0x98F1, 0xA0EE, 0x98ED, 0x88CC, 0x70AB, 0x508A, 0x408A, 0x308A, 0x308A, 0x288A,   // 0x04E0 (1248) pixels
0x308A, 0x28AA, 0x308A, 0x408A, 0x508B, 0x70AB, 0x88CC, 0x98EC, 0xA0EE, 0xA0F0, 0x9933, 0x9155, 0x91F8, 0x8A99, 0x7B5C, 0x741D,   // 0x04F0 (1264) pixels
0x74BE, 0x6CDE, 0x649E, 0x5C5D, 0x53DB, 0x533A, 0x3AD8, 0x2A15, 0x2193, 0x29F4, 0x4B39, 0x190F, 0x190E, 0x190E, 0x190F, 0x212F,   // 0x0500 (1280) pixels
0x4293, 0x18CD, 0x18ED, 0x18ED, 0x18EE, 0x21D4, 0x3216, 0x2A15, 0x2A16, 0x3AD8, 0x435A, 0x53DB, 0x5C5D, 0x64BE, 0x64BE, 0x647D,   // 0x0510 (1296) pixels
0x73DC, 0x733A, 0x8279, 0x81D6, 0x8934, 0x88F2, 0x90B0, 0x90CD, 0x88CC, 0x80CB, 0x686A, 0x506A, 0x3869, 0x3069, 0x2889, 0x2869,   // 0x0520 (1312) pixels
0x2869, 0x2889, 0x3069, 0x386A, 0x484A, 0x688A, 0x80CB, 0x90EC, 0x90CD, 0x88AF, 0x90F2, 0x8955, 0x89D6, 0x8278, 0x733B, 0x73DC,   // 0x0530 (1328) pixels
0x6C5D, 0x6CBE, 0x649E, 0x5C5D, 0x53BB, 0x4B5A, 0x3AD8, 0x2A36, 0x29F5, 0x3236, 0x21D3, 0x190F, 0x18ED, 0x18ED, 0x18ED, 0x3A73,   // 0x0540 (1344) pixels
0x08EF, 0x18CD, 0x18CC, 0x18CD, 0x10EE, 0x1971, 0x29D5, 0x2A15, 0x3276, 0x42F8, 0x435A, 0x53DB, 0x5C3D, 0x5C5D, 0x645D, 0x641C,   // 0x0550 (1360) pixels
0x6B7B, 0x6AF9, 0x7258, 0x79B6, 0x7934, 0x80D1, 0x80AF, 0x80CD, 0x80CB, 0x70AB, 0x5889, 0x4869, 0x3848, 0x3068, 0x2868, 0x2848,   // 0x0560 (1376) pixels
0x2868, 0x2868, 0x3068, 0x3868, 0x4869, 0x6069, 0x70AA, 0x78AB, 0x80CD, 0x80AF, 0x80D1, 0x7954, 0x79B5, 0x7257, 0x6AFA, 0x6B7B,   // 0x0570 (1392) pixels
0x641C, 0x645D, 0x645D, 0x5C3D, 0x53BB, 0x4B3A, 0x3AD8, 0x3256, 0x2A15, 0x29F5, 0x1971, 0x18EE, 0x18CC, 0x18CD, 0x18CD, 0x08AE,   // 0x0580 (1408) pixels
0x29F4, 0x1910, 0x10CD, 0x18ED, 0x18EF, 0x1951, 0x29D4, 0x3236, 0x3277, 0x3AF9, 0x4B5A, 0x53BB, 0x53FC, 0x541C, 0x5C1C, 0x5BBB,   // 0x0590 (1424) pixels
0x633A, 0x62B8, 0x6A16, 0x7194, 0x7132, 0x70D0, 0x78CE, 0x78AC, 0x78AB, 0x688A, 0x5869, 0x4868, 0x3848, 0x3048, 0x2868, 0x2848,   // 0x05A0 (1440) pixels
0x2848, 0x2867, 0x3048, 0x3848, 0x4848, 0x5889, 0x688A, 0x70AA, 0x78AC, 0x78CE, 0x78D0, 0x7112, 0x6994, 0x69F6, 0x6298, 0x6339,   // 0x05B0 (1456) pixels
0x63DB, 0x5C1C, 0x5C1C, 0x53FC, 0x4BBB, 0x435A, 0x3AD8, 0x3277, 0x2A15, 0x29F5, 0x1971, 0x190F, 0x18CD, 0x18CD, 0x190F, 0x2A15,   // 0x05C0 (1472) pixels
0x10EE, 0x190F, 0x190F, 0x10EF, 0x1910, 0x1972, 0x21F4, 0x3236, 0x3277, 0x3AF8, 0x4339, 0x4B7A, 0x53BB, 0x53BB, 0x53BB, 0x537A,   // 0x05D0 (1488) pixels
0x5AF8, 0x5A77, 0x61D5, 0x6973, 0x6911, 0x68EF, 0x68AD, 0x688B, 0x688A, 0x6089, 0x5048, 0x4048, 0x3047, 0x3047, 0x2847, 0x2047,   // 0x05E0 (1504) pixels
0x2047, 0x2847, 0x3047, 0x3847, 0x4047, 0x5068, 0x608A, 0x688A, 0x708B, 0x68AD, 0x68CF, 0x6112, 0x6173, 0x61D6, 0x5A77, 0x5AF8,   // 0x05F0 (1520) pixels
0x5B7A, 0x53BB, 0x53BB, 0x4BBB, 0x4B9B, 0x435A, 0x3AD8, 0x3277, 0x2A16, 0x29F5, 0x1971, 0x1910, 0x10EF, 0x190F, 0x1910, 0x18EE,   // 0x0600 (1536) pixels
0x10AC, 0x10CE, 0x190F, 0x190F, 0x1931, 0x1972, 0x21F4, 0x3236, 0x3277, 0x3AD8, 0x4319, 0x435A, 0x4B7A, 0x4B7A, 0x4B5A, 0x5319,   // 0x0610 (1552) pixels
0x52B7, 0x5A56, 0x59B4, 0x6173, 0x6131, 0x68EE, 0x68AD, 0x608B, 0x608A, 0x5869, 0x4848, 0x4047, 0x3047, 0x2847, 0x2047, 0x2026,   // 0x0620 (1568) pixels
0x2047, 0x2047, 0x3047, 0x3047, 0x4047, 0x4848, 0x5889, 0x6089, 0x608B, 0x60AD, 0x60AE, 0x6111, 0x6173, 0x59B5, 0x5A56, 0x52B7,   // 0x0630 (1584) pixels
0x5339, 0x535A, 0x4B7A, 0x4B7A, 0x435A, 0x4319, 0x3AD8, 0x3277, 0x3236, 0x29F4, 0x2192, 0x1930, 0x190F, 0x190F, 0x190E, 0x10AC,   // 0x0640 (1600) pixels
0x10AB, 0x10CD, 0x10EE, 0x1910, 0x1931, 0x2172, 0x29D4, 0x3235, 0x3277, 0x3AB8, 0x42F9, 0x4319, 0x4339, 0x4339, 0x4B19, 0x4AD8,   // 0x0650 (1616) pixels
0x4A97, 0x5215, 0x5193, 0x5151, 0x590F, 0x60CE, 0x60AC, 0x608A, 0x586A, 0x5068, 0x4848, 0x3847, 0x3027, 0x2846, 0x2047, 0x2026,   // 0x0660 (1632) pixels
0x2046, 0x2046, 0x2826, 0x3047, 0x3847, 0x4848, 0x5068, 0x5869, 0x588A, 0x608C, 0x60AE, 0x5910, 0x5972, 0x5193, 0x5215, 0x5297,   // 0x0670 (1648) pixels
0x4AF8, 0x4B39, 0x4339, 0x4339, 0x4319, 0x42D9, 0x3AB8, 0x3257, 0x3236, 0x29D5, 0x1972, 0x1951, 0x1910, 0x18EF, 0x10AD, 0x08AB,   // 0x0680 (1664) pixels
0x108B, 0x10CD, 0x10EE, 0x1910, 0x1972, 0x2192, 0x29D4, 0x2A15, 0x3256, 0x3277, 0x3AB8, 0x3AD8, 0x42F8, 0x42F8, 0x42D7, 0x4296,   // 0x0690 (1680) pixels
0x4A55, 0x49F4, 0x4992, 0x5131, 0x590F, 0x50AD, 0x588C, 0x508A, 0x5069, 0x4868, 0x4048, 0x3847, 0x3026, 0x2826, 0x2026, 0x2026,   // 0x06A0 (1696) pixels
0x2026, 0x2026, 0x2826, 0x3046, 0x3847, 0x4047, 0x5048, 0x5069, 0x506A, 0x50AC, 0x58CD, 0x50EF, 0x5151, 0x4993, 0x49D4, 0x4A56,   // 0x06B0 (1712) pixels
0x4A97, 0x42D7, 0x42F8, 0x3AF8, 0x42F8, 0x3AB8, 0x3A97, 0x3256, 0x2A15, 0x29F4, 0x2193, 0x1951, 0x1910, 0x10EE, 0x10CD, 0x10AB,   // 0x06C0 (1728) pixels
0x108B, 0x10CD, 0x18EE, 0x1910, 0x1972, 0x2192, 0x21D4, 0x2A15, 0x3236, 0x3277, 0x3A97, 0x3AB7, 0x3AB7, 0x3AD7, 0x3A96, 0x4276,   // 0x06D0 (1744) pixels
0x4214, 0x41B3, 0x4971, 0x4930, 0x48EE, 0x50CC, 0x508B, 0x486A, 0x4869, 0x4848, 0x3847, 0x3847, 0x3026, 0x2825, 0x2025, 0x2025,   // 0x06E0 (1760) pixels
0x2026, 0x2026, 0x2826, 0x3026, 0x3826, 0x4047, 0x4068, 0x4869, 0x5069, 0x508B, 0x50AC, 0x490F, 0x5130, 0x4971, 0x49B3, 0x4235,   // 0x06F0 (1776) pixels
0x4255, 0x4297, 0x42B7, 0x3AD7, 0x3AB7, 0x3A97, 0x3256, 0x2A36, 0x29F5, 0x29F4, 0x2193, 0x1951, 0x1910, 0x18EE, 0x10CD, 0x10AB,   // 0x0700 (1792) pixels
0x10AB, 0x10CD, 0x18EE, 0x1910, 0x1972, 0x2192, 0x29D4, 0x21F4, 0x2A15, 0x3256, 0x3256, 0x3256, 0x3A76, 0x3A75, 0x3A55, 0x3A34,   // 0x0710 (1808) pixels
0x39D3, 0x41B2, 0x4150, 0x492F, 0x48CE, 0x48AC, 0x486B, 0x488A, 0x4069, 0x4047, 0x3847, 0x3026, 0x2826, 0x2826, 0x2026, 0x2025,   // 0x0720 (1824) pixels
0x2026, 0x2026, 0x2826, 0x2846, 0x3026, 0x3827, 0x4048, 0x4048, 0x4869, 0x488A, 0x48AC, 0x48EE, 0x490F, 0x4150, 0x41B2, 0x41F3,   // 0x0730 (1840) pixels
0x3A14, 0x3A55, 0x3A76, 0x3A96, 0x3A76, 0x3276, 0x3236, 0x2A35, 0x29F4, 0x21D4, 0x2192, 0x1951, 0x1910, 0x18EE, 0x10CD, 0x10AB,   // 0x0740 (1856) pixels
0x10AB, 0x10CD, 0x18EF, 0x1910, 0x1971, 0x2192, 0x21B3, 0x21D4, 0x2A14, 0x2A15, 0x2A35, 0x3255, 0x3255, 0x3255, 0x3234, 0x39F4,   // 0x0750 (1872) pixels
0x39B2, 0x3992, 0x4150, 0x40EE, 0x40CD, 0x408B, 0x408B, 0x4069, 0x4068, 0x3847, 0x3827, 0x3026, 0x2826, 0x2026, 0x2026, 0x2025,   // 0x0760 (1888) pixels
0x2025, 0x2025, 0x2026, 0x2826, 0x3046, 0x3827, 0x3848, 0x4048, 0x4069, 0x408A, 0x408C, 0x40CD, 0x410E, 0x4130, 0x3972, 0x39B3,   // 0x0770 (1904) pixels
0x39F3, 0x3A34, 0x3255, 0x3255, 0x3255, 0x2A35, 0x2A15, 0x29F4, 0x29D4, 0x21B3, 0x2192, 0x1951, 0x1910, 0x18EE, 0x10CD, 0x08AC,   // 0x0780 (1920) pixels
0x10AB, 0x10CD, 0x10CE, 0x1910, 0x1951, 0x1972, 0x21B3, 0x21B3, 0x29F4, 0x2A14, 0x2A14, 0x3235, 0x3234, 0x3234, 0x3214, 0x31B3,   // 0x0790 (1936) pixels
0x3192, 0x3970, 0x392F, 0x40ED, 0x40CD, 0x38AB, 0x408A, 0x3869, 0x3848, 0x3847, 0x3026, 0x3026, 0x2826, 0x2026, 0x2026, 0x2025,   // 0x07A0 (1952) pixels
0x2025, 0x2025, 0x2026, 0x2826, 0x2826, 0x3027, 0x3847, 0x3848, 0x3849, 0x408A, 0x408B, 0x40CD, 0x40EE, 0x412F, 0x3971, 0x39B2,   // 0x07B0 (1968) pixels
0x31D3, 0x3214, 0x3214, 0x3234, 0x3235, 0x2A34, 0x2A14, 0x29F4, 0x29D3, 0x2193, 0x2192, 0x1951, 0x1910, 0x18EE, 0x10CD, 0x08AC,   // 0x07C0 (1984) pixels
0x10AB, 0x10CD, 0x10EE, 0x190F, 0x1951, 0x1951, 0x2192, 0x21B3, 0x21B3, 0x29D3, 0x29F3, 0x29F3, 0x29F3, 0x29F3, 0x31D3, 0x3192,   // 0x07D0 (2000) pixels
0x3170, 0x314F, 0x310E, 0x38ED, 0x38CC, 0x388A, 0x386A, 0x3868, 0x3868, 0x3047, 0x2826, 0x2826, 0x2026, 0x2026, 0x2025, 0x2025,   // 0x07E0 (2016) pixels
0x2025, 0x2025, 0x2026, 0x2826, 0x2846, 0x3047, 0x3047, 0x3847, 0x3848, 0x3889, 0x388A, 0x38CC, 0x38ED, 0x390E, 0x314F, 0x3170,   // 0x07F0 (2032) pixels
0x31B1, 0x31D2, 0x29F3, 0x29F3, 0x29F3, 0x29F3, 0x29D3, 0x21B3, 0x2192, 0x2172, 0x1951, 0x1930, 0x110F, 0x18EE, 0x10CD, 0x10AC,   // 0x0800 (2048) pixels
};

const unsigned short Neon_3[2048] PROGMEM={
0xCFFF, 0x96BE, 0x54BD, 0x5BFD, 0x4238, 0x49D5, 0x4993, 0x4951, 0x4931, 0x48F0, 0x48D0, 0x50B0, 0x50D0, 0x6070, 0xCA1B, 0x9177,   // 0x0010 (16) pixels
0x50CF, 0x79F4, 0x2006, 0x1824, 0x1805, 0x1804, 0x1804, 0x1804, 0x1804, 0x1803, 0x1804, 0x2004, 0x2804, 0x2804, 0x3004, 0x3005,   // 0x0020 (32) pixels
0x68AC, 0x5004, 0xFF19, 0xFD9A, 0xB151, 0xD214, 0xA08E, 0xA171, 0x584B, 0x600C, 0xA936, 0x78B2, 0x582E, 0x584E, 0x5870, 0x5870,   // 0x0030 (48) pixels
0x5090, 0x68D2, 0xA136, 0x9157, 0x6135, 0x8ABC, 0x60D3, 0x80F4, 0x78F4, 0x7997, 0x6976, 0x6155, 0x5974, 0x5954, 0x5133, 0x5132,   // 0x0040 (64) pixels
0x463E, 0x66FE, 0xCFFF, 0xA75F, 0x4CDD, 0x435B, 0x4A37, 0x4A16, 0x4993, 0x5152, 0x4911, 0x4910, 0x48F0, 0x50F0, 0x58B0, 0x9915,   // 0x0050 (80) pixels
0x6871, 0x50AF, 0x486E, 0x50D0, 0x81D4, 0x402B, 0x2006, 0x2006, 0x2045, 0x2004, 0x2024, 0x2804, 0x3025, 0x5849, 0x608B, 0x5869,   // 0x0060 (96) pixels
0xFE77, 0xFE19, 0xE379, 0xB091, 0xB8CF, 0xA0AD, 0x682B, 0x702E, 0xA135, 0x7892, 0x604F, 0x586F, 0x586F, 0x588F, 0x508F, 0x60D2,   // 0x0070 (112) pixels
0x7873, 0xE37F, 0x79D8, 0x827A, 0x50D2, 0x58B2, 0x88B4, 0xA9D9, 0x829A, 0x9B9E, 0x833D, 0x72DC, 0x62BC, 0x629B, 0x5A9B, 0x62FB,   // 0x0080 (128) pixels
0x3D9D, 0x453E, 0x4D9E, 0x5E5E, 0x9F5F, 0xDFFF, 0x9EBF, 0x6C9D, 0x6BBE, 0x529A, 0x49F6, 0x49D5, 0x5173, 0x4931, 0x5110, 0x50D0,   // 0x0090 (144) pixels
0x50B0, 0x7051, 0xC25A, 0x80F3, 0x502D, 0x484C, 0x486C, 0x486C, 0x482B, 0x480B, 0x68AE, 0x502B, 0x504A, 0x606A, 0xFDD6, 0xFE98,   // 0x00A0 (160) pixels
0xFBFC, 0xB8D3, 0xDA15, 0xA08F, 0xA914, 0x98D4, 0x602F, 0x6870, 0x586F, 0x506F, 0x5090, 0x50B0, 0x5090, 0x60D2, 0x78D4, 0xE35F,   // 0x00B0 (176) pixels
0x81D8, 0x60F4, 0x58B1, 0x60F3, 0x9177, 0xDB3F, 0x6997, 0x72DB, 0x73BC, 0x7C5D, 0x957E, 0xBEBF, 0xCFBF, 0xD7DF, 0xD7DF, 0xD7FF,   // 0x00C0 (192) pixels
0x7EFF, 0x55FE, 0x4D3F, 0x54DE, 0x651E, 0x6D9F, 0x863E, 0xB71F, 0xD7FF, 0xB6FF, 0x749D, 0x635C, 0x4A79, 0x4A16, 0x49B4, 0x4972,   // 0x00D0 (208) pixels
0x4911, 0x48F0, 0x48CF, 0x50AF, 0x606F, 0x7851, 0x98F5, 0xA936, 0x584D, 0x504B, 0x586B, 0x600B, 0x896C, 0xFE98, 0xEC59, 0xE279,   // 0x00E0 (224) pixels
0xEA78, 0xC193, 0xB0F6, 0x704F, 0x584D, 0x584E, 0x70D1, 0x5890, 0x58B1, 0x60F2, 0x6113, 0x5914, 0x89D8, 0xB1FA, 0x78F5, 0x6936,   // 0x00F0 (240) pixels
0x6115, 0x60F4, 0x70F5, 0xC27C, 0x91D9, 0x7278, 0x8CBE, 0xB6DF, 0xC75F, 0x8E5D, 0x85DD, 0x8DFE, 0x963F, 0xAEBF, 0x9E5F, 0x85DD,   // 0x0100 (256) pixels
0x312A, 0x214B, 0xA77F, 0x65BE, 0x5CDD, 0x645E, 0x6C5D, 0x6C3D, 0x749E, 0x853F, 0x8D7E, 0xA63E, 0xD7DF, 0xDFDF, 0x743A, 0x633B,   // 0x0110 (272) pixels
0x5259, 0x5216, 0x6153, 0x50D0, 0x506D, 0x504E, 0x606F, 0x600E, 0xA936, 0xB1B7, 0x808B, 0xFE79, 0xF478, 0xFC7F, 0xE257, 0xE278,   // 0x0120 (288) pixels
0x708F, 0x6891, 0x586E, 0x586E, 0x6091, 0x68D3, 0x60F4, 0x6996, 0x7A79, 0x6955, 0x68D4, 0xA999, 0x78D5, 0x6955, 0x6976, 0x7956,   // 0x0130 (304) pixels
0x7956, 0xBA5B, 0xAA7B, 0x6976, 0x83FC, 0xBEDF, 0xAF7F, 0x663D, 0x6E3D, 0xA4FF, 0x8176, 0x79D7, 0x69D6, 0x51F3, 0x4190, 0x290D,   // 0x0140 (320) pixels
0x4848, 0x48A9, 0x412B, 0x20EA, 0x8E5F, 0x651E, 0x643E, 0x63DE, 0x6BDE, 0x6BBE, 0x6BBE, 0x63DD, 0x73DD, 0x847E, 0x9D1E, 0x8419,   // 0x0150 (336) pixels
0x5173, 0x50F2, 0x8B1A, 0x8A39, 0xA1D9, 0xDABE, 0x9915, 0x7852, 0x80D3, 0xF597, 0xFDD9, 0xDB38, 0xD237, 0xF2F9, 0x78B2, 0x70B2,   // 0x0160 (352) pixels
0x68F2, 0x5890, 0x58D2, 0x68F4, 0x7156, 0x92BB, 0x6975, 0x6134, 0x68F4, 0x80F5, 0xCA9D, 0x7115, 0x7177, 0x7976, 0x7936, 0x8957,   // 0x0170 (368) pixels
0xCB1E, 0x91FA, 0xE4DF, 0x6BDB, 0xD7BF, 0xA7BF, 0x66BE, 0x8EBF, 0x9A59, 0x89F8, 0x396E, 0x1088, 0x08C7, 0x00C6, 0x00A6, 0x00A6,   // 0x0180 (384) pixels
0x5806, 0x5827, 0x5828, 0x5049, 0x606B, 0x406B, 0xBD5F, 0xA41E, 0xA35D, 0xA29B, 0x9997, 0x80D3, 0x6850, 0x80F3, 0xBABA, 0xEBBF,   // 0x0190 (400) pixels
0xBA5B, 0x8937, 0x7915, 0x8198, 0x79B8, 0x7977, 0x8955, 0xFD1A, 0xFE59, 0xF41A, 0xFCDF, 0xEBBB, 0xD3DE, 0xC37F, 0xA2BC, 0x9ABB,   // 0x01A0 (416) pixels
0x8A19, 0x9A9B, 0x7977, 0x58D3, 0x58F3, 0x6113, 0x68F4, 0x8956, 0xCA5C, 0x8136, 0x8197, 0x9198, 0x7936, 0x8156, 0xCAFE, 0x9A3A,   // 0x01B0 (432) pixels
0x9278, 0xDCBC, 0x755D, 0xD7FF, 0x871F, 0x773F, 0x8BDA, 0x91F7, 0x1909, 0x08E7, 0x00A5, 0x0065, 0x0064, 0x0064, 0x0064, 0x0044,   // 0x01C0 (448) pixels
0xD917, 0xD8F7, 0xD098, 0xD078, 0xD0B8, 0xD8FA, 0xE17B, 0xF25E, 0xEAFE, 0xF33F, 0xC25A, 0x9115, 0x7092, 0x6051, 0x81F6, 0xC43F,   // 0x01D0 (464) pixels
0xBBDF, 0xA29B, 0xCAFC, 0xF3FF, 0xC21A, 0xA1B3, 0xFE78, 0xECF9, 0xE31A, 0xFCDF, 0xCAFA, 0x71B7, 0x6997, 0x6155, 0x6115, 0x929A,   // 0x01E0 (480) pixels
0x60F3, 0x58B2, 0x6134, 0x6914, 0x70D3, 0x8915, 0xEB7F, 0x90F6, 0x9137, 0xA1FA, 0x8957, 0x8136, 0xC33E, 0xB2FD, 0x9A7B, 0x9A78,   // 0x01F0 (496) pixels
0xDC5B, 0x64FB, 0xCFFF, 0x9F7F, 0x771F, 0x8C5B, 0x18C9, 0x0908, 0x08A6, 0x0085, 0x0064, 0x0064, 0x0044, 0x0043, 0x0043, 0x0023,   // 0x0200 (512) pixels
0xD93A, 0xD91A, 0xD93A, 0xD93A, 0xD95A, 0xD15A, 0xD17A, 0xC9F9, 0xCA79, 0xCAB9, 0xE41D, 0xFCFF, 0xFCFF, 0xF3BF, 0xC1B9, 0xA937,   // 0x0210 (528) pixels
0xA136, 0x9156, 0x708F, 0xCC15, 0xFEF8, 0xFD7A, 0xEB5A, 0xFC7E, 0xCBDB, 0x82DA, 0x729A, 0x7239, 0x7ABB, 0x71D8, 0x6997, 0x6955,   // 0x0220 (544) pixels
0x7155, 0x68F4, 0x8115, 0x9917, 0xFBBF, 0x99B8, 0xBABC, 0xAA5A, 0xCBBE, 0xCB9E, 0xCBDF, 0x927A, 0xAAFC, 0xA1F7, 0xE47D, 0xBCFC,   // 0x0230 (560) pixels
0x671F, 0xC7FF, 0x6F1E, 0x875F, 0x114A, 0x1109, 0x00C6, 0x00A5, 0x0064, 0x0064, 0x0043, 0x0022, 0x0022, 0x0002, 0x0002, 0x0002,   // 0x0240 (576) pixels
0xD239, 0xD23A, 0xD159, 0xC119, 0xC0D8, 0xC8F9, 0xC8FA, 0xC8F9, 0xB8B7, 0xB8B7, 0xB095, 0xB895, 0xB8D5, 0xA8F4, 0x90F2, 0x78CF,   // 0x0250 (592) pixels
0x68EA, 0xFF1A, 0xFF7A, 0xF597, 0xE339, 0xFC3D, 0xCB7B, 0x7A19, 0x7A7A, 0x7219, 0x7219, 0x69D7, 0x6996, 0x69B5, 0x7956, 0xBB3D,   // 0x0260 (608) pixels
0x9177, 0xE33E, 0xFD1F, 0xB35D, 0xD3DF, 0xAA7A, 0xA23A, 0xB29C, 0xA2BB, 0xAB9E, 0x7195, 0xFD7F, 0xD3BA, 0xC45A, 0x6E1D, 0x5EDD,   // 0x0270 (624) pixels
0xB7FF, 0x569E, 0x020D, 0x0949, 0x00C7, 0x00A5, 0x0084, 0x0063, 0x0043, 0x0023, 0x0022, 0x0002, 0x0001, 0x0002, 0x0001, 0x0001,   // 0x0280 (640) pixels
0xD0DA, 0xD0DA, 0xC8F9, 0xC0F8, 0xB8D7, 0xB0B5, 0xA893, 0xA892, 0xB092, 0xC0D4, 0xB8D2, 0x988F, 0x908C, 0x80AA, 0xBB90, 0xFF37,   // 0x0290 (656) pixels
0xFFBA, 0xF657, 0xF439, 0xFC5E, 0xE3BC, 0x70D1, 0x60B1, 0x68D2, 0x70B1, 0x688F, 0x604F, 0x7913, 0x8956, 0x78D4, 0xB1F9, 0xCA3B,   // 0x02A0 (672) pixels
0xE33D, 0xA178, 0x99D8, 0xBA5B, 0xB25A, 0xA9B9, 0x91D8, 0x929B, 0x8B5B, 0xEE1F, 0xDBBB, 0xFD5F, 0xCE3F, 0x975F, 0x9FBF, 0x8F7F,   // 0x02B0 (688) pixels
0x5EDF, 0x098B, 0x1128, 0x08E7, 0x00A5, 0x0084, 0x0043, 0x0043, 0x0023, 0x0023, 0x0022, 0x0002, 0x0001, 0x0001, 0x0001, 0x0001,   // 0x02C0 (704) pixels
0xB0CE, 0xB0AE, 0xB0AE, 0xB0AD, 0xB0AD, 0xB8CF, 0xC132, 0xC953, 0x988C, 0x8048, 0xAAEC, 0xFE96, 0xF715, 0xFFB9, 0xFF9A, 0xFE9C,   // 0x02D0 (720) pixels
0xEC3A, 0xEC1C, 0x8974, 0x8175, 0x8953, 0x9973, 0x784D, 0x886E, 0x88CF, 0x782D, 0xA071, 0xE2DC, 0xC9DA, 0xDA5C, 0xA177, 0xA977,   // 0x02E0 (736) pixels
0xB998, 0xA0D4, 0x98D4, 0xA136, 0x7091, 0x588F, 0x6131, 0xEDFA, 0xCAB5, 0xFC9E, 0xC3FD, 0x4BFC, 0x3D5E, 0x35DD, 0x4E9F, 0x669F,   // 0x02F0 (752) pixels
0x098C, 0x0929, 0x00C7, 0x00C6, 0x0085, 0x0084, 0x0043, 0x0043, 0x0043, 0x0022, 0x0022, 0x0002, 0x0001, 0x0001, 0x0001, 0x0001,   // 0x0300 (768) pixels
0xFCF3, 0xFD14, 0xFCF3, 0xFCF2, 0xFD54, 0xFDD5, 0xFE36, 0xFE34, 0xFED5, 0xFF76, 0xFFB9, 0xFFBA, 0xFEDA, 0xF57A, 0xFD1D, 0xFD3F,   // 0x0310 (784) pixels
0xDC5D, 0x7930, 0x686C, 0x80AE, 0xA0F1, 0x9890, 0xA050, 0xC195, 0xFBBD, 0xFB7E, 0xE25C, 0xC977, 0xA9B3, 0x600B, 0xD1F6, 0xA870,   // 0x0320 (800) pixels
0xC9F6, 0x788E, 0x602B, 0x584B, 0x586C, 0x608B, 0xFEB9, 0xC253, 0xC319, 0x9235, 0x2992, 0x2AF8, 0x4DBE, 0x56FF, 0x2BF8, 0x11D0,   // 0x0330 (816) pixels
0x098C, 0x094A, 0x0108, 0x00C7, 0x00C7, 0x00A5, 0x0085, 0x0085, 0x0064, 0x0064, 0x0043, 0x0043, 0x0023, 0x0022, 0x0022, 0x0002,   // 0x0340 (832) pixels
0xFF57, 0xFF77, 0xFF77, 0xFF97, 0xFF78, 0xFF59, 0xFF17, 0xFE76, 0xFE18, 0xFDB9, 0xFC7A, 0xFBF9, 0xB190, 0x888C, 0xB170, 0x906D,   // 0x0350 (848) pixels
0xA0EE, 0xB111, 0xD216, 0xFBDD, 0xFC9F, 0xEB7B, 0xD279, 0xDA37, 0xD1D4, 0xF297, 0x780A, 0xB9B1, 0xD194, 0xA8CF, 0x6808, 0x5806,   // 0x0360 (864) pixels
0x5807, 0x6048, 0x686B, 0x684A, 0x8988, 0xFEB8, 0xD214, 0x8931, 0x484A, 0x28AA, 0x214E, 0x2A75, 0x44FE, 0x5E9E, 0x23F9, 0x1232,   // 0x0370 (880) pixels
0x018D, 0x014C, 0x012A, 0x0109, 0x00C8, 0x00C7, 0x00C7, 0x00A6, 0x0085, 0x0085, 0x0085, 0x0085, 0x0064, 0x0064, 0x0064, 0x0043,   // 0x0380 (896) pixels
0xF394, 0xFBD4, 0xFBF5, 0xFC37, 0xFC58, 0xFC59, 0xFC3A, 0xEB77, 0xCA13, 0xA06E, 0x906C, 0xA10F, 0xCA95, 0xF3DB, 0xFD3F, 0xFD7F,   // 0x0390 (912) pixels
0xEBBB, 0xD277, 0xC154, 0xDA58, 0x8890, 0x8870, 0xB152, 0xB930, 0xFBDA, 0xC151, 0x886C, 0x6829, 0x5827, 0x5806, 0x6005, 0x6825,   // 0x03A0 (928) pixels
0x7047, 0x788B, 0x7048, 0x6823, 0xFE97, 0xDA72, 0xB1D3, 0x4008, 0x2887, 0x288A, 0x194F, 0x2296, 0x343C, 0x3D5D, 0x4D5E, 0x1A96,   // 0x03B0 (944) pixels
0x01AE, 0x014C, 0x012A, 0x0109, 0x00E8, 0x00C7, 0x00C7, 0x00E7, 0x00C7, 0x00A6, 0x0086, 0x00A5, 0x0085, 0x0085, 0x0085, 0x0084,   // 0x03C0 (960) pixels
0xFD5E, 0xFD9F, 0xFD1E, 0xFCDE, 0xF4DD, 0xE45B, 0xDBB9, 0xD316, 0xD2F6, 0xE358, 0xEB7A, 0xD295, 0xFC1B, 0xF45C, 0x7911, 0x70AF,   // 0x03D0 (976) pixels
0x8952, 0xA9D4, 0xC215, 0xB173, 0xA153, 0xC216, 0xC172, 0xC14D, 0xD2D0, 0xFDF8, 0xD20D, 0x8025, 0x8825, 0x8866, 0x9066, 0x9087,   // 0x03E0 (992) pixels
0x906A, 0x7845, 0xCBEE, 0xFF18, 0x808A, 0x812F, 0x3005, 0x2805, 0x2046, 0x2089, 0x194E, 0x1A95, 0x33DB, 0x347D, 0x3D1E, 0x33FC,   // 0x03F0 (1008) pixels
0x1232, 0x098D, 0x012A, 0x00E9, 0x00C8, 0x00C8, 0x00C7, 0x00E7, 0x00C7, 0x00C7, 0x00C6, 0x00C6, 0x00A6, 0x00A5, 0x00A5, 0x00A5,   // 0x0400 (1024) pixels
0x5004, 0x5005, 0x6006, 0x78CA, 0xA1F0, 0xBAB3, 0xD336, 0xDB79, 0xDB7A, 0xBAB6, 0xA235, 0xA256, 0x9216, 0x89D5, 0x89D5, 0x81F6,   // 0x0410 (1040) pixels
0x8217, 0x89D6, 0xA195, 0x9995, 0x8996, 0x91D6, 0xA0F0, 0xB0AC, 0xE20D, 0xEBD3, 0xF492, 0xE2AF, 0xB108, 0xA8E8, 0xA8E8, 0xA8EA,   // 0x0420 (1056) pixels
0x98A7, 0xAA89, 0xFF98, 0xA9CC, 0x6029, 0x3804, 0x3004, 0x2804, 0x1826, 0x2088, 0x194E, 0x1253, 0x2359, 0x2C1B, 0x347C, 0x341C,   // 0x0430 (1072) pixels
0x1AB5, 0x11F0, 0x016C, 0x012A, 0x00E9, 0x00C8, 0x00C7, 0x00C7, 0x00C7, 0x00C7, 0x00C6, 0x00C6, 0x00A6, 0x00A5, 0x00A5, 0x00A6,   // 0x0440 (1088) pixels
0x5006, 0x4806, 0x4828, 0x5049, 0x486A, 0x48CC, 0x50CE, 0x5130, 0x5151, 0x4951, 0x4993, 0x51D4, 0x59F6, 0x6A37, 0x7218, 0x7217,   // 0x0450 (1104) pixels
0x69D6, 0x7195, 0x8153, 0x7912, 0x70F2, 0x70D1, 0x786D, 0x908B, 0xD18E, 0xEA6F, 0xE34E, 0xFE75, 0xF390, 0xEB0F, 0xD24C, 0xEC10,   // 0x0460 (1120) pixels
0xFF37, 0xFEF7, 0x88CC, 0x5003, 0x3802, 0x3003, 0x2803, 0x2004, 0x1825, 0x1868, 0x190C, 0x11F1, 0x1AD6, 0x2B59, 0x2BFB, 0x2BBA,   // 0x0470 (1136) pixels
0x1AD7, 0x1233, 0x09AF, 0x016C, 0x012A, 0x010A, 0x00C8, 0x00C8, 0x00C7, 0x00C7, 0x00C7, 0x00C6, 0x00C7, 0x00C6, 0x00A6, 0x00A6,   // 0x0480 (1152) pixels
0x4027, 0x4028, 0x4049, 0x486A, 0x48CC, 0x48CD, 0x492F, 0x4971, 0x4972, 0x4993, 0x49D4, 0x49F5, 0x5A16, 0x6A16, 0x6A36, 0x61F5,   // 0x0490 (1168) pixels
0x59B4, 0x6153, 0x68D1, 0x68AF, 0x60CF, 0x58AE, 0x604B, 0x788B, 0xB0EC, 0xD1AD, 0xE24E, 0xE30D, 0xFE95, 0xFF97, 0xFF97, 0xFF58,   // 0x04A0 (1184) pixels
0xAB2B, 0x5802, 0x4801, 0x4002, 0x3002, 0x2803, 0x2803, 0x2004, 0x1825, 0x1847, 0x10EB, 0x11B0, 0x1274, 0x22F7, 0x2B59, 0x2359,   // 0x04B0 (1200) pixels
0x1AF7, 0x1A73, 0x11D0, 0x098E, 0x014C, 0x012A, 0x00E9, 0x00E9, 0x00E8, 0x00C8, 0x00C8, 0x00C7, 0x00C7, 0x00C7, 0x00C7, 0x00C7,   // 0x04C0 (1216) pixels
0x4029, 0x4049, 0x408A, 0x40CC, 0x40ED, 0x4110, 0x4971, 0x4192, 0x49B3, 0x49D4, 0x41D4, 0x49D4, 0x51D4, 0x59D4, 0x51B3, 0x5172,   // 0x04D0 (1232) pixels
0x4951, 0x5110, 0x58CE, 0x508D, 0x506C, 0x486B, 0x5049, 0x684A, 0x8869, 0x8868, 0x9868, 0xB129, 0xEA6D, 0xDA0C, 0x98A7, 0x6804,   // 0x04E0 (1248) pixels
0x5803, 0x4802, 0x4002, 0x3801, 0x3003, 0x2803, 0x2003, 0x1804, 0x1825, 0x1846, 0x10A9, 0x114D, 0x1232, 0x1A94, 0x22F7, 0x2317,   // 0x04F0 (1264) pixels
0x1AD6, 0x1274, 0x11F1, 0x11CF, 0x016C, 0x014B, 0x012A, 0x010A, 0x00E9, 0x00E9, 0x00E8, 0x00E8, 0x00C8, 0x00C8, 0x00C8, 0x00C8,   // 0x0500 (1280) pixels
0x408A, 0x40AB, 0x40CC, 0x40ED, 0x412F, 0x4151, 0x4191, 0x4192, 0x41B3, 0x41B3, 0x41B3, 0x41B3, 0x4992, 0x5172, 0x4952, 0x4130,   // 0x0510 (1296) pixels
0x40EF, 0x40CE, 0x488C, 0x486B, 0x404A, 0x404A, 0x4848, 0x5828, 0x7028, 0x6827, 0x6826, 0x7025, 0x98A7, 0xC9AB, 0xDA2C, 0xA928,   // 0x0520 (1312) pixels
0x6025, 0x5825, 0x4004, 0x3803, 0x3003, 0x2803, 0x2003, 0x1804, 0x1825, 0x1826, 0x1089, 0x110C, 0x11D0, 0x1232, 0x1A95, 0x1AB5,   // 0x0530 (1328) pixels
0x1A95, 0x1A54, 0x11F1, 0x11CF, 0x09AD, 0x014C, 0x014B, 0x010A, 0x0109, 0x00E9, 0x00E9, 0x00E9, 0x00E9, 0x00E8, 0x00E8, 0x00E8,   // 0x0540 (1344) pixels
0x40CB, 0x40CC, 0x40EE, 0x490F, 0x4170, 0x4971, 0x4971, 0x4991, 0x4972, 0x4971, 0x4971, 0x4971, 0x4930, 0x490F, 0x490F, 0x40CD,   // 0x0550 (1360) pixels
0x40AC, 0x408B, 0x406B, 0x4049, 0x4049, 0x3828, 0x4007, 0x4807, 0x5006, 0x5005, 0x4804, 0x5004, 0x6025, 0x8046, 0xB949, 0xD1CC,   // 0x0560 (1376) pixels
0xB949, 0x7846, 0x6007, 0x5007, 0x4006, 0x3005, 0x2804, 0x2004, 0x2005, 0x1826, 0x1868, 0x10CA, 0x114E, 0x11D0, 0x1233, 0x1A53,   // 0x0570 (1392) pixels
0x1A54, 0x1232, 0x1211, 0x09CF, 0x09AD, 0x014C, 0x014B, 0x012A, 0x010A, 0x00E9, 0x00E9, 0x00E9, 0x00E9, 0x00E9, 0x00E9, 0x00E9,   // 0x0580 (1408) pixels
0x48EC, 0x48ED, 0x48EE, 0x510F, 0x512F, 0x5150, 0x5130, 0x5130, 0x5130, 0x512F, 0x510F, 0x490F, 0x48EE, 0x48CD, 0x48CD, 0x40AC,   // 0x0590 (1424) pixels
0x408B, 0x404A, 0x404A, 0x4049, 0x3828, 0x3827, 0x3827, 0x4006, 0x4806, 0x4005, 0x3804, 0x3803, 0x4803, 0x5804, 0x8066, 0xB109,   // 0x05A0 (1440) pixels
0xC98A, 0xA8E8, 0x7025, 0x5806, 0x4807, 0x4026, 0x3005, 0x3005, 0x2825, 0x2026, 0x2067, 0x18A9, 0x192C, 0x116E, 0x11F1, 0x1A12,   // 0x05B0 (1456) pixels
0x1A32, 0x1211, 0x11D0, 0x09CF, 0x09AD, 0x014C, 0x014B, 0x014A, 0x010A, 0x010A, 0x00E9, 0x0109, 0x00E9, 0x00E9, 0x00E9, 0x00E9,   // 0x05C0 (1472) pixels
0x60AC, 0x60CD, 0x68CD, 0x68CE, 0x68CE, 0x68CE, 0x68CE, 0x68CD, 0x68CD, 0x60ED, 0x60CD, 0x60AC, 0x588C, 0x588B, 0x506B, 0x484A,   // 0x05D0 (1488) pixels
0x484A, 0x4849, 0x4049, 0x4028, 0x3827, 0x3807, 0x3806, 0x3806, 0x3806, 0x3805, 0x3804, 0x3804, 0x3804, 0x4804, 0x5805, 0x7846,   // 0x05E0 (1504) pixels
0xA0C7, 0xB929, 0x98A7, 0x7045, 0x5805, 0x5006, 0x4026, 0x3806, 0x3006, 0x3006, 0x2826, 0x2068, 0x18CB, 0x192D, 0x1990, 0x19B0,   // 0x05F0 (1520) pixels
0x19D1, 0x11F1, 0x11CF, 0x09AE, 0x098D, 0x016C, 0x014B, 0x014A, 0x010A, 0x010A, 0x010A, 0x010A, 0x010A, 0x0109, 0x00E9, 0x00E9,   // 0x0600 (1536) pixels
0x788B, 0x788B, 0x808B, 0x808B, 0x808B, 0x808B, 0x808B, 0x80AB, 0x78AB, 0x788B, 0x706A, 0x706A, 0x684A, 0x604A, 0x5849, 0x5849,   // 0x0610 (1552) pixels
0x5829, 0x5028, 0x4027, 0x4007, 0x4007, 0x3806, 0x3806, 0x3806, 0x3825, 0x3024, 0x3004, 0x3024, 0x3004, 0x3804, 0x4004, 0x5805,   // 0x0620 (1568) pixels
0x8046, 0xA0C7, 0xA0A7, 0x8886, 0x6804, 0x5805, 0x4805, 0x4006, 0x4006, 0x3826, 0x2827, 0x2848, 0x20AA, 0x20CB, 0x192D, 0x196E,   // 0x0630 (1584) pixels
0x118F, 0x11AF, 0x118E, 0x098E, 0x098D, 0x016B, 0x014B, 0x014B, 0x010A, 0x010A, 0x010A, 0x0109, 0x0109, 0x00E9, 0x00E9, 0x00E9,   // 0x0640 (1600) pixels
0x888A, 0x888A, 0x886A, 0x886A, 0x888A, 0x888A, 0x888A, 0x888A, 0x8069, 0x8069, 0x7869, 0x7848, 0x7048, 0x6848, 0x6028, 0x5828,   // 0x0650 (1616) pixels
0x5807, 0x5007, 0x4827, 0x4807, 0x4007, 0x4006, 0x3806, 0x3806, 0x3005, 0x3004, 0x3004, 0x3004, 0x3004, 0x3004, 0x3804, 0x4805,   // 0x0660 (1632) pixels
0x6826, 0x8067, 0x9086, 0x8866, 0x7025, 0x5804, 0x5004, 0x4805, 0x4006, 0x4006, 0x3807, 0x3027, 0x2869, 0x208A, 0x20EC, 0x192D,   // 0x0670 (1648) pixels
0x194E, 0x196E, 0x096E, 0x098D, 0x096C, 0x016B, 0x014B, 0x014B, 0x010A, 0x010A, 0x010A, 0x0109, 0x00E9, 0x00E9, 0x00E9, 0x00E9,   // 0x0680 (1664) pixels
0x8889, 0x8889, 0x8889, 0x8889, 0x8889, 0x8889, 0x8889, 0x8068, 0x8068, 0x8048, 0x7868, 0x7848, 0x7847, 0x7027, 0x6827, 0x6007,   // 0x0690 (1680) pixels
0x6027, 0x5806, 0x5027, 0x4826, 0x4806, 0x4005, 0x3806, 0x3805, 0x3025, 0x3004, 0x2804, 0x2804, 0x2804, 0x2804, 0x3004, 0x3804,   // 0x06A0 (1696) pixels
0x5005, 0x6805, 0x7846, 0x8045, 0x7025, 0x6004, 0x5003, 0x4804, 0x4805, 0x4006, 0x4007, 0x3828, 0x3848, 0x3089, 0x28AA, 0x210C,   // 0x06B0 (1712) pixels
0x192D, 0x194D, 0x116D, 0x096D, 0x014C, 0x014B, 0x014B, 0x010A, 0x010A, 0x0109, 0x0109, 0x00E9, 0x00E9, 0x00E9, 0x00E9, 0x00E8,   // 0x06C0 (1728) pixels
0x8068, 0x8068, 0x8068, 0x8068, 0x8068, 0x8068, 0x8048, 0x8048, 0x7848, 0x7847, 0x7827, 0x7847, 0x7027, 0x7027, 0x6806, 0x6806,   // 0x06D0 (1744) pixels
0x6026, 0x5826, 0x5006, 0x5006, 0x4805, 0x4005, 0x4005, 0x3805, 0x3005, 0x3004, 0x2804, 0x2804, 0x2804, 0x2804, 0x3004, 0x3804,   // 0x06E0 (1760) pixels
0x4805, 0x5805, 0x6805, 0x7025, 0x7005, 0x6804, 0x5003, 0x4804, 0x4825, 0x4805, 0x4006, 0x4027, 0x3827, 0x3048, 0x288A, 0x28CB,   // 0x06F0 (1776) pixels
0x210C, 0x190C, 0x112C, 0x092C, 0x014C, 0x014B, 0x012B, 0x010A, 0x010A, 0x0109, 0x00E9, 0x00E9, 0x00E8, 0x00E8, 0x00E8, 0x00E8,   // 0x0700 (1792) pixels
0x7848, 0x7848, 0x7848, 0x7848, 0x7848, 0x7828, 0x7828, 0x7027, 0x7047, 0x7027, 0x7027, 0x7027, 0x7026, 0x6826, 0x6826, 0x6026,   // 0x0710 (1808) pixels
0x6006, 0x5805, 0x5005, 0x5005, 0x4805, 0x4005, 0x4005, 0x3805, 0x3024, 0x3004, 0x2804, 0x2804, 0x2804, 0x2804, 0x2804, 0x3024,   // 0x0720 (1824) pixels
0x3804, 0x4804, 0x5805, 0x6004, 0x6004, 0x6004, 0x5003, 0x4823, 0x4824, 0x4825, 0x4026, 0x4007, 0x4027, 0x3828, 0x3889, 0x288A,   // 0x0730 (1840) pixels
0x28CB, 0x20EC, 0x190C, 0x110C, 0x092B, 0x092B, 0x010A, 0x010A, 0x0109, 0x00E9, 0x00E9, 0x00E8, 0x00E8, 0x00E8, 0x00E8, 0x00C8,   // 0x0740 (1856) pixels
0x7027, 0x7027, 0x7027, 0x7027, 0x7027, 0x7027, 0x7027, 0x6827, 0x6826, 0x6826, 0x6826, 0x6826, 0x6826, 0x6826, 0x6006, 0x6006,   // 0x0750 (1872) pixels
0x6006, 0x5805, 0x5005, 0x5005, 0x4805, 0x4005, 0x4005, 0x3804, 0x3004, 0x3004, 0x2804, 0x2804, 0x2804, 0x2804, 0x2804, 0x2824,   // 0x0760 (1888) pixels
0x3024, 0x3804, 0x4804, 0x5004, 0x5824, 0x5824, 0x5003, 0x5003, 0x4804, 0x4804, 0x4805, 0x4006, 0x4027, 0x4027, 0x3048, 0x3089,   // 0x0770 (1904) pixels
0x208A, 0x20CA, 0x18EB, 0x10EB, 0x110B, 0x090A, 0x010A, 0x010A, 0x0109, 0x00E9, 0x00E9, 0x00E8, 0x00E8, 0x00C8, 0x00C8, 0x00C8,   // 0x0780 (1920) pixels
0x6827, 0x6827, 0x6027, 0x6027, 0x6027, 0x6026, 0x6026, 0x6006, 0x6006, 0x6006, 0x6006, 0x6006, 0x6006, 0x6005, 0x6005, 0x6005,   // 0x0790 (1936) pixels
0x5805, 0x5805, 0x5005, 0x5005, 0x4805, 0x4805, 0x4004, 0x3804, 0x3004, 0x3004, 0x3004, 0x2804, 0x2804, 0x2804, 0x2804, 0x2804,   // 0x07A0 (1952) pixels
0x2804, 0x3804, 0x4004, 0x4004, 0x5004, 0x5004, 0x5004, 0x4804, 0x4004, 0x4004, 0x4005, 0x4006, 0x4006, 0x4007, 0x3828, 0x3048,   // 0x07B0 (1968) pixels
0x288A, 0x20AA, 0x18CA, 0x10CA, 0x10EA, 0x08EA, 0x010A, 0x010A, 0x00E9, 0x00E9, 0x00E8, 0x00E8, 0x00C8, 0x00C8, 0x00C8, 0x00C8,   // 0x07C0 (1984) pixels
0x6026, 0x6007, 0x5806, 0x5806, 0x5806, 0x5806, 0x5806, 0x5806, 0x5806, 0x5805, 0x5805, 0x5805, 0x5805, 0x5805, 0x5805, 0x5805,   // 0x07D0 (2000) pixels
0x5005, 0x5005, 0x5005, 0x5005, 0x4805, 0x4004, 0x4004, 0x3804, 0x3024, 0x3004, 0x3004, 0x2804, 0x2804, 0x2804, 0x2804, 0x2804,   // 0x07E0 (2016) pixels
0x2804, 0x2804, 0x3803, 0x4004, 0x4004, 0x4004, 0x4803, 0x4003, 0x4004, 0x4004, 0x4004, 0x4005, 0x4006, 0x3807, 0x3807, 0x3048,   // 0x07F0 (2032) pixels
0x3069, 0x2089, 0x20CA, 0x18CA, 0x10CA, 0x08CA, 0x00EA, 0x00E9, 0x00E9, 0x00E9, 0x00C8, 0x00C8, 0x00C8, 0x00C8, 0x00C8, 0x00C8,   // 0x0800 (2048) pixels
};

const unsigned short Neon_4[2048] PROGMEM={
0x09AE, 0x098E, 0x098D, 0x098D, 0x098D, 0x11AF, 0x11F0, 0x19D1, 0x1A12, 0x1A12, 0x21F1, 0x21F2, 0x2A12, 0x2A13, 0x2A14, 0x3214,   // 0x0010 (16) pixels
0x29D2, 0x21B1, 0x2991, 0x2971, 0x2151, 0x3172, 0x2930, 0x290E, 0x20EE, 0x28EE, 0x28CE, 0x28CE, 0x30F0, 0x30CE, 0x30AE, 0x30AD,   // 0x0020 (32) pixels
0x308D, 0x308D, 0x408E, 0x40AF, 0x408E, 0x408D, 0x488E, 0x488E, 0x486E, 0x508F, 0x5870, 0x5890, 0x608F, 0x586F, 0x6070, 0x6871,   // 0x0030 (48) pixels
0x7893, 0x8093, 0x8092, 0x7892, 0x8091, 0x8072, 0x8051, 0x8872, 0x8030, 0x7830, 0x782F, 0x702E, 0x682E, 0x702E, 0x8830, 0x9852,   // 0x0040 (64) pixels
0x098E, 0x098D, 0x096D, 0x098D, 0x098E, 0x11AE, 0x11CF, 0x19D1, 0x19F2, 0x19F1, 0x19D1, 0x21D1, 0x21F2, 0x2A12, 0x2A13, 0x29F3,   // 0x0050 (80) pixels
0x29D1, 0x2971, 0x2970, 0x2150, 0x2150, 0x2931, 0x290F, 0x20ED, 0x20ED, 0x28CD, 0x28CD, 0x28AE, 0x30CF, 0x30AE, 0x30AE, 0x30AD,   // 0x0060 (96) pixels
0x308D, 0x308E, 0x408F, 0x48B0, 0x408E, 0x408E, 0x488E, 0x486E, 0x488F, 0x5090, 0x5890, 0x5891, 0x588F, 0x606F, 0x606F, 0x6050,   // 0x0070 (112) pixels
0x7071, 0x7872, 0x7871, 0x7071, 0x7870, 0x7850, 0x7850, 0x7850, 0x7830, 0x700E, 0x700E, 0x680C, 0x682C, 0x682D, 0x782E, 0x9831,   // 0x0080 (128) pixels
0x098D, 0x016D, 0x096D, 0x096D, 0x098D, 0x11AE, 0x11AF, 0x11D1, 0x19F1, 0x19F1, 0x19D1, 0x21D1, 0x21D1, 0x21F2, 0x29F3, 0x29F2,   // 0x0090 (144) pixels
0x2191, 0x2170, 0x216F, 0x2150, 0x2150, 0x2150, 0x290F, 0x20ED, 0x20ED, 0x20CD, 0x28CD, 0x28AE, 0x30CF, 0x30AE, 0x30AE, 0x308E,   // 0x00A0 (160) pixels
0x308E, 0x38AE, 0x38AF, 0x40B0, 0x408F, 0x408E, 0x488E, 0x486E, 0x508F, 0x5870, 0x6092, 0x6071, 0x6070, 0x586F, 0x6070, 0x6070,   // 0x00B0 (176) pixels
0x7071, 0x7071, 0x7071, 0x7050, 0x704F, 0x704F, 0x702F, 0x702F, 0x702F, 0x700E, 0x680D, 0x600C, 0x600C, 0x600C, 0x700E, 0x880F,   // 0x00C0 (192) pixels
0x098D, 0x016D, 0x016D, 0x096D, 0x098E, 0x11AF, 0x11D0, 0x11D1, 0x19F2, 0x19D1, 0x19F1, 0x21F2, 0x21F3, 0x21F3, 0x21F3, 0x21D3,   // 0x00D0 (208) pixels
0x21B1, 0x2191, 0x2170, 0x2150, 0x2130, 0x2930, 0x20EF, 0x20EE, 0x20CE, 0x28CD, 0x28CD, 0x28CF, 0x30CF, 0x30AE, 0x30AE, 0x308E,   // 0x00E0 (224) pixels
0x38AE, 0x38AE, 0x38AF, 0x48B1, 0x4870, 0x4890, 0x5070, 0x5070, 0x5090, 0x5870, 0x6072, 0x6071, 0x584F, 0x6070, 0x606F, 0x604F,   // 0x00F0 (240) pixels
0x7071, 0x7070, 0x7050, 0x684F, 0x684F, 0x682F, 0x682E, 0x702E, 0x700E, 0x682D, 0x600C, 0x600C, 0x580B, 0x580C, 0x680D, 0x8010,   // 0x0100 (256) pixels
0x098D, 0x016D, 0x016D, 0x098E, 0x098E, 0x11B0, 0x09D1, 0x19F2, 0x19F2, 0x19D2, 0x19F2, 0x19F3, 0x21F3, 0x21F4, 0x29F4, 0x29D3,   // 0x0110 (272) pixels
0x21B1, 0x21B1, 0x2150, 0x2971, 0x2971, 0x2931, 0x290F, 0x20EE, 0x20EE, 0x20ED, 0x28CE, 0x30CF, 0x30F0, 0x30AF, 0x30AF, 0x38AF,   // 0x0120 (288) pixels
0x38AF, 0x38AF, 0x4091, 0x50B2, 0x5092, 0x4890, 0x5090, 0x5070, 0x5070, 0x6091, 0x6092, 0x6892, 0x6071, 0x6050, 0x6050, 0x6070,   // 0x0130 (304) pixels
0x6870, 0x7071, 0x7070, 0x684F, 0x684F, 0x684F, 0x682E, 0x702E, 0x680E, 0x680E, 0x680D, 0x600C, 0x580B, 0x580C, 0x680C, 0x800F,   // 0x0140 (320) pixels
0x098D, 0x016D, 0x096D, 0x096E, 0x098E, 0x09D0, 0x09D1, 0x11F2, 0x19F2, 0x19F2, 0x19F2, 0x19F2, 0x19F3, 0x21F3, 0x21F4, 0x21B2,   // 0x0150 (336) pixels
0x21B2, 0x2191, 0x2170, 0x2150, 0x2151, 0x2931, 0x2910, 0x28EF, 0x20CE, 0x20EF, 0x28CF, 0x28CF, 0x30F1, 0x30D0, 0x30AF, 0x38B0,   // 0x0160 (352) pixels
0x38B0, 0x40B0, 0x48B2, 0x50D3, 0x4891, 0x4890, 0x5090, 0x5070, 0x5890, 0x6092, 0x6893, 0x6893, 0x6851, 0x6050, 0x6050, 0x6070,   // 0x0170 (368) pixels
0x7070, 0x7071, 0x7051, 0x7050, 0x684F, 0x702F, 0x684F, 0x702F, 0x700F, 0x680E, 0x680E, 0x680D, 0x600C, 0x600C, 0x680C, 0x780E,   // 0x0180 (384) pixels
0x096D, 0x016D, 0x016D, 0x096E, 0x098F, 0x09B0, 0x11D2, 0x11F2, 0x11F2, 0x19D2, 0x19D2, 0x19D2, 0x19D3, 0x21D3, 0x21D4, 0x21B3,   // 0x0190 (400) pixels
0x1971, 0x2171, 0x2170, 0x2151, 0x2131, 0x2131, 0x2910, 0x28EF, 0x20EF, 0x20EF, 0x28CF, 0x28D0, 0x30F1, 0x38D1, 0x38B0, 0x38B1,   // 0x01A0 (416) pixels
0x38B1, 0x40B1, 0x4891, 0x5092, 0x4891, 0x4890, 0x5090, 0x5091, 0x5892, 0x6092, 0x7094, 0x7093, 0x6872, 0x6871, 0x6050, 0x6850,   // 0x01B0 (432) pixels
0x7071, 0x7071, 0x7051, 0x7050, 0x702F, 0x702F, 0x702F, 0x702F, 0x702F, 0x702F, 0x700E, 0x680D, 0x600C, 0x600C, 0x680C, 0x780E,   // 0x01C0 (448) pixels
0x016D, 0x016D, 0x096E, 0x098E, 0x09B0, 0x09D1, 0x11F2, 0x11D3, 0x11D3, 0x11D3, 0x19D2, 0x19D3, 0x19D3, 0x19D5, 0x21D3, 0x21B3,   // 0x01D0 (464) pixels
0x2192, 0x2172, 0x2151, 0x2131, 0x2152, 0x2932, 0x2910, 0x28EF, 0x28EF, 0x28F0, 0x30D0, 0x30D1, 0x30F2, 0x38D2, 0x38D1, 0x38B1,   // 0x01E0 (480) pixels
0x38B1, 0x40B0, 0x48B1, 0x50B2, 0x4891, 0x4891, 0x5091, 0x5871, 0x5892, 0x6893, 0x7895, 0x7895, 0x7093, 0x7072, 0x6871, 0x7071,   // 0x01F0 (496) pixels
0x7071, 0x7871, 0x7871, 0x7050, 0x7050, 0x702F, 0x702F, 0x7810, 0x780F, 0x780F, 0x780F, 0x700E, 0x680D, 0x680D, 0x700D, 0x800E,   // 0x0200 (512) pixels
0x096D, 0x016E, 0x018E, 0x0990, 0x01D1, 0x09F3, 0x0A13, 0x11F3, 0x11F3, 0x11F3, 0x19F3, 0x19D3, 0x19F4, 0x19F5, 0x19D5, 0x21B4,   // 0x0210 (528) pixels
0x2193, 0x2172, 0x1972, 0x2152, 0x2153, 0x2132, 0x2912, 0x2911, 0x28F0, 0x28F1, 0x30F1, 0x30F2, 0x38F3, 0x38D2, 0x38D1, 0x38B1,   // 0x0220 (544) pixels
0x38B1, 0x40B1, 0x48B2, 0x50B3, 0x5092, 0x5091, 0x5091, 0x5872, 0x60B3, 0x7095, 0x7896, 0x7895, 0x7094, 0x7072, 0x7073, 0x7072,   // 0x0230 (560) pixels
0x7872, 0x7872, 0x7852, 0x7851, 0x7851, 0x7850, 0x7830, 0x7811, 0x8831, 0x8831, 0x8031, 0x802F, 0x780F, 0x700E, 0x780E, 0x800F,   // 0x0240 (576) pixels
0x09AE, 0x018E, 0x018F, 0x01B0, 0x09F2, 0x0A13, 0x0A34, 0x1215, 0x1214, 0x1214, 0x1A14, 0x1A35, 0x1A36, 0x2216, 0x2216, 0x19D5,   // 0x0250 (592) pixels
0x21B4, 0x2194, 0x2153, 0x2153, 0x2954, 0x2134, 0x2912, 0x2912, 0x2912, 0x28F2, 0x30F2, 0x38F3, 0x38F3, 0x40F2, 0x40D2, 0x40D2,   // 0x0260 (608) pixels
0x48D2, 0x48D2, 0x50B2, 0x50B3, 0x58B3, 0x5092, 0x58B3, 0x60B3, 0x6093, 0x70B5, 0x88B7, 0x80B7, 0x78B5, 0x7073, 0x7893, 0x7873,   // 0x0270 (624) pixels
0x7873, 0x8073, 0x8053, 0x8053, 0x8051, 0x8051, 0x8031, 0x8832, 0x8832, 0x8832, 0x8811, 0x8831, 0x800F, 0x780F, 0x800F, 0x8830,   // 0x0280 (640) pixels
0x09AF, 0x018F, 0x0990, 0x01B1, 0x09F3, 0x0A35, 0x1235, 0x1235, 0x1235, 0x1A55, 0x1A36, 0x2256, 0x2277, 0x2277, 0x2A57, 0x2A36,   // 0x0290 (656) pixels
0x21F6, 0x21B5, 0x2194, 0x2174, 0x2974, 0x2954, 0x2933, 0x3113, 0x3113, 0x3113, 0x30F3, 0x3914, 0x40F4, 0x40F4, 0x40F3, 0x48D3,   // 0x02A0 (672) pixels
0x48D3, 0x50D3, 0x58D4, 0x58D4, 0x58D3, 0x58B3, 0x60B3, 0x60B4, 0x68B5, 0x78B6, 0x88B7, 0x8897, 0x8096, 0x8095, 0x8074, 0x8074,   // 0x02B0 (688) pixels
0x8074, 0x8874, 0x8874, 0x8873, 0x8852, 0x8052, 0x8852, 0x9033, 0x9033, 0x9833, 0x9012, 0x9011, 0x8810, 0x8010, 0x8030, 0x8810,   // 0x02C0 (704) pixels
0x11CF, 0x01D0, 0x01B1, 0x09F2, 0x0A35, 0x0A56, 0x1256, 0x1276, 0x1276, 0x1A77, 0x2297, 0x22B8, 0x32D9, 0x32D9, 0x3298, 0x3278,   // 0x02D0 (720) pixels
0x2A57, 0x2A17, 0x31F6, 0x29B6, 0x2997, 0x2976, 0x2955, 0x3134, 0x3134, 0x3134, 0x3914, 0x4135, 0x4115, 0x4914, 0x4914, 0x50F4,   // 0x02E0 (736) pixels
0x50F4, 0x58F5, 0x60F5, 0x60D5, 0x68D5, 0x60B4, 0x68B5, 0x68B5, 0x70B5, 0x78B6, 0x88B7, 0x8896, 0x8896, 0x8895, 0x8895, 0x8894,   // 0x02F0 (752) pixels
0x8874, 0x9075, 0x9075, 0x9074, 0x9074, 0x9054, 0x9073, 0x9854, 0x9834, 0x9834, 0xA835, 0x9833, 0x9032, 0x8811, 0x8830, 0x9011,   // 0x0300 (768) pixels
0x1251, 0x0A11, 0x09F2, 0x0A33, 0x0A97, 0x133B, 0x12B8, 0x1A98, 0x1A97, 0x22B8, 0x2AB8, 0x2AD9, 0x3B1A, 0x3B1A, 0x3B1A, 0x3ADA,   // 0x0310 (784) pixels
0x3ABA, 0x3A58, 0x3A39, 0x3A18, 0x31F8, 0x31B7, 0x3977, 0x3955, 0x3955, 0x3956, 0x4136, 0x4937, 0x4937, 0x5136, 0x5115, 0x5116,   // 0x0320 (800) pixels
0x58F6, 0x6116, 0x68F6, 0x70F7, 0x68D6, 0x70D6, 0x70D5, 0x78D6, 0x70B5, 0x80B6, 0x8897, 0x88B7, 0x8876, 0x8896, 0x8896, 0x9096,   // 0x0330 (816) pixels
0x9076, 0xA097, 0xA097, 0xA076, 0x9875, 0x9855, 0xA055, 0xA075, 0xC098, 0xC0D9, 0xB036, 0xA855, 0xA835, 0xA855, 0xF25E, 0xA853,   // 0x0340 (832) pixels
0x1A94, 0x0A33, 0x0A34, 0x0A55, 0x0A96, 0x12B8, 0x1B3B, 0x235B, 0x233A, 0x2B3B, 0x337C, 0x3BBD, 0x43FE, 0x4BFE, 0x43BF, 0x435F,   // 0x0350 (848) pixels
0x431E, 0x42BC, 0x429A, 0x425A, 0x425A, 0x41FA, 0x39B9, 0x4178, 0x3977, 0x4157, 0x4958, 0x4958, 0x5158, 0x5157, 0x6179, 0x6959,   // 0x0360 (864) pixels
0x6137, 0x6917, 0x7118, 0x7118, 0x78F8, 0x78F7, 0x78D8, 0x78D7, 0x80B7, 0x80D7, 0x90B8, 0x90B8, 0x90B7, 0x9097, 0x90B7, 0xA097,   // 0x0370 (880) pixels
0xA097, 0xB099, 0xB098, 0xA897, 0xA877, 0xB097, 0xC0B8, 0xA876, 0xA856, 0xA835, 0xA835, 0xA034, 0xA033, 0x9832, 0x9832, 0x9853,   // 0x0380 (896) pixels
0x22D5, 0x1274, 0x0A75, 0x0A76, 0x12B8, 0x12D9, 0x1AD9, 0x22FA, 0x2B5A, 0x339D, 0x3BDE, 0x547F, 0x5C9F, 0x649F, 0x749C, 0x6C5F,   // 0x0390 (912) pixels
0x5BFF, 0x5BDF, 0x535F, 0x4A9D, 0x427C, 0x4A1B, 0x41DA, 0x397A, 0x49BC, 0x4979, 0x4959, 0x5159, 0x5979, 0x5959, 0x6158, 0x6178,   // 0x03A0 (928) pixels
0x819D, 0x817D, 0x915C, 0x895B, 0x8119, 0x78F8, 0x78D8, 0x80B8, 0x80D8, 0x88D8, 0x90D8, 0x90B8, 0x90D8, 0x9897, 0x9897, 0xA098,   // 0x03B0 (944) pixels
0xA899, 0xB89A, 0xC0BB, 0xD1BC, 0xC09A, 0xB878, 0xB077, 0xA857, 0xA856, 0xA836, 0xA835, 0xA835, 0xA013, 0x9832, 0x9832, 0xA073,   // 0x03C0 (960) pixels
0x2B37, 0x12D7, 0x12D8, 0x12B8, 0x12D9, 0x12F9, 0x1B19, 0x22FB, 0x2B5B, 0x3BBD, 0x43DD, 0x4C3E, 0x64BF, 0x6CBF, 0x6C9F, 0x749F,   // 0x03D0 (976) pixels
0x745F, 0x743F, 0x6C1F, 0x6BBF, 0x635F, 0x52BE, 0x4A3C, 0x49DB, 0x49DB, 0x59DE, 0x61DE, 0x82BF, 0x617C, 0x697B, 0x719B, 0x8A3D,   // 0x03E0 (992) pixels
0x715A, 0x793A, 0x997F, 0xA17F, 0x993D, 0x911C, 0x90FB, 0x80D8, 0x88F8, 0x88D8, 0x90D9, 0x98D8, 0x98D8, 0x98B8, 0xA0B9, 0xA8B9,   // 0x03F0 (1008) pixels
0xB8DA, 0xC0DB, 0xC09C, 0xC89C, 0xC059, 0xB859, 0xC059, 0xB858, 0xB858, 0xB037, 0xB036, 0xB035, 0xA035, 0x9833, 0x9852, 0x9853,   // 0x0400 (1024) pixels
0x3C5B, 0x1B18, 0x445F, 0x1B9D, 0x135C, 0x12F9, 0x233B, 0x2B7D, 0x33BE, 0x3BDD, 0x43DD, 0x4C1F, 0x541E, 0x645F, 0x645F, 0x6C7F,   // 0x0410 (1040) pixels
0x747F, 0x743F, 0x741F, 0x73FF, 0x73DF, 0x6B5F, 0x5ABF, 0x521D, 0x49DC, 0x51BC, 0x59BD, 0x69DF, 0x71DF, 0x79BF, 0x697C, 0x715B,   // 0x0420 (1056) pixels
0x715B, 0x795B, 0x815B, 0x893C, 0xA9BF, 0xA15F, 0xA15F, 0xA91E, 0xA0FD, 0xA0FC, 0xA0D9, 0xA0D9, 0xA0D9, 0xA0D9, 0xB0FB, 0xB0DA,   // 0x0430 (1072) pixels
0xA8B9, 0xB09A, 0xC09B, 0xC09B, 0xB87A, 0xB879, 0xB858, 0xB878, 0xB057, 0xB837, 0xB837, 0xB036, 0xB036, 0xA033, 0x9853, 0x9872,   // 0x0440 (1088) pixels
0x3C5D, 0x241F, 0x0B3B, 0x133B, 0x1B5C, 0x1BBE, 0x237E, 0x235D, 0x2B7D, 0x339D, 0x3BBE, 0x43DD, 0x53FE, 0x5C1F, 0x5C1F, 0x641F,   // 0x0450 (1104) pixels
0x6C3E, 0x63FF, 0x63DF, 0x73DF, 0x6B9F, 0x6B5F, 0x5ABF, 0x5A3E, 0x51DD, 0x51BD, 0x59BD, 0x619D, 0x619D, 0x697E, 0x717E, 0x81BF,   // 0x0460 (1120) pixels
0x817E, 0x791C, 0x791B, 0x811B, 0x78B9, 0x891A, 0x995C, 0xA11D, 0xA13D, 0xA11C, 0xA91C, 0xA91C, 0xB0FC, 0xB0BD, 0xA8DA, 0xA8D9,   // 0x0470 (1136) pixels
0xA8B9, 0xA898, 0xB099, 0xB89A, 0xB078, 0xA857, 0xA857, 0xA856, 0xB057, 0xB056, 0xB037, 0xB057, 0xA835, 0x9833, 0x9853, 0x9092,   // 0x0480 (1152) pixels
0x449E, 0x23FF, 0x1BFF, 0x133C, 0x131A, 0x12FA, 0x1AFB, 0x235D, 0x235D, 0x335D, 0x3B5D, 0x3B9E, 0x4BBE, 0x4BDE, 0x53BF, 0x5BDF,   // 0x0490 (1168) pixels
0x5BBF, 0x5B9F, 0x5B7F, 0x635F, 0x5B1F, 0x52BF, 0x5ABF, 0x521E, 0x49BD, 0x51BD, 0x599E, 0x723F, 0x69BF, 0x695D, 0x693D, 0x715D,   // 0x04A0 (1184) pixels
0x713C, 0x68FA, 0x70F9, 0x70F9, 0x70D9, 0x78B9, 0x80F9, 0x88F9, 0x88D7, 0xA91D, 0xA97D, 0xB17C, 0xA93A, 0xA8FA, 0xA0D8, 0xB0BC,   // 0x04B0 (1200) pixels
0xA8B9, 0xA0B7, 0xA097, 0xA076, 0xA056, 0x9834, 0x9834, 0x9854, 0x9834, 0x9834, 0xA034, 0xB056, 0x9813, 0xA8D5, 0x9872, 0x9891,   // 0x04C0 (1216) pixels
0x33FD, 0x23DE, 0x1B9E, 0x135D, 0x12DA, 0x12B9, 0x12B8, 0x1A78, 0x1AB9, 0x22DA, 0x2B1B, 0x333C, 0x3B5D, 0x435E, 0x435E, 0x4B5F,   // 0x04D0 (1232) pixels
0x4B5F, 0x4B3F, 0x531F, 0x4ABE, 0x4A9E, 0x4A3E, 0x4A1E, 0x523E, 0x49BD, 0x497C, 0x495C, 0x515B, 0x593B, 0x593B, 0x591A, 0x60FA,   // 0x04E0 (1248) pixels
0x58D9, 0x60D8, 0x60D7, 0x68B7, 0x68B6, 0x68B6, 0x70B6, 0x78B6, 0x78B6, 0x80D7, 0x88F8, 0xA13B, 0xA95B, 0xA95B, 0xA95A, 0xA137,   // 0x04F0 (1264) pixels
0x98F6, 0x90D6, 0xA8F8, 0x9074, 0x9053, 0x8853, 0x8833, 0x8812, 0x9012, 0x9013, 0x9833, 0xA014, 0xA014, 0xA033, 0xA034, 0xA092,   // 0x0500 (1280) pixels
0x2B79, 0x1319, 0x131B, 0x0AFB, 0x12BA, 0x0A77, 0x1256, 0x1A56, 0x1A56, 0x1A57, 0x2278, 0x2ABB, 0x32DC, 0x331D, 0x3AFD, 0x3AFE,   // 0x0510 (1296) pixels
0x3AFE, 0x42BF, 0x429E, 0x427E, 0x4A7E, 0x421D, 0x39DC, 0x419C, 0x415B, 0x415B, 0x493B, 0x513B, 0x511A, 0x511A, 0x58FA, 0x58FA,   // 0x0520 (1312) pixels
0x58D8, 0x58B6, 0x58B5, 0x5895, 0x6094, 0x60B4, 0x6094, 0x6894, 0x70B5, 0x70D5, 0x78D5, 0x80D6, 0x88F6, 0x90F7, 0x9918, 0x98F6,   // 0x0530 (1328) pixels
0x90D5, 0x80B4, 0x88B3, 0x8893, 0x8052, 0x8031, 0x7831, 0x8031, 0x8831, 0x9053, 0xA075, 0xA815, 0xA814, 0xA815, 0xA834, 0xA0B3,   // 0x0540 (1344) pixels
0x22F6, 0x12B6, 0x0A77, 0x0A77, 0x0A78, 0x0A76, 0x0A34, 0x11F3, 0x1213, 0x1A13, 0x1A35, 0x2237, 0x2A59, 0x2A59, 0x2A5A, 0x325A,   // 0x0550 (1360) pixels
0x327C, 0x323B, 0x323B, 0x321B, 0x39FA, 0x39BA, 0x399A, 0x3158, 0x3938, 0x3938, 0x4118, 0x40F8, 0x40F7, 0x48D7, 0x48D6, 0x48B6,   // 0x0560 (1376) pixels
0x48B4, 0x4893, 0x4873, 0x4892, 0x5072, 0x5071, 0x5872, 0x5872, 0x6092, 0x6892, 0x6893, 0x70B3, 0x78D3, 0x78D3, 0x78D3, 0x78D3,   // 0x0570 (1392) pixels
0x78D3, 0x7892, 0x7891, 0x7871, 0x7870, 0x700F, 0x702F, 0x700F, 0x700F, 0x780F, 0x8010, 0x8010, 0x8810, 0x8831, 0x8831, 0x788F,   // 0x0580 (1408) pixels
0x1A93, 0x0A73, 0x0A35, 0x0A33, 0x09F3, 0x09D2, 0x09B1, 0x09B1, 0x09B1, 0x11D1, 0x11D2, 0x11D2, 0x19F3, 0x21D5, 0x2216, 0x21F8,   // 0x0590 (1424) pixels
0x21F8, 0x29F9, 0x29D9, 0x29DA, 0x31BA, 0x317A, 0x3159, 0x3139, 0x3118, 0x3117, 0x38F7, 0x38D6, 0x38D5, 0x40B4, 0x40B4, 0x4093,   // 0x05A0 (1440) pixels
0x4072, 0x4072, 0x4071, 0x4870, 0x4870, 0x4850, 0x4870, 0x5070, 0x5070, 0x5890, 0x6071, 0x6091, 0x68B1, 0x6891, 0x6891, 0x7091,   // 0x05B0 (1456) pixels
0x7091, 0x7070, 0x684F, 0x684F, 0x684F, 0x682E, 0x680E, 0x680D, 0x680D, 0x682E, 0x700E, 0x780F, 0x780F, 0x780F, 0x780F, 0x706E,   // 0x05C0 (1472) pixels
0x1210, 0x09F1, 0x09D1, 0x09D1, 0x01B0, 0x018F, 0x016F, 0x096E, 0x096E, 0x096E, 0x096F, 0x1190, 0x1191, 0x19B2, 0x1991, 0x19B3,   // 0x05D0 (1488) pixels
0x2193, 0x2194, 0x2174, 0x2175, 0x2955, 0x2135, 0x2915, 0x2914, 0x28F4, 0x28F3, 0x30B3, 0x30B2, 0x3092, 0x3893, 0x3892, 0x3892,   // 0x05E0 (1504) pixels
0x3851, 0x3850, 0x386F, 0x384E, 0x384E, 0x404D, 0x404E, 0x404E, 0x484D, 0x486E, 0x506E, 0x506E, 0x586E, 0x588F, 0x606F, 0x606F,   // 0x05F0 (1520) pixels
0x606F, 0x604E, 0x604E, 0x582D, 0x582D, 0x602D, 0x600D, 0x580C, 0x600C, 0x600C, 0x680D, 0x680D, 0x700D, 0x700E, 0x700D, 0x684D,   // 0x0600 (1536) pixels
0x11CD, 0x098E, 0x018E, 0x018E, 0x016E, 0x014D, 0x012C, 0x010C, 0x090C, 0x090C, 0x090C, 0x092D, 0x092E, 0x112F, 0x114F, 0x1150,   // 0x0610 (1552) pixels
0x1150, 0x1931, 0x1931, 0x1912, 0x1912, 0x18F2, 0x20F2, 0x20D2, 0x20D1, 0x20B1, 0x28B1, 0x2890, 0x2890, 0x286F, 0x306E, 0x304E,   // 0x0620 (1568) pixels
0x284D, 0x284D, 0x304C, 0x304C, 0x304C, 0x384C, 0x384C, 0x382C, 0x382C, 0x402C, 0x402B, 0x404C, 0x484C, 0x484C, 0x504D, 0x504C,   // 0x0630 (1584) pixels
0x504C, 0x582C, 0x582C, 0x502C, 0x502C, 0x580C, 0x500B, 0x500B, 0x500B, 0x500B, 0x580B, 0x580B, 0x600C, 0x600C, 0x600B, 0x582A,   // 0x0640 (1600) pixels
0x116B, 0x014B, 0x012C, 0x012C, 0x010B, 0x010B, 0x00EA, 0x00E9, 0x00E9, 0x00E9, 0x00CA, 0x08EB, 0x090B, 0x08EC, 0x08EC, 0x08EC,   // 0x0650 (1616) pixels
0x10ED, 0x10EE, 0x10CE, 0x10CF, 0x10CF, 0x18D0, 0x18B0, 0x18AF, 0x18AF, 0x188E, 0x206E, 0x206D, 0x206D, 0x286D, 0x286C, 0x284B,   // 0x0660 (1632) pixels
0x204B, 0x282B, 0x282A, 0x284A, 0x302A, 0x302A, 0x302A, 0x300A, 0x302A, 0x382B, 0x384A, 0x382A, 0x382A, 0x382A, 0x402A, 0x400A,   // 0x0670 (1648) pixels
0x402A, 0x482B, 0x482B, 0x500B, 0x500A, 0x480A, 0x500A, 0x480A, 0x480A, 0x4809, 0x480A, 0x500A, 0x500A, 0x500A, 0x500A, 0x4809,   // 0x0680 (1664) pixels
0x0929, 0x010A, 0x010A, 0x00E9, 0x00E9, 0x00C9, 0x00C9, 0x00C9, 0x00C9, 0x00A9, 0x08A9, 0x08A9, 0x08A9, 0x08CA, 0x08CA, 0x08AA,   // 0x0690 (1680) pixels
0x08AA, 0x08AB, 0x10CC, 0x10AD, 0x10AD, 0x18AE, 0x188E, 0x188D, 0x188D, 0x188D, 0x206C, 0x184C, 0x186B, 0x186B, 0x204A, 0x204A,   // 0x06A0 (1696) pixels
0x202A, 0x2029, 0x2029, 0x2029, 0x2029, 0x2029, 0x2809, 0x2829, 0x2829, 0x2809, 0x3029, 0x3009, 0x3009, 0x3009, 0x3809, 0x3809,   // 0x06B0 (1712) pixels
0x3829, 0x402A, 0x402A, 0x400A, 0x400A, 0x4809, 0x400A, 0x4809, 0x4809, 0x4809, 0x4809, 0x4809, 0x4809, 0x4809, 0x4809, 0x4008,   // 0x06C0 (1728) pixels
0x0107, 0x00E8, 0x00C8, 0x00C8, 0x00A7, 0x00C7, 0x00A7, 0x0086, 0x0087, 0x0087, 0x0087, 0x0087, 0x0087, 0x00A8, 0x0088, 0x0088,   // 0x06D0 (1744) pixels
0x0088, 0x0889, 0x0889, 0x108B, 0x108B, 0x108B, 0x106B, 0x106B, 0x106B, 0x186A, 0x184A, 0x1849, 0x1849, 0x1849, 0x1848, 0x1828,   // 0x06E0 (1760) pixels
0x1828, 0x1828, 0x1827, 0x2028, 0x2027, 0x2028, 0x2008, 0x2028, 0x2027, 0x2807, 0x2807, 0x2807, 0x2807, 0x2807, 0x2807, 0x3007,   // 0x06F0 (1776) pixels
0x3008, 0x3008, 0x3808, 0x3808, 0x3808, 0x3808, 0x3808, 0x3808, 0x3807, 0x3807, 0x3807, 0x3807, 0x4008, 0x4007, 0x3807, 0x3807,   // 0x0700 (1792) pixels
0x00A5, 0x00A6, 0x00A6, 0x00A6, 0x0086, 0x0086, 0x0066, 0x0066, 0x0066, 0x0066, 0x0065, 0x0065, 0x0066, 0x0046, 0x0046, 0x0866,   // 0x0710 (1808) pixels
0x0867, 0x0867, 0x0867, 0x0868, 0x1069, 0x1069, 0x1069, 0x1069, 0x1069, 0x1048, 0x1048, 0x1028, 0x1047, 0x1047, 0x1027, 0x1026,   // 0x0720 (1824) pixels
0x1026, 0x1026, 0x1826, 0x1806, 0x1806, 0x2026, 0x2026, 0x2006, 0x1806, 0x1806, 0x1806, 0x1805, 0x2006, 0x2006, 0x2006, 0x2806,   // 0x0730 (1840) pixels
0x2806, 0x2806, 0x3007, 0x3007, 0x2807, 0x3007, 0x3007, 0x3007, 0x3006, 0x3006, 0x3006, 0x3006, 0x3006, 0x3006, 0x3006, 0x3006,   // 0x0740 (1856) pixels
0x0084, 0x0084, 0x0084, 0x0084, 0x0084, 0x0064, 0x0064, 0x0064, 0x0064, 0x0065, 0x0064, 0x0064, 0x0065, 0x0065, 0x0845, 0x0845,   // 0x0750 (1872) pixels
0x0845, 0x0846, 0x0046, 0x0846, 0x0846, 0x0847, 0x0847, 0x0847, 0x0847, 0x0826, 0x0826, 0x1026, 0x1026, 0x1026, 0x1025, 0x1025,   // 0x0760 (1888) pixels
0x1025, 0x1025, 0x1025, 0x1005, 0x1005, 0x1805, 0x1805, 0x1805, 0x1805, 0x1804, 0x1805, 0x1804, 0x1804, 0x1804, 0x1804, 0x2005,   // 0x0770 (1904) pixels
0x2025, 0x2004, 0x2005, 0x2025, 0x2805, 0x2805, 0x2805, 0x2805, 0x2805, 0x2805, 0x2805, 0x2805, 0x2805, 0x2805, 0x2804, 0x2804,   // 0x0780 (1920) pixels
0x0063, 0x0043, 0x0063, 0x0043, 0x0043, 0x0043, 0x0043, 0x0043, 0x0043, 0x0044, 0x0044, 0x0044, 0x0024, 0x0024, 0x0024, 0x0024,   // 0x0790 (1936) pixels
0x0024, 0x0024, 0x0044, 0x0845, 0x0845, 0x0846, 0x0846, 0x0845, 0x0845, 0x0825, 0x0825, 0x1025, 0x1025, 0x0824, 0x0824, 0x0804,   // 0x07A0 (1952) pixels
0x0804, 0x0804, 0x0804, 0x0824, 0x1004, 0x1004, 0x1024, 0x1024, 0x1004, 0x1003, 0x1003, 0x1003, 0x1003, 0x1003, 0x1803, 0x1804,   // 0x07B0 (1968) pixels
0x1804, 0x1804, 0x1804, 0x1804, 0x2004, 0x2004, 0x2004, 0x2004, 0x2004, 0x2004, 0x2004, 0x2004, 0x2004, 0x2004, 0x2004, 0x2004,   // 0x07C0 (1984) pixels
0x0042, 0x0043, 0x0043, 0x0043, 0x0043, 0x0043, 0x0023, 0x0023, 0x0023, 0x0023, 0x0023, 0x0023, 0x0023, 0x0023, 0x0023, 0x0023,   // 0x07D0 (2000) pixels
0x0023, 0x0023, 0x0023, 0x0024, 0x0024, 0x0024, 0x0024, 0x0024, 0x0824, 0x0824, 0x0824, 0x0804, 0x0823, 0x0823, 0x0803, 0x0803,   // 0x07E0 (2016) pixels
0x0803, 0x0803, 0x0803, 0x0803, 0x0803, 0x0803, 0x1003, 0x1003, 0x1003, 0x1003, 0x1002, 0x1003, 0x1002, 0x1003, 0x1002, 0x1003,   // 0x07F0 (2032) pixels
0x1003, 0x1002, 0x1803, 0x1803, 0x1803, 0x1803, 0x1803, 0x1803, 0x1803, 0x1803, 0x1803, 0x1803, 0x1803, 0x1803, 0x1803, 0x1803,   // 0x0800 (2048) pixels
};

const unsigned short Night[2048] PROGMEM={
0x1088, 0x18C9, 0x18EA, 0x210B, 0x212B, 0x212B, 0x210B, 0x18EA, 0x18C9, 0x18C9, 0x18C9, 0x18C9, 0x210B, 0x210A, 0x20EA, 0x18CA,   // 0x0010 (16) pixels
0x18EA, 0x210B, 0x18EA, 0x18EA, 0x18EA, 0x18C9, 0x18C9, 0x18C9, 0x18C9, 0x18C9, 0x18C9, 0x18C9, 0x18C9, 0x18C9, 0x18C9, 0x18C9,   // 0x0020 (32) pixels
0x18C9, 0x18C9, 0x18C9, 0x18CA, 0x18EA, 0x18EA, 0x18EA, 0x18EA, 0x18CA, 0x18CA, 0x18CA, 0x18CA, 0x18EA, 0x18EA, 0x18CA, 0x18EA,   // 0x0030 (48) pixels
0x18C9, 0x18C9, 0x18A9, 0x10A9, 0x10A9, 0x1088, 0x1088, 0x10A9, 0x18A9, 0x1089, 0x10A9, 0x10A9, 0x10A9, 0x1089, 0x10A9, 0x10A9,   // 0x0040 (64) pixels
0x1089, 0x1089, 0x18EA, 0x210B, 0x212B, 0x210B, 0x210B, 0x20EA, 0x292B, 0x212B, 0x210A, 0x294B, 0x210A, 0x212A, 0x20EA, 0x20EA,   // 0x0050 (80) pixels
0x0867, 0x18E9, 0x212B, 0x10A8, 0x212B, 0x212B, 0x294B, 0x294B, 0x294B, 0x294B, 0x210A, 0x18EA, 0x0867, 0x0004, 0x0004, 0x0003,   // 0x0060 (96) pixels
0x0002, 0x0004, 0x0004, 0x0846, 0x0025, 0x0005, 0x0004, 0x0004, 0x0847, 0x0005, 0x0005, 0x0004, 0x0004, 0x0004, 0x0004, 0x0004,   // 0x0070 (112) pixels
0x0846, 0x0005, 0x0004, 0x0004, 0x18A9, 0x212B, 0x210B, 0x18EA, 0x18CA, 0x210A, 0x18EA, 0x18CA, 0x18EA, 0x18CA, 0x18EA, 0x18C9,   // 0x0080 (128) pixels
0x18EA, 0x210B, 0x212B, 0x210B, 0x210B, 0x210B, 0x212B, 0x18C9, 0x18EA, 0x0004, 0x1087, 0x20EA, 0x212B, 0x210B, 0x10A8, 0x18E9,   // 0x0090 (144) pixels
0x0866, 0x0845, 0x0003, 0x0003, 0x0003, 0x0004, 0x212B, 0x212B, 0x212B, 0x292B, 0x292B, 0x292B, 0x0046, 0x0002, 0x0002, 0x0002,   // 0x00A0 (160) pixels
0x0002, 0x0003, 0x0003, 0x0004, 0x0004, 0x0004, 0x0004, 0x0004, 0x0004, 0x0004, 0x0026, 0x0003, 0x0004, 0x0004, 0x0004, 0x0846,   // 0x00B0 (176) pixels
0x0026, 0x0005, 0x0026, 0x0025, 0x0004, 0x0004, 0x0004, 0x0004, 0x0004, 0x0868, 0x0867, 0x18EA, 0x294B, 0x292B, 0x292B, 0x18CA,   // 0x00C0 (192) pixels
0x210A, 0x0004, 0x0846, 0x1088, 0x0867, 0x18C8, 0x0846, 0x0846, 0x0846, 0x0846, 0x1067, 0x0867, 0x0026, 0x18C9, 0x0867, 0x0867,   // 0x00D0 (208) pixels
0x210B, 0x0844, 0x0005, 0x1067, 0x1087, 0x0004, 0x0865, 0x212B, 0x212B, 0x292B, 0x210A, 0x0004, 0x0004, 0x0003, 0x0003, 0x0002,   // 0x00E0 (224) pixels
0x0003, 0x0003, 0x18C6, 0x10C8, 0x0846, 0x0866, 0x0026, 0x0004, 0x0004, 0x0025, 0x0004, 0x0846, 0x0046, 0x0025, 0x0045, 0x0046,   // 0x00F0 (240) pixels
0x0846, 0x0846, 0x0025, 0x0025, 0x0025, 0x0025, 0x0046, 0x0025, 0x0846, 0x0025, 0x0046, 0x0046, 0x0046, 0x0866, 0x0867, 0x0046,   // 0x0100 (256) pixels
0x0004, 0x0025, 0x0004, 0x0025, 0x0025, 0x0866, 0x0866, 0x0046, 0x0846, 0x0026, 0x0046, 0x0026, 0x0867, 0x10A8, 0x0867, 0x1087,   // 0x0110 (272) pixels
0x0025, 0x0866, 0x0003, 0x1087, 0x0025, 0x0003, 0x0003, 0x292B, 0x18EA, 0x0003, 0x0003, 0x0004, 0x0887, 0x0003, 0x0004, 0x0003,   // 0x0120 (288) pixels
0x0004, 0x18E7, 0x31A9, 0x5ACB, 0x31A9, 0x0886, 0x0866, 0x0866, 0x0886, 0x31A9, 0x0866, 0x0866, 0x0046, 0x10A6, 0x0866, 0x0046,   // 0x0130 (304) pixels
0x0866, 0x0046, 0x0025, 0x0025, 0x0046, 0x0046, 0x0866, 0x0866, 0x0866, 0x0866, 0x0866, 0x0866, 0x0866, 0x0866, 0x0866, 0x0046,   // 0x0140 (320) pixels
0x0002, 0x0004, 0x0004, 0x0004, 0x0025, 0x0002, 0x0002, 0x0004, 0x0846, 0x0867, 0x18E7, 0x1087, 0x1087, 0x10A7, 0x0867, 0x0025,   // 0x0150 (336) pixels
0x0004, 0x0004, 0x1087, 0x10A8, 0x18C9, 0x0003, 0x0002, 0x0002, 0x0002, 0x0003, 0x0003, 0x0003, 0x0004, 0x0004, 0x0004, 0x3188,   // 0x0160 (352) pixels
0x0004, 0x0024, 0x738D, 0x0004, 0x2128, 0x2968, 0x2127, 0x1907, 0x18C7, 0x4209, 0x18E7, 0x2128, 0x0886, 0x0046, 0x0046, 0x0866,   // 0x0170 (368) pixels
0x2968, 0x0846, 0x0846, 0x0046, 0x0866, 0x0866, 0xFFEB, 0x0867, 0x0866, 0x0004, 0x0003, 0x0003, 0x0867, 0x0002, 0x0003, 0x0002,   // 0x0180 (384) pixels
0x10A5, 0x0001, 0x0001, 0x0001, 0x0001, 0x0001, 0x0002, 0x0002, 0xFFEB, 0x1088, 0x1087, 0xFFEB, 0x4A4A, 0x39C9, 0x0024, 0x1087,   // 0x0190 (400) pixels
0x10A8, 0x0025, 0xFFEB, 0x10A8, 0x1087, 0x10A8, 0x0004, 0x0002, 0x0002, 0x0002, 0x0003, 0x0003, 0x0002, 0x0004, 0x73CE, 0x6B8D,   // 0x01A0 (416) pixels
0x0004, 0x73CE, 0x5AEC, 0x5AEC, 0x2929, 0x2969, 0x2148, 0x2988, 0x31A9, 0x18E7, 0x10A6, 0x1086, 0x2128, 0x2988, 0x1907, 0x0866,   // 0x01B0 (432) pixels
0x0867, 0x1067, 0x632D, 0x10A7, 0x18E7, 0x0025, 0x1086, 0x0866, 0x0867, 0x3188, 0x0003, 0x0004, 0x0001, 0x0001, 0x0001, 0x0004,   // 0x01C0 (448) pixels
0x0001, 0x0001, 0x0001, 0x0001, 0x0001, 0x0002, 0x0002, 0x0002, 0x0003, 0x0004, 0x5ACC, 0x10C7, 0x2128, 0x39EA, 0x39CA, 0x5AED,   // 0x01D0 (464) pixels
0x0024, 0x39EB, 0x31A9, 0xFFEB, 0x2106, 0x0004, 0x2107, 0x0004, 0x0002, 0x0002, 0x0003, 0x0004, 0x0003, 0x0003, 0x0002, 0x3188,   // 0x01E0 (480) pixels
0x630C, 0x5ACB, 0x4A4A, 0x6B8E, 0x2929, 0x2988, 0x2988, 0x3189, 0x0867, 0x10A7, 0x1087, 0x18C8, 0x0846, 0x0846, 0x2128, 0x20E8,   // 0x01F0 (496) pixels
0x18C8, 0x18E9, 0x1067, 0x1067, 0x1067, 0xFFEB, 0x2968, 0x2128, 0x0046, 0x0865, 0x0002, 0x0000, 0x0001, 0x0000, 0x0000, 0x0001,   // 0x0200 (512) pixels
0x0001, 0x0001, 0x0001, 0x0002, 0x0002, 0x0002, 0x0002, 0x0003, 0x0003, 0x0004, 0x1087, 0x2128, 0x39EB, 0x4A6C, 0x73AE, 0x842F,   // 0x0210 (528) pixels
0x738E, 0xC616, 0x7BEE, 0x2127, 0x0003, 0x0002, 0x0003, 0x0003, 0x0002, 0x0003, 0x0004, 0x0004, 0x0002, 0x0002, 0xAD53, 0x422A,   // 0x0220 (544) pixels
0x0024, 0x5AEB, 0x9D13, 0x4A4B, 0x2968, 0x4A6A, 0x39E9, 0x2949, 0x31AA, 0x10A9, 0x18E9, 0x292A, 0x0886, 0x18E7, 0x2109, 0x18A8,   // 0x0230 (560) pixels
0x18C9, 0x18C9, 0x18A8, 0x2949, 0x18C8, 0x738F, 0x1908, 0x0002, 0x0003, 0x0003, 0x0001, 0x0001, 0x0001, 0x0001, 0x0001, 0x0001,   // 0x0240 (576) pixels
0x0004, 0x0002, 0x0002, 0x0002, 0x0002, 0x0002, 0x0002, 0x0002, 0x0002, 0x0003, 0x422B, 0xFFEB, 0x528C, 0x296A, 0xFFEB, 0x5ACC,   // 0x0250 (592) pixels
0x840F, 0xFFEB, 0xFFEB, 0x0004, 0x0004, 0x0003, 0x0003, 0x0004, 0x0004, 0x0004, 0x0004, 0x0003, 0x0003, 0x0004, 0x0004, 0x2947,   // 0x0260 (608) pixels
0x526C, 0x5AAC, 0x0005, 0x0004, 0x31A8, 0x0004, 0x6B6E, 0xFFEB, 0x420C, 0xFFEB, 0x39EA, 0x10A8, 0x18C8, 0x18A8, 0xFFEB, 0x18C9,   // 0x0270 (624) pixels
0x18C9, 0x18E9, 0x316A, 0x422C, 0x6B2E, 0x6B2E, 0x73AE, 0x31A8, 0x7BCF, 0x0003, 0x0003, 0x0002, 0x0003, 0x0002, 0x0004, 0x0004,   // 0x0280 (640) pixels
0x0003, 0x0004, 0x0003, 0x0003, 0x0003, 0x0003, 0x0003, 0x0003, 0x0003, 0x0003, 0x0003, 0x0867, 0x10A7, 0xFFEB, 0x738E, 0x2968,   // 0x0290 (656) pixels
0x0005, 0x4A4B, 0x0004, 0x0004, 0x0004, 0x0003, 0x0003, 0x0004, 0x0004, 0x0004, 0x0004, 0x0003, 0x0004, 0x0845, 0x1908, 0xFFEB,   // 0x02A0 (672) pixels
0x212A, 0x292A, 0x292A, 0x212A, 0x210A, 0x5ACE, 0x20E9, 0x20E9, 0x422B, 0x5ACD, 0x0867, 0x18C9, 0x5ACC, 0xFFEB, 0x1088, 0x1067,   // 0x02B0 (688) pixels
0x0026, 0x1067, 0x2949, 0x18C8, 0x52AC, 0x528B, 0x0005, 0x0004, 0x0004, 0x0002, 0x0003, 0x0003, 0x0003, 0x0003, 0x0003, 0x0004,   // 0x02C0 (704) pixels
0x0004, 0x0004, 0x0004, 0x0004, 0x0004, 0x0003, 0x0004, 0x0004, 0x0003, 0x0003, 0x0004, 0x0004, 0x0005, 0x3169, 0x0866, 0x0005,   // 0x02D0 (720) pixels
0x0005, 0x39C9, 0x0005, 0x0004, 0x0004, 0x0004, 0x0004, 0x0004, 0x0004, 0x0003, 0x0003, 0x0003, 0x0004, 0x20EA, 0x20EA, 0x210A,   // 0x02E0 (736) pixels
0x18C9, 0xFFEB, 0x296B, 0x212A, 0x20E9, 0x210A, 0x0005, 0xFFEB, 0x318B, 0x0846, 0x0005, 0x0005, 0x212A, 0x6B6D, 0x41EB, 0x31AA,   // 0x02F0 (752) pixels
0x18C7, 0x3189, 0x31A9, 0x39CB, 0x5AEC, 0xFFEB, 0x0004, 0x0004, 0x0004, 0x0003, 0x0004, 0x0004, 0x0004, 0x0004, 0x0004, 0x0004,   // 0x0300 (768) pixels
0x0004, 0x0004, 0x0004, 0x0004, 0xFFEB, 0x0004, 0x0004, 0x0003, 0x0003, 0x0004, 0x0004, 0x0004, 0x0004, 0x31C9, 0xFFEB, 0x18E7,   // 0x0310 (784) pixels
0x0005, 0x0024, 0x0005, 0x6B6E, 0x0866, 0x0004, 0x0004, 0x0004, 0x0004, 0x0004, 0x0004, 0x0004, 0x0004, 0x212A, 0x212B, 0x212B,   // 0x0320 (800) pixels
0x212A, 0x18C9, 0x212A, 0x210A, 0x210A, 0x292A, 0x10A8, 0x83EF, 0x210A, 0x212A, 0x0005, 0x0005, 0x0005, 0x39C9, 0x2949, 0x0005,   // 0x0330 (816) pixels
0x0005, 0x2969, 0x18C8, 0xFFEB, 0x0005, 0x0025, 0x0005, 0x0005, 0x0005, 0x0005, 0x0004, 0x0004, 0x0004, 0x0004, 0x0005, 0x0004,   // 0x0340 (832) pixels
0x0004, 0x0004, 0x0004, 0x0004, 0x0004, 0x0004, 0x0004, 0x0004, 0x0004, 0x0004, 0x0005, 0x0005, 0x0005, 0x0005, 0x0005, 0x0005,   // 0x0350 (848) pixels
0x31AA, 0x0005, 0x0005, 0x0866, 0x0004, 0x0005, 0x0004, 0x0004, 0x0004, 0x0004, 0x0004, 0x0004, 0x0004, 0x0867, 0x18C8, 0x18E9,   // 0x0360 (864) pixels
0x212A, 0x294A, 0x0825, 0x20E9, 0x210A, 0x2109, 0x1087, 0x18C7, 0x0005, 0x0005, 0x0004, 0x0005, 0x0005, 0x2948, 0x0005, 0x0005,   // 0x0370 (880) pixels
0x0025, 0x0046, 0x10A7, 0x0005, 0x0005, 0x0887, 0x0004, 0x0005, 0x0005, 0x0005, 0x0004, 0x0004, 0x0004, 0x0004, 0x0004, 0x0004,   // 0x0380 (896) pixels
0x0004, 0x0004, 0x0004, 0x0004, 0x0004, 0x0004, 0x0004, 0x0004, 0x0004, 0x0005, 0x0005, 0x0005, 0x0005, 0x0005, 0x0005, 0x0005,   // 0x0390 (912) pixels
0x0005, 0x31A9, 0x4A4B, 0x2969, 0x294A, 0x0005, 0x0005, 0x0004, 0x0004, 0x0004, 0x0004, 0x0004, 0x0004, 0x0025, 0x1087, 0x18E8,   // 0x03A0 (928) pixels
0x1088, 0x1087, 0x0867, 0x1067, 0x1067, 0x1067, 0x18E9, 0x18A8, 0x18C9, 0x0004, 0x0005, 0x0005, 0x0005, 0x0005, 0x2107, 0x0005,   // 0x03B0 (944) pixels
0x0005, 0x0866, 0x0005, 0x0005, 0x0005, 0x0005, 0x0866, 0x0005, 0x0005, 0x0005, 0x0005, 0x0005, 0x0004, 0x0004, 0x0004, 0x0004,   // 0x03C0 (960) pixels
0x0005, 0x0005, 0x0005, 0x0005, 0x0005, 0x0005, 0x0005, 0x0005, 0x0005, 0x0005, 0x0004, 0x0005, 0x0004, 0x0005, 0x0005, 0x0005,   // 0x03D0 (976) pixels
0x0005, 0x0004, 0x2128, 0xFFEB, 0x10C8, 0x0887, 0x18C9, 0x0005, 0x0005, 0x0005, 0x0005, 0x0005, 0x0004, 0x0004, 0x0004, 0x0005,   // 0x03E0 (992) pixels
0x0005, 0x0005, 0x0866, 0x0866, 0x1087, 0x1088, 0x1088, 0x18A8, 0x0004, 0x0004, 0x0005, 0x0005, 0x0005, 0x0005, 0x0005, 0x0005,   // 0x03F0 (1008) pixels
0x0005, 0x0867, 0x1087, 0x0026, 0x10A8, 0x0005, 0x0005, 0x0005, 0x0005, 0x0005, 0x0005, 0x0005, 0x0005, 0x0005, 0x0005, 0x0005,   // 0x0400 (1024) pixels
0x0005, 0x0004, 0x0005, 0x0005, 0x0005, 0x0004, 0x0004, 0x0004, 0x0004, 0x0004, 0x0004, 0x0004, 0x0004, 0x0004, 0x0004, 0x0004,   // 0x0410 (1040) pixels
0x0004, 0x0866, 0x0887, 0x10A7, 0x10C7, 0xFFEB, 0x10A7, 0x2148, 0x39CA, 0x0005, 0x0004, 0x0004, 0x0004, 0x0004, 0x0004, 0x0004,   // 0x0420 (1056) pixels
0x0004, 0x0004, 0x0846, 0x1087, 0x1087, 0x1087, 0x18E8, 0x0005, 0x0004, 0x0004, 0x0005, 0x0005, 0x0005, 0x0005, 0x0004, 0x0005,   // 0x0430 (1072) pixels
0x0005, 0x0005, 0x8410, 0x0005, 0x2108, 0x0026, 0x0846, 0x0005, 0x10A8, 0x18C8, 0x0005, 0x0005, 0x0005, 0x0005, 0x0005, 0x0004,   // 0x0440 (1088) pixels
0x0005, 0x0005, 0x0005, 0x0005, 0x0004, 0x0005, 0x0005, 0x0004, 0x0005, 0x0005, 0x0004, 0x0004, 0x0005, 0x0004, 0x0004, 0x0004,   // 0x0450 (1104) pixels
0x0004, 0x0003, 0x1087, 0x0886, 0x0886, 0x08A7, 0x0887, 0x0887, 0x2129, 0x8C50, 0x0004, 0x0004, 0x0004, 0x0005, 0x0004, 0x0004,   // 0x0460 (1120) pixels
0x0004, 0x0004, 0x1087, 0x1087, 0x0867, 0x1087, 0x0866, 0x0005, 0x0004, 0x0004, 0x0005, 0x0004, 0x0005, 0x0004, 0x0004, 0x0004,   // 0x0470 (1136) pixels
0x0005, 0x0005, 0x0004, 0x0005, 0x0004, 0x0005, 0x0005, 0x0005, 0x0005, 0x0025, 0x1087, 0x0005, 0x1908, 0x0005, 0x0005, 0x0005,   // 0x0480 (1152) pixels
0x0005, 0x18C6, 0x0004, 0x0005, 0x0004, 0x0005, 0x0005, 0x0005, 0x0005, 0x0005, 0x0005, 0x0005, 0x0004, 0x0004, 0x0004, 0x0004,   // 0x0490 (1168) pixels
0x0003, 0x0003, 0x2929, 0x2949, 0x0887, 0x10A7, 0x10C7, 0x0887, 0x2929, 0x0004, 0x0004, 0x0004, 0x0004, 0x0004, 0x0004, 0x0003,   // 0x04A0 (1184) pixels
0x0003, 0x0004, 0x0867, 0x0887, 0x0867, 0x1087, 0x1087, 0x0004, 0x1087, 0x0004, 0x0004, 0x0005, 0x0004, 0x0004, 0x0004, 0x0005,   // 0x04B0 (1200) pixels
0x0004, 0x0004, 0x0004, 0x0004, 0x0004, 0x0005, 0x18C8, 0x2949, 0x0005, 0x18C8, 0x0005, 0x0004, 0x0004, 0x0004, 0x0005, 0x0005,   // 0x04C0 (1216) pixels
0x0005, 0x0004, 0x0004, 0x0004, 0x0004, 0x0004, 0x0004, 0x0004, 0x0004, 0x0004, 0x0004, 0x0004, 0x0004, 0x0004, 0x0004, 0x0004,   // 0x04D0 (1232) pixels
0x0003, 0x0004, 0x0002, 0x39CA, 0x1087, 0x10A7, 0x10A7, 0x630C, 0x39E9, 0x0005, 0x0004, 0x0004, 0x0004, 0x0004, 0x0004, 0x0003,   // 0x04E0 (1248) pixels
0x0003, 0x0004, 0x1088, 0x18C9, 0x18E8, 0x18A8, 0x0005, 0x0005, 0x0867, 0x0004, 0x0004, 0x0004, 0x0004, 0x0004, 0x0004, 0x0004,   // 0x04F0 (1264) pixels
0x0003, 0x0003, 0x0004, 0x0004, 0x0005, 0x18E9, 0x2109, 0x210A, 0x18C8, 0xFFEB, 0x1086, 0x0005, 0x0005, 0x0005, 0x0005, 0x0004,   // 0x0500 (1280) pixels
0x0004, 0x0003, 0x0004, 0x0004, 0x0004, 0x0004, 0x0004, 0x0004, 0x0004, 0x0004, 0x0004, 0x0004, 0x0004, 0x0004, 0x0004, 0x0003,   // 0x0510 (1296) pixels
0x0004, 0x0003, 0x0003, 0x2109, 0x0866, 0x2949, 0x4A6A, 0x0004, 0x0004, 0x0004, 0x0004, 0x0004, 0x0004, 0x0004, 0x0004, 0x0003,   // 0x0520 (1312) pixels
0x0004, 0x0003, 0x0004, 0x18C9, 0xFFEB, 0x4A6B, 0x0004, 0x0004, 0x0004, 0x0003, 0x0003, 0x0004, 0x0004, 0x0004, 0x0004, 0x0004,   // 0x0530 (1328) pixels
0x0003, 0x0003, 0x0003, 0x0003, 0x18C8, 0x18A8, 0x1087, 0x1087, 0x2109, 0x10A8, 0x10C7, 0x0004, 0x0004, 0x0004, 0x0004, 0x0004,   // 0x0540 (1344) pixels
0x0002, 0x0002, 0x0002, 0x0003, 0x0003, 0x0003, 0x0003, 0x0003, 0x0004, 0x0004, 0x0004, 0x0004, 0x0004, 0x0004, 0x0004, 0x0004,   // 0x0550 (1360) pixels
0x0003, 0x0003, 0x0003, 0x210A, 0xFFEB, 0x2969, 0x18C8, 0x0004, 0x0004, 0x0004, 0x0003, 0x0004, 0x0004, 0x0004, 0x0003, 0x0003,   // 0x0560 (1376) pixels
0x0003, 0x0003, 0x0003, 0x1087, 0x10A7, 0x0004, 0x0004, 0x0004, 0x0003, 0x0003, 0x0003, 0x0002, 0x0003, 0x0004, 0x0003, 0x0004,   // 0x0570 (1392) pixels
0x0003, 0x0004, 0x0002, 0x0002, 0xFFEB, 0x10A7, 0x18C8, 0x10A8, 0x18A8, 0x18A8, 0xFFEB, 0x0003, 0x0004, 0x0004, 0x0004, 0x0004,   // 0x0580 (1408) pixels
0x0002, 0x0002, 0x0002, 0x0002, 0x0002, 0x0002, 0x0002, 0x0002, 0x0002, 0x0002, 0x0003, 0x0003, 0x0003, 0x0002, 0x0003, 0x0003,   // 0x0590 (1424) pixels
0x0003, 0x0003, 0x0003, 0x18C8, 0x2948, 0x2949, 0x0003, 0x0002, 0x0002, 0x0002, 0x0002, 0x0003, 0x0003, 0x0003, 0x0003, 0x0002,   // 0x05A0 (1440) pixels
0x0002, 0x0002, 0x0002, 0x0003, 0x0004, 0x0003, 0x0002, 0x0003, 0x0004, 0x0003, 0x0002, 0x0002, 0x0003, 0x0003, 0x0003, 0x0003,   // 0x05B0 (1456) pixels
0x0002, 0x0002, 0x0002, 0x0002, 0x0002, 0x0002, 0x0002, 0x0001, 0x0003, 0x20E8, 0x10C7, 0x0003, 0x0002, 0x0004, 0xFFEB, 0x0004,   // 0x05C0 (1472) pixels
0x0004, 0x0004, 0x0002, 0x0002, 0x0002, 0x0002, 0x0001, 0x0001, 0x0002, 0x0002, 0x0002, 0x0003, 0x0003, 0x0002, 0x0002, 0x0002,   // 0x05D0 (1488) pixels
0x0002, 0x0002, 0x0004, 0x0867, 0x0866, 0x0004, 0x0002, 0x0002, 0x0002, 0x0002, 0x0002, 0x0002, 0x0002, 0x0003, 0x0002, 0x0002,   // 0x05E0 (1504) pixels
0x0002, 0x0002, 0x0001, 0x0002, 0x0002, 0x0001, 0x0003, 0x0003, 0x0003, 0x0002, 0x0002, 0x0002, 0x0002, 0x0003, 0x0003, 0x0003,   // 0x05F0 (1520) pixels
0x0003, 0x0003, 0x0002, 0x0002, 0x0002, 0x0002, 0x0002, 0x0002, 0x0002, 0x0002, 0x0003, 0x0002, 0x0002, 0x0003, 0x10C7, 0x0004,   // 0x0600 (1536) pixels
0x0002, 0x0002, 0x0002, 0x0002, 0x0002, 0x0002, 0x0002, 0x0002, 0x0002, 0x0002, 0x0002, 0x0003, 0x0002, 0x0002, 0x0002, 0x0002,   // 0x0610 (1552) pixels
0x0002, 0x0002, 0x0004, 0x0866, 0x0004, 0x0004, 0x0001, 0x0001, 0x0001, 0x0001, 0x0002, 0x0002, 0x0002, 0x0002, 0x0002, 0x0002,   // 0x0620 (1568) pixels
0x0002, 0x0002, 0x0001, 0x0001, 0x0001, 0x0002, 0x0002, 0x0002, 0x0002, 0x0002, 0x0002, 0x0003, 0x0004, 0x0002, 0x0002, 0x0002,   // 0x0630 (1584) pixels
0x0002, 0x0002, 0x0002, 0x0002, 0x0002, 0x0002, 0x0002, 0x0002, 0x0003, 0x0002, 0x0003, 0x0002, 0x0002, 0x0003, 0x0004, 0x0004,   // 0x0640 (1600) pixels
0x0001, 0x0001, 0x0002, 0x0002, 0x0002, 0x0002, 0x0002, 0x0002, 0x0002, 0x0002, 0x0003, 0x0002, 0x0002, 0x0002, 0x0001, 0x0001,   // 0x0650 (1616) pixels
0x0001, 0x0002, 0x0003, 0x1087, 0x0004, 0x0003, 0x0004, 0x0002, 0x0004, 0x0003, 0x0002, 0x0001, 0x0001, 0x0002, 0x0002, 0x0003,   // 0x0660 (1632) pixels
0x0002, 0x0002, 0x0002, 0x0002, 0x0002, 0x0001, 0x0002, 0x0002, 0x0002, 0x0001, 0x0002, 0x0001, 0x0002, 0x0003, 0x0003, 0x0002,   // 0x0670 (1648) pixels
0x0002, 0x0002, 0x0002, 0x0002, 0x0002, 0x0002, 0x0001, 0x0002, 0x0002, 0x0003, 0x0002, 0x0002, 0x0001, 0x0004, 0x0004, 0x0001,   // 0x0680 (1664) pixels
0x0002, 0x0002, 0x0002, 0x0002, 0x0002, 0x0003, 0x0002, 0x0002, 0x0001, 0x0002, 0x0001, 0x0001, 0x0001, 0x0001, 0x0001, 0x0001,   // 0x0690 (1680) pixels
0x0001, 0x0001, 0x0001, 0x0002, 0x0002, 0x0001, 0x0002, 0x0001, 0x0001, 0x0002, 0x0002, 0x0001, 0x0002, 0x0001, 0x0001, 0x0001,   // 0x06A0 (1696) pixels
0x0001, 0x0001, 0x0000, 0x0001, 0x0001, 0x0001, 0x0001, 0x0001, 0x0001, 0x0001, 0x0001, 0x0001, 0x0001, 0x0003, 0x0003, 0x0001,   // 0x06B0 (1712) pixels
0x0001, 0x0002, 0x0001, 0x0002, 0x0001, 0x0002, 0x0001, 0x0001, 0x0001, 0x0001, 0x0002, 0x0002, 0x0002, 0x0001, 0x0001, 0x0001,   // 0x06C0 (1728) pixels
0x0002, 0x0002, 0x0002, 0x0001, 0x0001, 0x0001, 0x0001, 0x0001, 0x0001, 0x0001, 0x0001, 0x0001, 0x0001, 0x0001, 0x0001, 0x0002,   // 0x06D0 (1744) pixels
0x0001, 0x0002, 0x0001, 0x0002, 0x0025, 0x0004, 0x0002, 0x0001, 0x0001, 0x0001, 0x0001, 0x0001, 0x0001, 0x0001, 0x0001, 0x0001,   // 0x06E0 (1760) pixels
0x0003, 0x0001, 0x0002, 0x0001, 0x0001, 0x0001, 0x0001, 0x0001, 0x0003, 0x0003, 0x0002, 0x0002, 0x0002, 0x0002, 0x0002, 0x0003,   // 0x06F0 (1776) pixels
0x0004, 0x10CA, 0x0888, 0x0003, 0x0004, 0x0003, 0x0024, 0x0004, 0x0003, 0x0003, 0x0002, 0x0002, 0x0002, 0x0002, 0x0002, 0x0002,   // 0x0700 (1792) pixels
0x0002, 0x0002, 0x0002, 0x0001, 0x0002, 0x0001, 0x0002, 0x0001, 0x0001, 0x0002, 0x0002, 0x0002, 0x0002, 0x0002, 0x0002, 0x0003,   // 0x0710 (1808) pixels
0x0004, 0x0004, 0x10C9, 0x212B, 0x214B, 0x0004, 0x0003, 0x0002, 0x0002, 0x0002, 0x0001, 0x0001, 0x0001, 0x0002, 0x0004, 0x0846,   // 0x0720 (1824) pixels
0x0887, 0x10C9, 0x18EA, 0x10C9, 0x1087, 0x190A, 0x212B, 0x212B, 0x212B, 0x212B, 0x212B, 0x212B, 0x18CA, 0x190A, 0x212B, 0x212B,   // 0x0730 (1840) pixels
0x212B, 0x212B, 0x212B, 0x210B, 0x212B, 0x212B, 0x212B, 0x212B, 0x212B, 0x214B, 0x212B, 0x212B, 0x210B, 0x0847, 0x0003, 0x0002,   // 0x0740 (1856) pixels
0x0004, 0x0004, 0x0004, 0x0002, 0x0002, 0x18C9, 0x212B, 0x212B, 0x212B, 0x212B, 0x210B, 0x212B, 0x212B, 0x212B, 0x210B, 0x212B,   // 0x0750 (1872) pixels
0x212B, 0x212B, 0x18EA, 0x212B, 0x210B, 0x18EA, 0x0004, 0x0004, 0x0004, 0x0004, 0x0004, 0x10C9, 0x212B, 0x212B, 0x212B, 0x212B,   // 0x0760 (1888) pixels
0x212B, 0x212B, 0x212B, 0x212B, 0x212B, 0x212B, 0x212B, 0x212B, 0x212B, 0x210B, 0x190A, 0x210B, 0x210B, 0x212B, 0x212B, 0x212B,   // 0x0770 (1904) pixels
0x212B, 0x210B, 0x210B, 0x212B, 0x212B, 0x212B, 0x212B, 0x212B, 0x212B, 0x212B, 0x212B, 0x210B, 0x190A, 0x18EA, 0x0004, 0x0004,   // 0x0780 (1920) pixels
0x18CA, 0x18CA, 0x18EA, 0x18CA, 0x18EA, 0x210B, 0x18EA, 0x210B, 0x212B, 0x210B, 0x210B, 0x212B, 0x210B, 0x210B, 0x210B, 0x212B,   // 0x0790 (1936) pixels
0x212B, 0x190B, 0x190B, 0x18EB, 0x18EB, 0x190B, 0x190B, 0x190B, 0x18EA, 0x18EB, 0x190B, 0x190B, 0x190B, 0x212B, 0x212B, 0x212B,   // 0x07A0 (1952) pixels
0x210B, 0x210B, 0x210B, 0x190B, 0x210B, 0x210B, 0x190A, 0x210B, 0x190B, 0x190A, 0x190B, 0x18EB, 0x18EA, 0x18EB, 0x210B, 0x212B,   // 0x07B0 (1968) pixels
0x212B, 0x212B, 0x212B, 0x212B, 0x210B, 0x210B, 0x210B, 0x212B, 0x212B, 0x212B, 0x210B, 0x190A, 0x18EA, 0x18CA, 0x18CA, 0x18CA,   // 0x07C0 (1984) pixels
0x212B, 0x212B, 0x212B, 0x212B, 0x210B, 0x212B, 0x212B, 0x212B, 0x212B, 0x212B, 0x212B, 0x212B, 0x212B, 0x212B, 0x212B, 0x212B,   // 0x07D0 (2000) pixels
0x212B, 0x212B, 0x212B, 0x212B, 0x212B, 0x210B, 0x212B, 0x212B, 0x212B, 0x212B, 0x212B, 0x212B, 0x212B, 0x212B, 0x212B, 0x212B,   // 0x07E0 (2016) pixels
0x212B, 0x212B, 0x212B, 0x212B, 0x212B, 0x212B, 0x212B, 0x212B, 0x212B, 0x212B, 0x212B, 0x212B, 0x212B, 0x212B, 0x212B, 0x212B,   // 0x07F0 (2032) pixels
0x212B, 0x212B, 0x212B, 0x212B, 0x212B, 0x212B, 0x212B, 0x210B, 0x212B, 0x212B, 0x212B, 0x212B, 0x212B, 0x212B, 0x212B, 0x212B,   // 0x0800 (2048) pixels
};

const unsigned short Night_Lights[2048] PROGMEM={
0x0000, 0x0000, 0x0000, 0x0000, 0x0000, 0x0000, 0x0000, 0x0000, 0x0000, 0x0000, 0x0000, 0x0000, 0x0000, 0x0000, 0x0000, 0x0000,   // 0x0010 (16) pixels
0x0000, 0x0000, 0x0000, 0x0000, 0x0000, 0x0000, 0x0000, 0x0000, 0x0000, 0x0000, 0x0000, 0x0000, 0x0000, 0x0000, 0x0000, 0x0000,   // 0x0020 (32) pixels
0x0000, 0x0000, 0x0000, 0x0000, 0x0000, 0x0000, 0x0000, 0x0000, 0x0000, 0x0000, 0x0000, 0x0000, 0x0000, 0x0000, 0x0000, 0x0000,   // 0x0030 (48) pixels
0x0000, 0x0000, 0x0000, 0x0000, 0x0000, 0x0000, 0x0000, 0x0000, 0x0000, 0x0000, 0x0000, 0x0000, 0x0000, 0x0000, 0x0000, 0x0000,   // 0x0040 (64) pixels
0x0000, 0x0000, 0x0000, 0x0000, 0x0000, 0x0000, 0x0000, 0x0000, 0x0000, 0x0000, 0x0000, 0x0000, 0x0000, 0x0000, 0x0000, 0x0000,   // 0x0050 (80) pixels
0x0000, 0x0000, 0x0000, 0x0000, 0x0000, 0x0000, 0x0000, 0x0000, 0x0000, 0x0000, 0x0000, 0x0000, 0x0000, 0x0000, 0x0000, 0x0000,   // 0x0060 (96) pixels
0x0000, 0x0000, 0x0000, 0x0000, 0x0000, 0x0000, 0x0000, 0x0000, 0x0000, 0x0000, 0x0000, 0x0000, 0x0000, 0x0000, 0x0000, 0x0000,   // 0x0070 (112) pixels
0x0000, 0x0000, 0x0000, 0x0000, 0x0000, 0x0000, 0x0000, 0x0000, 0x0000, 0x0000, 0x0000, 0x0000, 0x0000, 0x0000, 0x0000, 0x0000,   // 0x0080 (128) pixels
0x0000, 0x0000, 0x0000, 0x0000, 0x0000, 0x0000, 0x0000, 0x0000, 0x0000, 0x0000, 0x0000, 0x0000, 0x0000, 0x0000, 0x0000, 0x0000,   // 0x0090 (144) pixels
0x0000, 0x0000, 0x0000, 0x0000, 0x0000, 0x0000, 0x0000, 0x0000, 0x0000, 0x0000, 0x0000, 0x0000, 0x0000, 0x0000, 0x0000, 0x0000,   // 0x00A0 (160) pixels
0x0000, 0x0000, 0x0000, 0x0000, 0x0000, 0x0000, 0x0000, 0x0000, 0x0000, 0x0000, 0x0000, 0x0000, 0x0000, 0x0000, 0x0000, 0x0000,   // 0x00B0 (176) pixels
0x0000, 0x0000, 0x0000, 0x0000, 0x0000, 0x0000, 0x0000, 0x0000, 0x0000, 0x0000, 0x0000, 0x0000, 0x0000, 0x0000, 0x0000, 0x0000,   // 0x00C0 (192) pixels
0x0000, 0x0000, 0x0000, 0x0000, 0x0000, 0x0000, 0x0000, 0x0000, 0x0000, 0x0000, 0x0000, 0x0000, 0x0000, 0x0000, 0x0000, 0x0000,   // 0x00D0 (208) pixels
0x0000, 0x0000, 0x0000, 0x0000, 0x0000, 0x0000, 0x0000, 0x0000, 0x0000, 0x0000, 0x0000, 0x0000, 0x0000, 0x0000, 0x0000, 0x0000,   // 0x00E0 (224) pixels
0x0000, 0x0000, 0x0000, 0x0000, 0x0000, 0x0000, 0x0000, 0x0000, 0x0000, 0x0000, 0x0000, 0x0000, 0x0000, 0x0000, 0x0000, 0x0000,   // 0x00F0 (240) pixels
0x0000, 0x0000, 0x0000, 0x0000, 0x0000, 0x0000, 0x0000, 0x0000, 0x0000, 0x0000, 0x0000, 0x0000, 0x0000, 0x0000, 0x0000, 0x0000,   // 0x0100 (256) pixels
0x0000, 0x0000, 0x0000, 0x0000, 0x0000, 0x0000, 0x0000, 0x0000, 0x0000, 0x0000, 0x0000, 0x0000, 0x0000, 0x0000, 0x0000, 0x0000,   // 0x0110 (272) pixels
0x0000, 0x0000, 0x0000, 0x0000, 0x0000, 0x0000, 0x0000, 0x0000, 0x0000, 0x0000, 0x0000, 0x0000, 0x0000, 0x0000, 0x0000, 0x0000,   // 0x0120 (288) pixels
0x0000, 0x0000, 0x0000, 0x0000, 0x0000, 0x0000, 0x0000, 0x0000, 0x0000, 0x0000, 0x0000, 0x0000, 0x0000, 0x0000, 0x0000, 0x0000,   // 0x0130 (304) pixels
0x0000, 0x0000, 0x0000, 0x0000, 0x0000, 0x0000, 0x0000, 0x0000, 0x0000, 0x0000, 0x0000, 0x0000, 0x0000, 0x0000, 0x0000, 0x0000,   // 0x0140 (320) pixels
0x0000, 0x0000, 0x0000, 0x0000, 0x0000, 0x0000, 0x0000, 0x0000, 0x0000, 0x0000, 0x0000, 0x0000, 0x0000, 0x0000, 0x0000, 0x0000,   // 0x0150 (336) pixels
0x0000, 0x0000, 0x0000, 0x0000, 0x0000, 0x0000, 0x0000, 0x0000, 0x0000, 0x0000, 0x0000, 0x0000, 0x0000, 0x0000, 0x0000, 0x0000,   // 0x0160 (352) pixels
0x0000, 0x0000, 0x0000, 0x0000, 0x0000, 0x0000, 0x0000, 0x0000, 0x0000, 0x0000, 0x0000, 0x0000, 0x0000, 0x0000, 0x0000, 0x0000,   // 0x0170 (368) pixels
0x0000, 0x0000, 0x0000, 0x0000, 0x0000, 0x0000, 0xFFEB, 0x0000, 0x0000, 0x0000, 0x0000, 0x0000, 0x0000, 0x0000, 0x0000, 0x0000,   // 0x0180 (384) pixels
0x0000, 0x0000, 0x0000, 0x0000, 0x0000, 0x0000, 0x0000, 0x0000, 0xFFEB, 0x0000, 0x0000, 0xFFEB, 0x0000, 0x0000, 0x0000, 0x0000,   // 0x0190 (400) pixels
0x0000, 0x0000, 0xFFEB, 0x0000, 0x0000, 0x0000, 0x0000, 0x0000, 0x0000, 0x0000, 0x0000, 0x0000, 0x0000, 0x0000, 0x0000, 0x0000,   // 0x01A0 (416) pixels
0x0000, 0x0000, 0x0000, 0x0000, 0x0000, 0x0000, 0x0000, 0x0000, 0x0000, 0x0000, 0x0000, 0x0000, 0x0000, 0x0000, 0x0000, 0x0000,   // 0x01B0 (432) pixels
0x0000, 0x0000, 0x0000, 0x0000, 0x0000, 0x0000, 0x0000, 0x0000, 0x0000, 0x0000, 0x0000, 0x0000, 0x0000, 0x0000, 0x0000, 0x0000,   // 0x01C0 (448) pixels
0x0000, 0x0000, 0x0000, 0x0000, 0x0000, 0x0000, 0x0000, 0x0000, 0x0000, 0x0000, 0x0000, 0x0000, 0x0000, 0x0000, 0x0000, 0x0000,   // 0x01D0 (464) pixels
0x0000, 0x0000, 0x0000, 0xFFEB, 0x0000, 0x0000, 0x0000, 0x0000, 0x0000, 0x0000, 0x0000, 0x0000, 0x0000, 0x0000, 0x0000, 0x0000,   // 0x01E0 (480) pixels
0x0000, 0x0000, 0x0000, 0x0000, 0x0000, 0x0000, 0x0000, 0x0000, 0x0000, 0x0000, 0x0000, 0x0000, 0x0000, 0x0000, 0x0000, 0x0000,   // 0x01F0 (496) pixels
0x0000, 0x0000, 0x0000, 0x0000, 0x0000, 0xFFEB, 0x0000, 0x0000, 0x0000, 0x0000, 0x0000, 0x0000, 0x0000, 0x0000, 0x0000, 0x0000,   // 0x0200 (512) pixels
0x0000, 0x0000, 0x0000, 0x0000, 0x0000, 0x0000, 0x0000, 0x0000, 0x0000, 0x0000, 0x0000, 0x0000, 0x0000, 0x0000, 0x0000, 0x0000,   // 0x0210 (528) pixels
0x0000, 0x0000, 0x0000, 0x0000, 0x0000, 0x0000, 0x0000, 0x0000, 0x0000, 0x0000, 0x0000, 0x0000, 0x0000, 0x0000, 0x0000, 0x0000,   // 0x0220 (544) pixels
0x0000, 0x0000, 0x0000, 0x0000, 0x0000, 0x0000, 0x0000, 0x0000, 0x0000, 0x0000, 0x0000, 0x0000, 0x0000, 0x0000, 0x0000, 0x0000,   // 0x0230 (560) pixels
0x0000, 0x0000, 0x0000, 0x0000, 0x0000, 0x0000, 0x0000, 0x0000, 0x0000, 0x0000, 0x0000, 0x0000, 0x0000, 0x0000, 0x0000, 0x0000,   // 0x0240 (576) pixels
0x0000, 0x0000, 0x0000, 0x0000, 0x0000, 0x0000, 0x0000, 0x0000, 0x0000, 0x0000, 0x0000, 0xFFEB, 0x0000, 0x0000, 0xFFEB, 0x0000,   // 0x0250 (592) pixels
0x0000, 0xFFEB, 0xFFEB, 0x0000, 0x0000, 0x0000, 0x0000, 0x0000, 0x0000, 0x0000, 0x0000, 0x0000, 0x0000, 0x0000, 0x0000, 0x0000,   // 0x0260 (608) pixels
0x0000, 0x0000, 0x0000, 0x0000, 0x0000, 0x0000, 0x0000, 0xFFEB, 0x0000, 0xFFEB, 0x0000, 0x0000, 0x0000, 0x0000, 0xFFEB, 0x0000,   // 0x0270 (624) pixels
0x0000, 0x0000, 0x0000, 0x0000, 0x0000, 0x0000, 0x0000, 0x0000, 0x0000, 0x0000, 0x0000, 0x0000, 0x0000, 0x0000, 0x0000, 0x0000,   // 0x0280 (640) pixels
0x0000, 0x0000, 0x0000, 0x0000, 0x0000, 0x0000, 0x0000, 0x0000, 0x0000, 0x0000, 0x0000, 0x0000, 0x0000, 0xFFEB, 0x0000, 0x0000,   // 0x0290 (656) pixels
0x0000, 0x0000, 0x0000, 0x0000, 0x0000, 0x0000, 0x0000, 0x0000, 0x0000, 0x0000, 0x0000, 0x0000, 0x0000, 0x0000, 0x0000, 0xFFEB,   // 0x02A0 (672) pixels
0x0000, 0x0000, 0x0000, 0x0000, 0x0000, 0x0000, 0x0000, 0x0000, 0x0000, 0x0000, 0x0000, 0x0000, 0x0000, 0xFFEB, 0x0000, 0x0000,   // 0x02B0 (688) pixels
0x0000, 0x0000, 0x0000, 0x0000, 0x0000, 0x0000, 0x0000, 0x0000, 0x0000, 0x0000, 0x0000, 0x0000, 0x0000, 0x0000, 0x0000, 0x0000,   // 0x02C0 (704) pixels
0x0000, 0x0000, 0x0000, 0x0000, 0x0000, 0x0000, 0x0000, 0x0000, 0x0000, 0x0000, 0x0000, 0x0000, 0x0000, 0x0000, 0x0000, 0x0000,   // 0x02D0 (720) pixels
0x0000, 0x0000, 0x0000, 0x0000, 0x0000, 0x0000, 0x0000, 0x0000, 0x0000, 0x0000, 0x0000, 0x0000, 0x0000, 0x0000, 0x0000, 0x0000,   // 0x02E0 (736) pixels
0x0000, 0xFFEB, 0x0000, 0x0000, 0x0000, 0x0000, 0x0000, 0xFFEB, 0x0000, 0x0000, 0x0000, 0x0000, 0x0000, 0x0000, 0x0000, 0x0000,   // 0x02F0 (752) pixels
0x0000, 0x0000, 0x0000, 0x0000, 0x0000, 0xFFEB, 0x0000, 0x0000, 0x0000, 0x0000, 0x0000, 0x0000, 0x0000, 0x0000, 0x0000, 0x0000,   // 0x0300 (768) pixels
0x0000, 0x0000, 0x0000, 0x0000, 0xFFEB, 0x0000, 0x0000, 0x0000, 0x0000, 0x0000, 0x0000, 0x0000, 0x0000, 0x0000, 0xFFEB, 0x0000,   // 0x0310 (784) pixels
0x0000, 0x0000, 0x0000, 0x0000, 0x0000, 0x0000, 0x0000, 0x0000, 0x0000, 0x0000, 0x0000, 0x0000, 0x0000, 0x0000, 0x0000, 0x0000,   // 0x0320 (800) pixels
0x0000, 0x0000, 0x0000, 0x0000, 0x0000, 0x0000, 0x0000, 0x0000, 0x0000, 0x0000, 0x0000, 0x0000, 0x0000, 0x0000, 0x0000, 0x0000,   // 0x0330 (816) pixels
0x0000, 0x0000, 0x0000, 0xFFEB, 0x0000, 0x0000, 0x0000, 0x0000, 0x0000, 0x0000, 0x0000, 0x0000, 0x0000, 0x0000, 0x0000, 0x0000,   // 0x0340 (832) pixels
0x0000, 0x0000, 0x0000, 0x0000, 0x0000, 0x0000, 0x0000, 0x0000, 0x0000, 0x0000, 0x0000, 0x0000, 0x0000, 0x0000, 0x0000, 0x0000,   // 0x0350 (848) pixels
0x0000, 0x0000, 0x0000, 0x0000, 0x0000, 0x0000, 0x0000, 0x0000, 0x0000, 0x0000, 0x0000, 0x0000, 0x0000, 0x0000, 0x0000, 0x0000,   // 0x0360 (864) pixels
0x0000, 0x0000, 0x0000, 0x0000, 0x0000, 0x0000, 0x0000, 0x0000, 0x0000, 0x0000, 0x0000, 0x0000, 0x0000, 0x0000, 0x0000, 0x0000,   // 0x0370 (880) pixels
0x0000, 0x0000, 0x0000, 0x0000, 0x0000, 0x0000, 0x0000, 0x0000, 0x0000, 0x0000, 0x0000, 0x0000, 0x0000, 0x0000, 0x0000, 0x0000,   // 0x0380 (896) pixels
0x0000, 0x0000, 0x0000, 0x0000, 0x0000, 0x0000, 0x0000, 0x0000, 0x0000, 0x0000, 0x0000, 0x0000, 0x0000, 0x0000, 0x0000, 0x0000,   // 0x0390 (912) pixels
0x0000, 0x0000, 0x0000, 0x0000, 0x0000, 0x0000, 0x0000, 0x0000, 0x0000, 0x0000, 0x0000, 0x0000, 0x0000, 0x0000, 0x0000, 0x0000,   // 0x03A0 (928) pixels
0x0000, 0x0000, 0x0000, 0x0000, 0x0000, 0x0000, 0x0000, 0x0000, 0x0000, 0x0000, 0x0000, 0x0000, 0x0000, 0x0000, 0x0000, 0x0000,   // 0x03B0 (944) pixels
0x0000, 0x0000, 0x0000, 0x0000, 0x0000, 0x0000, 0x0000, 0x0000, 0x0000, 0x0000, 0x0000, 0x0000, 0x0000, 0x0000, 0x0000, 0x0000,   // 0x03C0 (960) pixels
0x0000, 0x0000, 0x0000, 0x0000, 0x0000, 0x0000, 0x0000, 0x0000, 0x0000, 0x0000, 0x0000, 0x0000, 0x0000, 0x0000, 0x0000, 0x0000,   // 0x03D0 (976) pixels
0x0000, 0x0000, 0x0000, 0xFFEB, 0x0000, 0x0000, 0x0000, 0x0000, 0x0000, 0x0000, 0x0000, 0x0000, 0x0000, 0x0000, 0x0000, 0x0000,   // 0x03E0 (992) pixels
0x0000, 0x0000, 0x0000, 0x0000, 0x0000, 0x0000, 0x0000, 0x0000, 0x0000, 0x0000, 0x0000, 0x0000, 0x0000, 0x0000, 0x0000, 0x0000,   // 0x03F0 (1008) pixels
0x0000, 0x0000, 0x0000, 0x0000, 0x0000, 0x0000, 0x0000, 0x0000, 0x0000, 0x0000, 0x0000, 0x0000, 0x0000, 0x0000, 0x0000, 0x0000,   // 0x0400 (1024) pixels
0x0000, 0x0000, 0x0000, 0x0000, 0x0000, 0x0000, 0x0000, 0x0000, 0x0000, 0x0000, 0x0000, 0x0000, 0x0000, 0x0000, 0x0000, 0x0000,   // 0x0410 (1040) pixels
0x0000, 0x0000, 0x0000, 0x0000, 0x0000, 0xFFEB, 0x0000, 0x0000, 0x0000, 0x0000, 0x0000, 0x0000, 0x0000, 0x0000, 0x0000, 0x0000,   // 0x0420 (1056) pixels
0x0000, 0x0000, 0x0000, 0x0000, 0x0000, 0x0000, 0x0000, 0x0000, 0x0000, 0x0000, 0x0000, 0x0000, 0x0000, 0x0000, 0x0000, 0x0000,   // 0x0430 (1072) pixels
0x0000, 0x0000, 0xFFEB, 0x0000, 0x0000, 0x0000, 0x0000, 0x0000, 0xFFEB, 0x0000, 0x0000, 0x0000, 0x0000, 0x0000, 0x0000, 0x0000,   // 0x0440 (1088) pixels
0x0000, 0x0000, 0x0000, 0x0000, 0x0000, 0x0000, 0x0000, 0x0000, 0x0000, 0x0000, 0x0000, 0x0000, 0x0000, 0x0000, 0x0000, 0x0000,   // 0x0450 (1104) pixels
0x0000, 0x0000, 0x0000, 0x0000, 0x0000, 0x0000, 0x0000, 0x0000, 0x0000, 0xFFEB, 0x0000, 0x0000, 0x0000, 0x0000, 0x0000, 0x0000,   // 0x0460 (1120) pixels
0x0000, 0x0000, 0x0000, 0x0000, 0x0000, 0x0000, 0x0000, 0x0000, 0x0000, 0x0000, 0x0000, 0x0000, 0x0000, 0x0000, 0x0000, 0x0000,   // 0x0470 (1136) pixels
0x0000, 0x0000, 0x0000, 0x0000, 0x0000, 0x0000, 0x0000, 0x0000, 0x0000, 0x0000, 0x0000, 0x0000, 0x0000, 0x0000, 0x0000, 0x0000,   // 0x0480 (1152) pixels
0x0000, 0x0000, 0x0000, 0x0000, 0x0000, 0x0000, 0x0000, 0x0000, 0x0000, 0x0000, 0x0000, 0x0000, 0x0000, 0x0000, 0x0000, 0x0000,   // 0x0490 (1168) pixels
0x0000, 0x0000, 0x0000, 0x0000, 0x0000, 0x0000, 0x0000, 0x0000, 0x0000, 0x0000, 0x0000, 0x0000, 0x0000, 0x0000, 0x0000, 0x0000,   // 0x04A0 (1184) pixels
0x0000, 0x0000, 0x0000, 0x0000, 0x0000, 0x0000, 0x0000, 0x0000, 0x0000, 0x0000, 0x0000, 0x0000, 0x0000, 0x0000, 0x0000, 0x0000,   // 0x04B0 (1200) pixels
0x0000, 0x0000, 0x0000, 0x0000, 0x0000, 0x0000, 0x0000, 0x0000, 0x0000, 0x0000, 0x0000, 0x0000, 0x0000, 0x0000, 0x0000, 0x0000,   // 0x04C0 (1216) pixels
0x0000, 0x0000, 0x0000, 0x0000, 0x0000, 0x0000, 0x0000, 0x0000, 0x0000, 0x0000, 0x0000, 0x0000, 0x0000, 0x0000, 0x0000, 0x0000,   // 0x04D0 (1232) pixels
0x0000, 0x0000, 0x0000, 0x0000, 0x0000, 0x0000, 0x0000, 0x0000, 0x0000, 0x0000, 0x0000, 0x0000, 0x0000, 0x0000, 0x0000, 0x0000,   // 0x04E0 (1248) pixels
0x0000, 0x0000, 0x0000, 0x0000, 0x0000, 0x0000, 0x0000, 0x0000, 0x0000, 0x0000, 0x0000, 0x0000, 0x0000, 0x0000, 0x0000, 0x0000,   // 0x04F0 (1264) pixels
0x0000, 0x0000, 0x0000, 0x0000, 0x0000, 0x0000, 0x0000, 0x0000, 0x0000, 0xFFEB, 0x0000, 0x0000, 0x0000, 0x0000, 0x0000, 0x0000,   // 0x0500 (1280) pixels
0x0000, 0x0000, 0x0000, 0x0000, 0x0000, 0x0000, 0x0000, 0x0000, 0x0000, 0x0000, 0x0000, 0x0000, 0x0000, 0x0000, 0x0000, 0x0000,   // 0x0510 (1296) pixels
0x0000, 0x0000, 0x0000, 0x0000, 0x0000, 0x0000, 0x0000, 0x0000, 0x0000, 0x0000, 0x0000, 0x0000, 0x0000, 0x0000, 0x0000, 0x0000,   // 0x0520 (1312) pixels
0x0000, 0x0000, 0x0000, 0x0000, 0xFFEB, 0x0000, 0x0000, 0x0000, 0x0000, 0x0000, 0x0000, 0x0000, 0x0000, 0x0000, 0x0000, 0x0000,   // 0x0530 (1328) pixels
0x0000, 0x0000, 0x0000, 0x0000, 0x0000, 0x0000, 0x0000, 0x0000, 0x0000, 0x0000, 0x0000, 0x0000, 0x0000, 0x0000, 0x0000, 0x0000,   // 0x0540 (1344) pixels
0x0000, 0x0000, 0x0000, 0x0000, 0x0000, 0x0000, 0x0000, 0x0000, 0x0000, 0x0000, 0x0000, 0x0000, 0x0000, 0x0000, 0x0000, 0x0000,   // 0x0550 (1360) pixels
0x0000, 0x0000, 0x0000, 0x0000, 0xFFEB, 0x0000, 0x0000, 0x0000, 0x0000, 0x0000, 0x0000, 0x0000, 0x0000, 0x0000, 0x0000, 0x0000,   // 0x0560 (1376) pixels
0x0000, 0x0000, 0x0000, 0x0000, 0x0000, 0x0000, 0x0000, 0x0000, 0x0000, 0x0000, 0x0000, 0x0000, 0x0000, 0x0000, 0x0000, 0x0000,   // 0x0570 (1392) pixels
0x0000, 0x0000, 0x0000, 0x0000, 0xFFEB, 0x0000, 0x0000, 0x0000, 0x0000, 0x0000, 0xFFEB, 0x0000, 0x0000, 0x0000, 0x0000, 0x0000,   // 0x0580 (1408) pixels
0x0000, 0x0000, 0x0000, 0x0000, 0x0000, 0x0000, 0x0000, 0x0000, 0x0000, 0x0000, 0x0000, 0x0000, 0x0000, 0x0000, 0x0000, 0x0000,   // 0x0590 (1424) pixels
0x0000, 0x0000, 0x0000, 0x0000, 0x0000, 0x0000, 0x0000, 0x0000, 0x0000, 0x0000, 0x0000, 0x0000, 0x0000, 0x0000, 0x0000, 0x0000,   // 0x05A0 (1440) pixels
0x0000, 0x0000, 0x0000, 0x0000, 0x0000, 0x0000, 0x0000, 0x0000, 0x0000, 0x0000, 0x0000, 0x0000, 0x0000, 0x0000, 0x0000, 0x0000,   // 0x05B0 (1456) pixels
0x0000, 0x0000, 0x0000, 0x0000, 0x0000, 0x0000, 0x0000, 0x0000, 0x0000, 0x0000, 0x0000, 0x0000, 0x0000, 0x0000, 0xFFEB, 0x0000,   // 0x05C0 (1472) pixels
0x0000, 0x0000, 0x0000, 0x0000, 0x0000, 0x0000, 0x0000, 0x0000, 0x0000, 0x0000, 0x0000, 0x0000, 0x0000, 0x0000, 0x0000, 0x0000,   // 0x05D0 (1488) pixels
0x0000, 0x0000, 0x0000, 0x0000, 0x0000, 0x0000, 0x0000, 0x0000, 0x0000, 0x0000, 0x0000, 0x0000, 0x0000, 0x0000, 0x0000, 0x0000,   // 0x05E0 (1504) pixels
0x0000, 0x0000, 0x0000, 0x0000, 0x0000, 0x0000, 0x0000, 0x0000, 0x0000, 0x0000, 0x0000, 0x0000, 0x0000, 0x0000, 0x0000, 0x0000,   // 0x05F0 (1520) pixels
0x0000, 0x0000, 0x0000, 0x0000, 0x0000, 0x0000, 0x0000, 0x0000, 0x0000, 0x0000, 0x0000, 0x0000, 0x0000, 0x0000, 0x0000, 0x0000,   // 0x0600 (1536) pixels
0x0000, 0x0000, 0x0000, 0x0000, 0x0000, 0x0000, 0x0000, 0x0000, 0x0000, 0x0000, 0x0000, 0x0000, 0x0000, 0x0000, 0x0000, 0x0000,   // 0x0610 (1552) pixels
0x0000, 0x0000, 0x0000, 0x0000, 0x0000, 0x0000, 0x0000, 0x0000, 0x0000, 0x0000, 0x0000, 0x0000, 0x0000, 0x0000, 0x0000, 0x0000,   // 0x0620 (1568) pixels
0x0000, 0x0000, 0x0000, 0x0000, 0x0000, 0x0000, 0x0000, 0x0000, 0x0000, 0x0000, 0x0000, 0x0000, 0x0000, 0x0000, 0x0000, 0x0000,   // 0x0630 (1584) pixels
0x0000, 0x0000, 0x0000, 0x0000, 0x0000, 0x0000, 0x0000, 0x0000, 0x0000, 0x0000, 0x0000, 0x0000, 0x0000, 0x0000, 0x0000, 0x0000,   // 0x0640 (1600) pixels
0x0000, 0x0000, 0x0000, 0x0000, 0x0000, 0x0000, 0x0000, 0x0000, 0x0000, 0x0000, 0x0000, 0x0000, 0x0000, 0x0000, 0x0000, 0x0000,   // 0x0650 (1616) pixels
0x0000, 0x0000, 0x0000, 0x0000, 0x0000, 0x0000, 0x0000, 0x0000, 0x0000, 0x0000, 0x0000, 0x0000, 0x0000, 0x0000, 0x0000, 0x0000,   // 0x0660 (1632) pixels
0x0000, 0x0000, 0x0000, 0x0000, 0x0000, 0x0000, 0x0000, 0x0000, 0x0000, 0x0000, 0x0000, 0x0000, 0x0000, 0x0000, 0x0000, 0x0000,   // 0x0670 (1648) pixels
0x0000, 0x0000, 0x0000, 0x0000, 0x0000, 0x0000, 0x0000, 0x0000, 0x0000, 0x0000, 0x0000, 0x0000, 0x0000, 0x0000, 0x0000, 0x0000,   // 0x0680 (1664) pixels
0x0000, 0x0000, 0x0000, 0x0000, 0x0000, 0x0000, 0x0000, 0x0000, 0x0000, 0x0000, 0x0000, 0x0000, 0x0000, 0x0000, 0x0000, 0x0000,   // 0x0690 (1680) pixels
0x0000, 0x0000, 0x0000, 0x0000, 0x0000, 0x0000, 0x0000, 0x0000, 0x0000, 0x0000, 0x0000, 0x0000, 0x0000, 0x0000, 0x0000, 0x0000,   // 0x06A0 (1696) pixels
0x0000, 0x0000, 0x0000, 0x0000, 0x0000, 0x0000, 0x0000, 0x0000, 0x0000, 0x0000, 0x0000, 0x0000, 0x0000, 0x0000, 0x0000, 0x0000,   // 0x06B0 (1712) pixels
0x0000, 0x0000, 0x0000, 0x0000, 0x0000, 0x0000, 0x0000, 0x0000, 0x0000, 0x0000, 0x0000, 0x0000, 0x0000, 0x0000, 0x0000, 0x0000,   // 0x06C0 (1728) pixels
0x0000, 0x0000, 0x0000, 0x0000, 0x0000, 0x0000, 0x0000, 0x0000, 0x0000, 0x0000, 0x0000, 0x0000, 0x0000, 0x0000, 0x0000, 0x0000,   // 0x06D0 (1744) pixels
0x0000, 0x0000, 0x0000, 0x0000, 0x0000, 0x0000, 0x0000, 0x0000, 0x0000, 0x0000, 0x0000, 0x0000, 0x0000, 0x0000, 0x0000, 0x0000,   // 0x06E0 (1760) pixels
0x0000, 0x0000, 0x0000, 0x0000, 0x0000, 0x0000, 0x0000, 0x0000, 0x0000, 0x0000, 0x0000, 0x0000, 0x0000, 0x0000, 0x0000, 0x0000,   // 0x06F0 (1776) pixels
0x0000, 0x0000, 0x0000, 0x0000, 0x0000, 0x0000, 0x0000, 0x0000, 0x0000, 0x0000, 0x0000, 0x0000, 0x0000, 0x0000, 0x0000, 0x0000,   // 0x0700 (1792) pixels
0x0000, 0x0000, 0x0000, 0x0000, 0x0000, 0x0000, 0x0000, 0x0000, 0x0000, 0x0000, 0x0000, 0x0000, 0x0000, 0x0000, 0x0000, 0x0000,   // 0x0710 (1808) pixels
0x0000, 0x0000, 0x0000, 0x0000, 0x0000, 0x0000, 0x0000, 0x0000, 0x0000, 0x0000, 0x0000, 0x0000, 0x0000, 0x0000, 0x0000, 0x0000,   // 0x0720 (1824) pixels
0x0000, 0x0000, 0x0000, 0x0000, 0x0000, 0x0000, 0x0000, 0x0000, 0x0000, 0x0000, 0x0000, 0x0000, 0x0000, 0x0000, 0x0000, 0x0000,   // 0x0730 (1840) pixels
0x0000, 0x0000, 0x0000, 0x0000, 0x0000, 0x0000, 0x0000, 0x0000, 0x0000, 0x0000, 0x0000, 0x0000, 0x0000, 0x0000, 0x0000, 0x0000,   // 0x0740 (1856) pixels
0x0000, 0x0000, 0x0000, 0x0000, 0x0000, 0x0000, 0x0000, 0x0000, 0x0000, 0x0000, 0x0000, 0x0000, 0x0000, 0x0000, 0x0000, 0x0000,   // 0x0750 (1872) pixels
0x0000, 0x0000, 0x0000, 0x0000, 0x0000, 0x0000, 0x0000, 0x0000, 0x0000, 0x0000, 0x0000, 0x0000, 0x0000, 0x0000, 0x0000, 0x0000,   // 0x0760 (1888) pixels
0x0000, 0x0000, 0x0000, 0x0000, 0x0000, 0x0000, 0x0000, 0x0000, 0x0000, 0x0000, 0x0000, 0x0000, 0x0000, 0x0000, 0x0000, 0x0000,   // 0x0770 (1904) pixels
0x0000, 0x0000, 0x0000, 0x0000, 0x0000, 0x0000, 0x0000, 0x0000, 0x0000, 0x0000, 0x0000, 0x0000, 0x0000, 0x0000, 0x0000, 0x0000,   // 0x0780 (1920) pixels
0x0000, 0x0000, 0x0000, 0x0000, 0x0000, 0x0000, 0x0000, 0x0000, 0x0000, 0x0000, 0x0000, 0x0000, 0x0000, 0x0000, 0x0000, 0x0000,   // 0x0790 (1936) pixels
0x0000, 0x0000, 0x0000, 0x0000, 0x0000, 0x0000, 0x0000, 0x0000, 0x0000, 0x0000, 0x0000, 0x0000, 0x0000, 0x0000, 0x0000, 0x0000,   // 0x07A0 (1952) pixels
0x0000, 0x0000, 0x0000, 0x0000, 0x0000, 0x0000, 0x0000, 0x0000, 0x0000, 0x0000, 0x0000, 0x0000, 0x0000, 0x0000, 0x0000, 0x0000,   // 0x07B0 (1968) pixels
0x0000, 0x0000, 0x0000, 0x0000, 0x0000, 0x0000, 0x0000, 0x0000, 0x0000, 0x0000, 0x0000, 0x0000, 0x0000, 0x0000, 0x0000, 0x0000,   // 0x07C0 (1984) pixels
0x0000, 0x0000, 0x0000, 0x0000, 0x0000, 0x0000, 0x0000, 0x0000, 0x0000, 0x0000, 0x0000, 0x0000, 0x0000, 0x0000, 0x0000, 0x0000,   // 0x07D0 (2000) pixels
0x0000, 0x0000, 0x0000, 0x0000, 0x0000, 0x0000, 0x0000, 0x0000, 0x0000, 0x0000, 0x0000, 0x0000, 0x0000, 0x0000, 0x0000, 0x0000,   // 0x07E0 (2016) pixels
0x0000, 0x0000, 0x0000, 0x0000, 0x0000, 0x0000, 0x0000, 0x0000, 0x0000, 0x0000, 0x0000, 0x0000, 0x0000, 0x0000, 0x0000, 0x0000,   // 0x07F0 (2032) pixels
0x0000, 0x0000, 0x0000, 0x0000, 0x0000, 0x0000, 0x0000, 0x0000, 0x0000, 0x0000, 0x0000, 0x0000, 0x0000, 0x0000, 0x0000, 0x0000,   // 0x0800 (2048) pixels
};
