// Generated by   : ImageConverter 565 Online
// Generated from : Cloudy.png
// Time generated : Sun, 23 Feb 25 05:20:34 +0100  (Server timezone: CET)
// Image Size     : 10x10 pixels
// Memory usage   : 200 bytes


#if defined(__AVR__)
    #include <avr/pgmspace.h>
#elif defined(__PIC32MX__)
    #define PROGMEM
#elif defined(__arm__)
    #define PROGMEM
#endif

const unsigned short Cloudy[100] PROGMEM={
0x0000, 0x0000, 0x0000, 0x0000, 0x0000, 0x0000, 0x0020, 0x0000, 0x0000, 0x0000, 0x0000, 0x0841, 0x2124, 0x52AA, 0x5AEB, 0x0861,   // 0x0010 (16) pixels
0x4A69, 0x8C71, 0x3186, 0x0000, 0x0020, 0x4209, 0x2124, 0x18E3, 0x7BF0, 0x4A49, 0x9CF3, 0xC618, 0xD69A, 0x2945, 0x4A49, 0xAD55,   // 0x0020 (32) pixels
0xBDF7, 0x9CF3, 0x2965, 0xA535, 0xDEFB, 0xEF7D, 0xD69A, 0xAD55, 0x4A49, 0xA534, 0x9CB3, 0x8430, 0x738E, 0x7BEF, 0x8431, 0xC618,   // 0x0030 (48) pixels
0x8410, 0x5ACB, 0x10A2, 0x630C, 0x7BCF, 0x73AF, 0x7BEF, 0x73AE, 0x7BCF, 0x9CD3, 0x630C, 0x18C3, 0x0020, 0x4208, 0x7BCF, 0x4A69,   // 0x0040 (64) pixels
0x2965, 0x18C3, 0x632C, 0x4A49, 0x632C, 0x0000, 0x0000, 0x0000, 0x0000, 0x0000, 0x0000, 0x0000, 0x0000, 0x0000, 0x0841, 0x0000,   // 0x0050 (80) pixels
0x0000, 0x0000, 0x0000, 0x0000, 0x0000, 0x0000, 0x0000, 0x0000, 0x0000, 0x0000, 0x0000, 0x0000, 0x0000, 0x0000, 0x0000, 0x0000,   // 0x0060 (96) pixels
0x0000, 0x0000, 0x0000, 0x0000
};

const unsigned short CloudyRain[100] PROGMEM={
0x0000, 0x0000, 0x0000, 0x0000, 0x0000, 0x0000, 0x0020, 0x0000, 0x0000, 0x0000, 0x0000, 0x0841, 0x2124, 0x52AA, 0x5AEB, 0x0861,   // 0x0010 (16) pixels
0x4A69, 0x8C71, 0x3186, 0x0000, 0x0020, 0x4209, 0x2124, 0x18E3, 0x7BF0, 0x4A49, 0x9CF3, 0xC618, 0xD69A, 0x2945, 0x4A49, 0xAD55,   // 0x0020 (32) pixels
0xBDF7, 0x9CF3, 0x2965, 0xA535, 0xDEFB, 0xEF7D, 0xD69A, 0xAD55, 0x4A49, 0xA534, 0x9CB3, 0x8430, 0x738E, 0x7BEF, 0x8431, 0xC618,   // 0x0030 (48) pixels
0x8410, 0x5ACB, 0x10A2, 0x630C, 0x7BCF, 0x73AF, 0x7BEF, 0x73AE, 0x7BCF, 0x9CD3, 0x630C, 0x18C3, 0x0021, 0x4208, 0x7BCF, 0x4A69,   // 0x0040 (64) pixels
0x2125, 0x18C3, 0x632C, 0x4A49, 0x2946, 0x0000, 0x0005, 0x082C, 0x0000, 0x0000, 0x084E, 0x0000, 0x0000, 0x0000, 0x082C, 0x0000,   // 0x0050 (80) pixels
0x0005, 0x0819, 0x0008, 0x0000, 0x1072, 0x000A, 0x0000, 0x0000, 0x0835, 0x0004, 0x0000, 0x0007, 0x0817, 0x0003, 0x0002, 0x0015,   // 0x0060 (96) pixels
0x000E, 0x0000, 0x0009, 0x0013
};

const unsigned short Stormy[100] PROGMEM={
0x0000, 0x0000, 0x0000, 0x0000, 0x0000, 0x0000, 0x0020, 0x0000, 0x0000, 0x0000, 0x0000, 0x0841, 0x2124, 0x52AA, 0x5AEB, 0x0861,   // 0x0010 (16) pixels
0x4A69, 0x8C71, 0x3186, 0x0000, 0x0020, 0x4209, 0x2124, 0x18E3, 0x7BF0, 0x4A49, 0x9CF3, 0xC618, 0xD69A, 0x2945, 0x4A49, 0xAD55,   // 0x0020 (32) pixels
0xBDF7, 0x9CF3, 0x2965, 0xA535, 0xDEFB, 0xEF7D, 0xD69A, 0xAD55, 0x4A49, 0xA534, 0x9CB3, 0x8430, 0x738E, 0x7BEF, 0x8431, 0xC618,   // 0x0030 (48) pixels
0x8410, 0x5ACB, 0x10A2, 0x630C, 0x7BCF, 0x73AF, 0x7BEF, 0x73AE, 0x7BCF, 0xA512, 0xA4C7, 0x18C3, 0x0021, 0x52A7, 0xDEA3, 0x4A69,   // 0x0040 (64) pixels
0xBDA1, 0x5AA2, 0x632C, 0x52A8, 0xBDA2, 0x18C0, 0x0005, 0x084C, 0xAD00, 0x7360, 0x39AB, 0xCDE0, 0x31A0, 0x0000, 0x7BA6, 0x9CA0,   // 0x0050 (80) pixels
0x0005, 0x0819, 0x0847, 0xD620, 0x526D, 0x4A07, 0xAD20, 0x1080, 0x1094, 0x9CA1, 0x0000, 0x0007, 0x0817, 0x39A2, 0x5AA1, 0x0015,   // 0x0060 (96) pixels
0x5AA9, 0x0840, 0x0009, 0x0013
};

const unsigned short ClearNight[100] PROGMEM={
0xDEFB, 0x1082, 0x0000, 0x18C3, 0x31A6, 0x18E3, 0x0841, 0x0000, 0x0000, 0x0000, 0x0000, 0x0000, 0x2945, 0x4208, 0x4A49, 0x0841,   // 0x0010 (16) pixels
0x0020, 0x0020, 0x0020, 0x0000, 0x0000, 0x2104, 0x4208, 0x39C7, 0x0020, 0x0000, 0x0020, 0xE71C, 0x0020, 0x0000, 0x0000, 0x52AA,   // 0x0020 (32) pixels
0x4A69, 0x4228, 0x0000, 0x0000, 0x0000, 0x0841, 0x0000, 0x0000, 0x18E3, 0x528A, 0x630C, 0x1082, 0x0000, 0x0000, 0x0000, 0x0000,   // 0x0030 (48) pixels
0x0000, 0x0000, 0x31A6, 0x6B4D, 0x4208, 0x10A2, 0x0000, 0x0020, 0x0000, 0x0000, 0x0000, 0x0000, 0x0020, 0x52AA, 0x4A69, 0x1082,   // 0x0040 (64) pixels
0x0000, 0xDEDB, 0x0020, 0x0000, 0x0000, 0x0000, 0x0000, 0x0861, 0x630C, 0x4228, 0x0000, 0x0841, 0x0000, 0x0000, 0x0000, 0x0000,   // 0x0050 (80) pixels
0x0000, 0x0000, 0x2945, 0x52AA, 0x4A49, 0x0000, 0x0000, 0x0000, 0x0000, 0x0000, 0x0000, 0x0020, 0x0000, 0x0000, 0x18C3, 0x10A2,   // 0x0060 (96) pixels
0x0000, 0x0000, 0x0000, 0xBDF7
};

const unsigned short PartlyCloudyNight[100] PROGMEM={
0xDEFB, 0x1082, 0x0000, 0x18C3, 0x31A6, 0x18E3, 0x0841, 0x0000, 0x0000, 0x0000, 0x0000, 0x0000, 0x2945, 0x4208, 0x4A49, 0x0841,   // 0x0010 (16) pixels
0x0020, 0x0020, 0x0020, 0x0000, 0x0000, 0x2104, 0x4208, 0x39C7, 0x0020, 0x0000, 0x0020, 0xE71C, 0x0020, 0x0000, 0x0000, 0x52AA,   // 0x0020 (32) pixels
0x4A69, 0x4228, 0x0000, 0x0000, 0x0000, 0x0841, 0x0000, 0x0000, 0x18E3, 0x528A, 0x6B2C, 0x18C3, 0x0000, 0x0000, 0x0000, 0x0000,   // 0x0030 (48) pixels
0x0000, 0x0000, 0x31A6, 0x9491, 0xB575, 0xB595, 0x2945, 0x0020, 0x0000, 0x2103, 0x7BCE, 0x10A2, 0x2124, 0xCE38, 0xD6B9, 0xE6FB,   // 0x0040 (64) pixels
0xCE58, 0xEF5D, 0x4A28, 0xE6FA, 0xFFDE, 0x528A, 0xAD34, 0xF79D, 0xF75C, 0xEF3B, 0xFFDE, 0xFFDE, 0xCE58, 0xDEDA, 0xFFFF, 0x18E3,   // 0x0050 (80) pixels
0xAD54, 0xB595, 0xEF3B, 0xEF1A, 0xFFDE, 0xF79D, 0x83EF, 0x528A, 0xD699, 0x10A2, 0x4A69, 0x4A69, 0x2965, 0x18C3, 0xAD34, 0x10A2,   // 0x0060 (96) pixels
0x0000, 0x0000, 0x0000, 0x1061
};

const unsigned short Sunny[121] PROGMEM={
0xFE01, 0x0000, 0x0000, 0x0000, 0x0000, 0x0000, 0x0000, 0x0000, 0x0000, 0x0000, 0xFE01, 0x0000, 0xFE01, 0x0000, 0x0000, 0xFE01,   // 0x0010 (16) pixels
0xFE01, 0xFE01, 0x0000, 0x0000, 0xFE01, 0x0000, 0x0000, 0x0000, 0xFE01, 0xFE01, 0xFE01, 0xFE01, 0xFE01, 0xFE01, 0xFE01, 0x0000,   // 0x0020 (32) pixels
0x0000, 0x0000, 0x0000, 0xFE01, 0xFE01, 0xFE01, 0xFE01, 0xFE01, 0xFE01, 0xFE01, 0x0000, 0x0000, 0x0000, 0xFE01, 0xFE01, 0xFE01,   // 0x0030 (48) pixels
0xFE01, 0xFE01, 0xFE01, 0xFE01, 0xFE01, 0xFE01, 0x0000, 0x0000, 0xFE01, 0xFE01, 0xFE01, 0xFE01, 0xFE01, 0xFE01, 0xFE01, 0xFE01,   // 0x0040 (64) pixels
0xFE01, 0x0000, 0x0000, 0xFE01, 0xFE01, 0xFE01, 0xFE01, 0xFE01, 0xFE01, 0xFE01, 0xFE01, 0xFE01, 0x0000, 0x0000, 0x0000, 0xFE01,   // 0x0050 (80) pixels
0xFE01, 0xFE01, 0xFE01, 0xFE01, 0xFE01, 0xFE01, 0x0000, 0x0000, 0x0000, 0x0000, 0xFE01, 0xFE01, 0xFE01, 0xFE01, 0xFE01, 0xFE01,   // 0x0060 (96) pixels
0xFE01, 0x0000, 0x0000, 0x0000, 0xFE01, 0x0000, 0x0000, 0xFE01, 0xFE01, 0xFE01, 0x0000, 0x0000, 0xFE01, 0x0000, 0xFE01, 0x0000,   // 0x0070 (112) pixels
0x0000, 0x0000, 0x0000, 0x0000, 0x0000, 0x0000, 0x0000, 0x0000, 0xFE01
};

const unsigned short PartlyCloudyDay[100] PROGMEM={
0x0000, 0x0000, 0x0000, 0x0000, 0x0000, 0x18A0, 0xDD61, 0xEDC1, 0xBCA1, 0x0000, 0x0000, 0x0841, 0x2124, 0x52AA, 0x736C, 0xBD06,   // 0x0010 (16) pixels
0xDDA3, 0xEDC1, 0xE5C1, 0xAC40, 0x0020, 0x4209, 0x2124, 0x18E3, 0x9CAF, 0xA4F2, 0xA4F1, 0xCDAE, 0xEDE1, 0xE5C1, 0x4A49, 0xAD55,   // 0x0020 (32) pixels
0xBDF7, 0x9CF3, 0x738A, 0x9CF3, 0x9CF3, 0x9CF3, 0xD586, 0xEDC1, 0x4A49, 0xA534, 0x9CB3, 0x8430, 0x840F, 0x9CF3, 0x9CF3, 0x9CF3,   // 0x0030 (48) pixels
0xA4F1, 0xB4A5, 0x10A2, 0x630C, 0x7BCF, 0x73AF, 0x7BEF, 0x7BEF, 0x9CD3, 0x9CF3, 0x9CD2, 0x2965, 0x0020, 0x4208, 0x7BCF, 0x4A69,   // 0x0040 (64) pixels
0x2965, 0x18C3, 0x632C, 0x7BEF, 0x8410, 0x0020, 0x0000, 0x0000, 0x0000, 0x0000, 0x0000, 0x0000, 0x0000, 0x0000, 0x0841, 0x0000,   // 0x0050 (80) pixels
0x0000, 0x0000, 0x0000, 0x0000, 0x0000, 0x0000, 0x0000, 0x0000, 0x0000, 0x0000, 0x0000, 0x0000, 0x0000, 0x0000, 0x0000, 0x0000,   // 0x0060 (96) pixels
0x0000, 0x0000, 0x0000, 0x0000
};

const unsigned short Crossmark[144] PROGMEM={                   // 12x12
0x0000, 0x0000, 0x0000, 0x0000, 0x0000, 0x0000, 0x0000, 0x0000, 0x0000, 0x0000, 0x0000, 0x0000, 0x0000, 0x0000, 0x0000, 0xF206,   // 0x0010 (16) pixels
0xF206, 0xF206, 0xF206, 0xF206, 0xF206, 0x0000, 0x0000, 0x0000, 0x0000, 0x0000, 0xF206, 0xF206, 0xF206, 0xF206, 0xF206, 0xF206,   // 0x0020 (32) pixels
0xF206, 0xF206, 0x0000, 0x0000, 0x0000, 0xF206, 0xF206, 0xF206, 0xF227, 0xF206, 0xF206, 0xF227, 0xF206, 0xF206, 0xF206, 0x0000,   // 0x0030 (48) pixels
0x0000, 0xF206, 0xF206, 0xF227, 0xFEDB, 0xF38D, 0xF38D, 0xFEDB, 0xF227, 0xF206, 0xF206, 0x0000, 0x0000, 0xF206, 0xF206, 0xF206,   // 0x0040 (64) pixels
0xF36C, 0xFF9E, 0xFF9E, 0xF3AD, 0xF206, 0xF206, 0xF206, 0x0000, 0x0000, 0xF206, 0xF206, 0xF206, 0xF36C, 0xFF9E, 0xFF9E, 0xF3AD,   // 0x0050 (80) pixels
0xF206, 0xF206, 0xF206, 0x0000, 0x0000, 0xF206, 0xF206, 0xF227, 0xFEDB, 0xF38D, 0xF38D, 0xFEDB, 0xF227, 0xF206, 0xF206, 0x0000,   // 0x0060 (96) pixels
0x0000, 0xF206, 0xF206, 0xF206, 0xF227, 0xF206, 0xF206, 0xF227, 0xF206, 0xF206, 0xF226, 0x0000, 0x0000, 0x0000, 0xF206, 0xF206,   // 0x0070 (112) pixels
0xF206, 0xF206, 0xF206, 0xF206, 0xF206, 0xF206, 0x0000, 0x0000, 0x0000, 0x0000, 0x0000, 0xF206, 0xF206, 0xF206, 0xF206, 0xF206,   // 0x0080 (128) pixels
0xF226, 0x0000, 0x0000, 0x0000, 0x0000, 0x0000, 0x0000, 0x0000, 0x0000, 0x0000, 0x0000, 0x0000, 0x0000, 0x0000, 0x0000, 0x0000,   // 0x0090 (144) pixels
};

const unsigned short Tickmark[144] PROGMEM={                   // 12x12
0x0000, 0x0000, 0x0000, 0x0000, 0x0000, 0x0000, 0x0000, 0x0000, 0x0000, 0x0000, 0x0000, 0x0000, 0x0000, 0x0000, 0x0000, 0xC718,   // 0x0010 (16) pixels
0x7E11, 0x6D4C, 0x6DCD, 0x7D8F, 0xD799, 0x0000, 0x0000, 0x0000, 0x0000, 0x0000, 0xA6D4, 0x5D4C, 0x4D8A, 0x4588, 0x3D06, 0x5DCB,   // 0x0020 (32) pixels
0x452A, 0xA6B4, 0x0000, 0x0000, 0x0000, 0xC718, 0x45AB, 0x3D68, 0x4DA9, 0x45C8, 0x5DEA, 0x3507, 0x5DEB, 0x5D2B, 0xC738, 0x0000,   // 0x0030 (48) pixels
0x0000, 0x7DF0, 0x55AA, 0x45A9, 0x4DAA, 0x5D6A, 0x4D29, 0x85EF, 0xDFF8, 0x658C, 0x7E10, 0x0000, 0x0000, 0x654C, 0x5549, 0x6DEC,   // 0x0040 (64) pixels
0x5D4C, 0x4CEB, 0x8E51, 0xEFFA, 0x8D8E, 0x4D49, 0x5D4B, 0x0000, 0x0000, 0x6D6D, 0x4DAA, 0xD7F8, 0xCF58, 0x7DF1, 0xD7F9, 0x8DEE,   // 0x0050 (80) pixels
0x552A, 0x4589, 0x654C, 0x0000, 0x0000, 0x7630, 0x4589, 0x5D0B, 0xF7FB, 0xEFFA, 0x6DCC, 0x5588, 0x4D8A, 0x45A9, 0x7E30, 0x0000,   // 0x0060 (96) pixels
0x0000, 0xC759, 0x556C, 0x4549, 0x5DCA, 0x6DEC, 0x554A, 0x556C, 0x4DA9, 0x554B, 0xC759, 0x0000, 0x0000, 0x0000, 0xA694, 0x5D6C,   // 0x0070 (112) pixels
0x3D48, 0x45EA, 0x45A9, 0x4589, 0x554B, 0xA6B4, 0x0000, 0x0000, 0x0000, 0x0000, 0x0000, 0x4D6A, 0x4D6A, 0x4D69, 0x4D69, 0x4D69,   // 0x0080 (128) pixels
0x4D6A, 0x0000, 0x0000, 0x0000, 0x0000, 0x0000, 0x0000, 0x0000, 0x0000, 0x0000, 0x0000, 0x0000, 0x0000, 0x0000, 0x0000, 0x0000,   // 0x0090 (144) pixels
};

const unsigned short Wificlock[2048] PROGMEM={
0x08A5, 0x08A6, 0x08C6, 0x08C7, 0x08C7, 0x08C7, 0x08C8, 0x08C8, 0x08C9, 0x00E9, 0x00E9, 0x08EA, 0x090A, 0x090A, 0x010A, 0x08EA,   // 0x0010 (16) pixels
0x08EA, 0x090A, 0x010A, 0x00EA, 0x00EA, 0x00E9, 0x00E9, 0x00C8, 0x08C8, 0x08C8, 0x08C7, 0x08C7, 0x08C7, 0x08A6, 0x08A6, 0x00A6,   // 0x0020 (32) pixels
0x00A5, 0x08A5, 0x08A5, 0x0884, 0x0884, 0x0884, 0x0884, 0x0884, 0x0884, 0x0884, 0x0884, 0x0884, 0x0884, 0x0863, 0x0883, 0x0883,   // 0x0030 (48) pixels
0x0863, 0x0863, 0x0863, 0x0863, 0x0883, 0x0883, 0x0863, 0x0884, 0x0884, 0x0884, 0x0884, 0x0884, 0x0884, 0x0884, 0x0884, 0x0884,   // 0x0040 (64) pixels
0x08A6, 0x08A6, 0x08C6, 0x08C7, 0x08C7, 0x08C8, 0x08C8, 0x08C9, 0x00E9, 0x00EA, 0x090A, 0x090A, 0x090B, 0x090B, 0x090B, 0x090B,   // 0x0050 (80) pixels
0x090C, 0x090C, 0x090B, 0x090B, 0x090B, 0x010A, 0x00EA, 0x00E9, 0x00E9, 0x00C8, 0x08C8, 0x08C8, 0x08C7, 0x08A7, 0x08A6, 0x00A6,   // 0x0060 (96) pixels
0x00A5, 0x00A5, 0x00A5, 0x08A5, 0x08A4, 0x08A4, 0x0884, 0x0884, 0x0884, 0x0884, 0x0884, 0x0884, 0x0884, 0x0883, 0x0883, 0x0883,   // 0x0070 (112) pixels
0x0863, 0x0863, 0x0863, 0x0863, 0x0883, 0x0883, 0x0883, 0x0884, 0x0884, 0x0884, 0x0884, 0x0884, 0x0884, 0x0884, 0x08A4, 0x08A4,   // 0x0080 (128) pixels
0x08A6, 0x08A6, 0x08C7, 0x08C7, 0x08C8, 0x08C8, 0x08E9, 0x08E9, 0x08EA, 0x090B, 0x090B, 0x090C, 0x08EC, 0x08ED, 0x092E, 0x094F,   // 0x0090 (144) pixels
0x0950, 0x092F, 0x08EE, 0x08EC, 0x090C, 0x090B, 0x090B, 0x010A, 0x00EA, 0x00E9, 0x08C8, 0x08C8, 0x00C8, 0x08C7, 0x08C7, 0x00A6,   // 0x00A0 (160) pixels
0x00A6, 0x00A5, 0x00A5, 0x00A5, 0x08A5, 0x08A4, 0x08A4, 0x0884, 0x0884, 0x0884, 0x0884, 0x0884, 0x0884, 0x0884, 0x0883, 0x0883,   // 0x00B0 (176) pixels
0x0863, 0x0863, 0x0863, 0x0863, 0x0883, 0x0883, 0x0884, 0x0884, 0x0884, 0x0884, 0x0884, 0x0884, 0x0884, 0x08A4, 0x08A4, 0x08A5,   // 0x00C0 (192) pixels
0x08A6, 0x08C7, 0x08C7, 0x08C8, 0x08C8, 0x08E9, 0x08EA, 0x08EA, 0x090B, 0x090C, 0x08ED, 0x0991, 0x12F6, 0x1C3A, 0x14BC, 0x14DC,   // 0x00D0 (208) pixels
0x14DD, 0x14BC, 0x147B, 0x1357, 0x09D2, 0x08ED, 0x090C, 0x090B, 0x090B, 0x08EA, 0x00E9, 0x00C8, 0x08C8, 0x08C7, 0x08C7, 0x08A6,   // 0x00E0 (224) pixels
0x00A6, 0x00A5, 0x00A5, 0x00A5, 0x00A5, 0x08A4, 0x08A5, 0x0884, 0x0884, 0x0884, 0x0884, 0x0884, 0x0884, 0x0884, 0x0884, 0x0883,   // 0x00F0 (240) pixels
0x0883, 0x0883, 0x0883, 0x0883, 0x0883, 0x0884, 0x0884, 0x0884, 0x0884, 0x0884, 0x0884, 0x0884, 0x0884, 0x08A5, 0x08A4, 0x00A5,   // 0x0100 (256) pixels
0x08C7, 0x08C7, 0x08C8, 0x08C8, 0x08C9, 0x08EA, 0x08EB, 0x090B, 0x08EC, 0x0970, 0x13B8, 0x1D3D, 0x1D1D, 0x13D9, 0x0AD6, 0x0A75,   // 0x0110 (272) pixels
0x0A55, 0x0AB6, 0x1378, 0x14DC, 0x155D, 0x1C3A, 0x09D2, 0x08EC, 0x090B, 0x090B, 0x08EA, 0x00E9, 0x08C9, 0x08C8, 0x08C7, 0x08C7,   // 0x0120 (288) pixels
0x08A6, 0x00A6, 0x00A5, 0x00A5, 0x00A5, 0x08A5, 0x08A5, 0x0884, 0x0884, 0x0884, 0x0884, 0x0884, 0x0884, 0x0884, 0x0884, 0x0883,   // 0x0130 (304) pixels
0x0883, 0x0883, 0x0883, 0x0883, 0x0883, 0x0884, 0x0884, 0x0884, 0x0884, 0x0884, 0x0884, 0x0884, 0x0884, 0x08A5, 0x08A5, 0x00A5,   // 0x0140 (320) pixels
0x08C7, 0x08C8, 0x08C8, 0x08C9, 0x08CA, 0x08EA, 0x090C, 0x08ED, 0x0A74, 0x153D, 0x1C9B, 0x1235, 0x090F, 0x08CC, 0x08CA, 0x08CA,   // 0x0150 (336) pixels
0x08CA, 0x08AA, 0x08CB, 0x08EE, 0x09D2, 0x141A, 0x1D7E, 0x0B16, 0x00ED, 0x090B, 0x090A, 0x00E9, 0x00E9, 0x08C8, 0x08C8, 0x08C7,   // 0x0160 (352) pixels
0x08A6, 0x00A6, 0x00A6, 0x00A5, 0x00A5, 0x08A5, 0x00A5, 0x00A4, 0x08A4, 0x0884, 0x0884, 0x0884, 0x0884, 0x0884, 0x0884, 0x0883,   // 0x0170 (368) pixels
0x0883, 0x0883, 0x0883, 0x0883, 0x0883, 0x0884, 0x0884, 0x0884, 0x0884, 0x0884, 0x0884, 0x08A4, 0x00A4, 0x00A5, 0x08A5, 0x00A5,   // 0x0180 (384) pixels
0x08C7, 0x08C8, 0x08C9, 0x08C9, 0x08EA, 0x090B, 0x08ED, 0x0AF7, 0x157E, 0x0AF7, 0x08EF, 0x08CB, 0x08C9, 0x08A8, 0x08A8, 0x08A8,   // 0x0190 (400) pixels
0x08A8, 0x08A8, 0x08A8, 0x08A9, 0x08CA, 0x08CD, 0x0A34, 0x1D5D, 0x13B8, 0x08ED, 0x090B, 0x090A, 0x00E9, 0x00C9, 0x08C8, 0x08C7,   // 0x01A0 (416) pixels
0x08C7, 0x08A6, 0x00A6, 0x00A6, 0x00A5, 0x00A5, 0x00A5, 0x00A4, 0x08A4, 0x0884, 0x0884, 0x0884, 0x0884, 0x0884, 0x0884, 0x0884,   // 0x01B0 (432) pixels
0x0883, 0x0883, 0x0883, 0x0883, 0x0884, 0x0884, 0x0884, 0x0884, 0x0884, 0x0884, 0x0884, 0x08A4, 0x00A4, 0x00A5, 0x00A5, 0x00A5,   // 0x01C0 (448) pixels
0x08C8, 0x08C9, 0x08E9, 0x08EA, 0x10EB, 0x08ED, 0x0AB6, 0x1D7E, 0x0A55, 0x08CD, 0x08CA, 0x08C8, 0x08A8, 0x08A7, 0x08A7, 0x08A7,   // 0x01D0 (464) pixels
0x08A7, 0x08A7, 0x08A7, 0x08A8, 0x08A8, 0x08A9, 0x08AB, 0x09B2, 0x1D3D, 0x1358, 0x08ED, 0x090B, 0x08EA, 0x00E9, 0x08C8, 0x08C8,   // 0x01E0 (480) pixels
0x08C7, 0x08A6, 0x00A6, 0x00A6, 0x00A5, 0x00A5, 0x00A5, 0x00A4, 0x0884, 0x0884, 0x0884, 0x0884, 0x0884, 0x0884, 0x0884, 0x0884,   // 0x01F0 (496) pixels
0x0883, 0x0883, 0x0883, 0x0883, 0x0884, 0x0884, 0x0884, 0x0884, 0x0884, 0x0884, 0x0884, 0x0884, 0x00A4, 0x00A5, 0x00A5, 0x00A5,   // 0x0200 (512) pixels
0x08C8, 0x08C9, 0x08EA, 0x08EB, 0x10EC, 0x09D3, 0x155E, 0x0A96, 0x08ED, 0x08C9, 0x08A8, 0x08A7, 0x08A7, 0x08A7, 0x08A7, 0x08A7,   // 0x0210 (528) pixels
0x08A7, 0x08A7, 0x08A7, 0x08A7, 0x08A7, 0x08A7, 0x08A9, 0x08CB, 0x11F3, 0x157E, 0x0A74, 0x08EB, 0x08EA, 0x00E9, 0x08C8, 0x08C8,   // 0x0220 (544) pixels
0x08C7, 0x08A7, 0x00A6, 0x00A6, 0x00A5, 0x00A5, 0x0085, 0x0085, 0x0884, 0x0884, 0x0884, 0x0884, 0x0884, 0x0884, 0x0884, 0x0884,   // 0x0230 (560) pixels
0x0883, 0x0883, 0x0883, 0x0883, 0x0884, 0x0884, 0x0884, 0x0884, 0x0884, 0x0884, 0x0884, 0x0884, 0x0085, 0x0085, 0x00A5, 0x00A5,   // 0x0240 (576) pixels
0x08C8, 0x08E9, 0x08EA, 0x090B, 0x090E, 0x143B, 0x13FB, 0x08EF, 0x08CA, 0x08A8, 0x08A7, 0x0887, 0x08A6, 0x08A7, 0x08A7, 0x08A7,   // 0x0250 (592) pixels
0x08A7, 0x08A6, 0x08A6, 0x08A6, 0x0886, 0x0887, 0x08A7, 0x08C9, 0x08CC, 0x1338, 0x14FC, 0x092E, 0x08EA, 0x00EA, 0x00C9, 0x08C8,   // 0x0260 (608) pixels
0x08C8, 0x08C7, 0x08A6, 0x00A6, 0x00A5, 0x00A5, 0x0085, 0x0085, 0x0884, 0x0884, 0x0884, 0x0884, 0x0884, 0x0884, 0x0884, 0x0884,   // 0x0270 (624) pixels
0x0883, 0x0883, 0x0883, 0x0883, 0x0884, 0x0884, 0x0884, 0x0884, 0x0884, 0x0884, 0x0884, 0x0884, 0x0085, 0x0085, 0x00A5, 0x00A5,   // 0x0280 (640) pixels
0x08C8, 0x08E9, 0x10EB, 0x110C, 0x09F2, 0x1D3E, 0x09D4, 0x08EC, 0x08A9, 0x08A7, 0x18C7, 0x28E8, 0x0886, 0x08A6, 0x08A7, 0x08A6,   // 0x0290 (656) pixels
0x08A6, 0x0886, 0x08A6, 0x0886, 0x28E8, 0x61EA, 0x18C7, 0x08A8, 0x08CA, 0x0950, 0x1D1D, 0x0A94, 0x08EB, 0x08EA, 0x00C9, 0x08C8,   // 0x02A0 (672) pixels
0x08C7, 0x08C7, 0x08A6, 0x00A6, 0x00A5, 0x00A5, 0x00A5, 0x00A5, 0x0884, 0x0884, 0x0884, 0x0884, 0x0884, 0x0884, 0x0884, 0x0884,   // 0x02B0 (688) pixels
0x0884, 0x0883, 0x0883, 0x0884, 0x0884, 0x0884, 0x0884, 0x0884, 0x0884, 0x0884, 0x0884, 0x0884, 0x00A5, 0x00A5, 0x00A5, 0x00A5,   // 0x02C0 (704) pixels
0x08C9, 0x08E9, 0x110B, 0x090D, 0x1337, 0x147C, 0x0910, 0x08CA, 0x08A8, 0x08A7, 0x18C7, 0x7A0B, 0x61AA, 0x1886, 0x0886, 0x08A6,   // 0x02D0 (720) pixels
0x08A6, 0x0886, 0x1086, 0x5169, 0x822B, 0x3928, 0x08A7, 0x08A8, 0x08C9, 0x08CD, 0x13B9, 0x141A, 0x08EC, 0x08EA, 0x00E9, 0x08C8,   // 0x02E0 (736) pixels
0x08C7, 0x08C7, 0x08A6, 0x00A6, 0x00A5, 0x00A5, 0x00A5, 0x00A5, 0x0884, 0x0884, 0x0884, 0x0884, 0x0884, 0x0884, 0x0884, 0x0884,   // 0x02F0 (752) pixels
0x0884, 0x0883, 0x0883, 0x0884, 0x0884, 0x0884, 0x0884, 0x0884, 0x0884, 0x0884, 0x0884, 0x0884, 0x00A5, 0x00A5, 0x00A5, 0x00A5,   // 0x0300 (768) pixels
0x08C9, 0x10EA, 0x110B, 0x090E, 0x143B, 0x1359, 0x08EE, 0x08CA, 0x08A8, 0x08A7, 0x0886, 0x1086, 0x59A9, 0x7A0B, 0x3907, 0x0886,   // 0x0310 (784) pixels
0x0886, 0x20C7, 0x71EA, 0x69CA, 0x18A7, 0x0886, 0x08A7, 0x08A8, 0x08A8, 0x08CB, 0x1254, 0x14BC, 0x092E, 0x08EA, 0x00C9, 0x08C8,   // 0x0320 (800) pixels
0x08C7, 0x08C7, 0x08A6, 0x00A6, 0x00A5, 0x00A5, 0x00A5, 0x00A5, 0x0884, 0x0884, 0x0884, 0x0884, 0x0884, 0x0884, 0x0884, 0x0884,   // 0x0330 (816) pixels
0x0883, 0x0863, 0x0863, 0x0883, 0x0884, 0x0884, 0x0884, 0x0884, 0x0884, 0x0884, 0x0884, 0x0884, 0x00A5, 0x00A5, 0x00A5, 0x00A5,   // 0x0340 (832) pixels
0x08C9, 0x10EA, 0x10EB, 0x092F, 0x149C, 0x0AB7, 0x08ED, 0x08C9, 0x08A8, 0x08A7, 0x08A6, 0x0886, 0x0866, 0x30E7, 0x720A, 0x4149,   // 0x0350 (848) pixels
0x28E8, 0x7A0A, 0x4148, 0x1066, 0x0887, 0x08A7, 0x08A7, 0x08A8, 0x08A8, 0x08CA, 0x11D2, 0x151D, 0x0990, 0x08EA, 0x00C9, 0x08C8,   // 0x0360 (864) pixels
0x08C7, 0x08C7, 0x08A6, 0x00A6, 0x00A6, 0x00A5, 0x00A5, 0x00A5, 0x0884, 0x0884, 0x0884, 0x0884, 0x0884, 0x0884, 0x0884, 0x0884,   // 0x0370 (880) pixels
0x0883, 0x0883, 0x0883, 0x0883, 0x0884, 0x0884, 0x0884, 0x0884, 0x0884, 0x0884, 0x0884, 0x0884, 0x00A5, 0x00A5, 0x00A5, 0x00A6,   // 0x0380 (896) pixels
0x10C9, 0x10EA, 0x10EB, 0x092F, 0x14BC, 0x0AB7, 0x090D, 0x08C9, 0x08A8, 0x08A7, 0x08A7, 0x08A7, 0x08A6, 0x0886, 0x1086, 0x2129,   // 0x0390 (912) pixels
0x190A, 0x18A7, 0x0886, 0x08A6, 0x08A7, 0x08A7, 0x08A7, 0x08A8, 0x08A8, 0x08CA, 0x11B1, 0x153D, 0x09B1, 0x08EA, 0x00C9, 0x08C8,   // 0x03A0 (928) pixels
0x08C7, 0x08C7, 0x08C6, 0x00A6, 0x00A6, 0x00A5, 0x0085, 0x0885, 0x08A4, 0x0884, 0x0884, 0x0884, 0x0884, 0x0884, 0x0884, 0x0884,   // 0x03B0 (944) pixels
0x0883, 0x0883, 0x0883, 0x0883, 0x0884, 0x0884, 0x0884, 0x0884, 0x0884, 0x0884, 0x0884, 0x08A4, 0x0885, 0x0085, 0x00A5, 0x00A6,   // 0x03C0 (960) pixels
0x10C9, 0x10EA, 0x10EB, 0x092F, 0x147C, 0x0AD7, 0x090D, 0x08CA, 0x08A8, 0x08A7, 0x08A7, 0x08A7, 0x0886, 0x0886, 0x0886, 0x08A7,   // 0x03D0 (976) pixels
0x08A7, 0x0886, 0x0886, 0x08A6, 0x08A6, 0x08A7, 0x08A7, 0x08A8, 0x08C8, 0x08CA, 0x09D2, 0x151D, 0x0990, 0x08EA, 0x00C9, 0x08C8,   // 0x03E0 (992) pixels
0x08C7, 0x08C7, 0x08C6, 0x08A6, 0x00A6, 0x00A5, 0x00A5, 0x0885, 0x08A4, 0x0884, 0x0884, 0x0884, 0x0884, 0x0884, 0x0884, 0x0884,   // 0x03F0 (1008) pixels
0x0883, 0x0883, 0x0883, 0x0883, 0x0884, 0x0884, 0x0884, 0x0884, 0x0884, 0x0884, 0x0884, 0x08A4, 0x0885, 0x00A5, 0x00A5, 0x00A6,   // 0x0400 (1024) pixels
0x10C9, 0x10EA, 0x10EB, 0x090E, 0x13FA, 0x139A, 0x090E, 0x08CA, 0x08A8, 0x08A8, 0x08A7, 0x08A7, 0x0887, 0x0886, 0x0886, 0x0886,   // 0x0410 (1040) pixels
0x0886, 0x0886, 0x0886, 0x0886, 0x08A6, 0x08A7, 0x08A7, 0x08A8, 0x08C9, 0x08CB, 0x1274, 0x14BC, 0x092F, 0x08EA, 0x00E9, 0x08C8,   // 0x0420 (1056) pixels
0x08C7, 0x08C7, 0x08C6, 0x08A6, 0x00A6, 0x00A6, 0x00A5, 0x0885, 0x08A4, 0x0884, 0x0884, 0x0884, 0x0884, 0x0884, 0x0884, 0x0884,   // 0x0430 (1072) pixels
0x0883, 0x0883, 0x0883, 0x0883, 0x0884, 0x0884, 0x0884, 0x0884, 0x0884, 0x0884, 0x0884, 0x08A4, 0x0885, 0x00A5, 0x00A6, 0x00A6,   // 0x0440 (1088) pixels
0x10C9, 0x10EA, 0x10EB, 0x110D, 0x12F7, 0x14DC, 0x0931, 0x08EB, 0x08C9, 0x08A8, 0x08A7, 0x08A7, 0x0886, 0x08A6, 0x08A6, 0x08A6,   // 0x0450 (1104) pixels
0x08A6, 0x08A6, 0x08A6, 0x0886, 0x08A7, 0x08A7, 0x08A7, 0x08A8, 0x08C9, 0x08CC, 0x13D9, 0x13DA, 0x08EC, 0x08EA, 0x08C9, 0x08C8,   // 0x0460 (1120) pixels
0x08C7, 0x08C7, 0x08A6, 0x00A6, 0x00A6, 0x08A5, 0x08A5, 0x08A5, 0x0884, 0x0884, 0x0884, 0x0884, 0x0884, 0x0884, 0x0884, 0x0883,   // 0x0470 (1136) pixels
0x0883, 0x0883, 0x0883, 0x0883, 0x0883, 0x0884, 0x0884, 0x0884, 0x0884, 0x0884, 0x0884, 0x0884, 0x08A5, 0x08A5, 0x08A5, 0x00A6,   // 0x0480 (1152) pixels
0x10C9, 0x10EA, 0x10EB, 0x110C, 0x09B2, 0x155E, 0x0A15, 0x08EC, 0x08C9, 0x08A8, 0x08A7, 0x08A7, 0x0887, 0x08A6, 0x08A6, 0x08A6,   // 0x0490 (1168) pixels
0x08A6, 0x08A6, 0x0886, 0x0886, 0x08A7, 0x08A7, 0x08A8, 0x08A8, 0x08CA, 0x1151, 0x1D3E, 0x0A54, 0x08EB, 0x08EA, 0x08C9, 0x08C8,   // 0x04A0 (1184) pixels
0x08C7, 0x08C6, 0x08A6, 0x00A6, 0x00A5, 0x0085, 0x08A5, 0x0884, 0x0884, 0x0884, 0x0884, 0x0884, 0x0864, 0x0884, 0x0884, 0x0883,   // 0x04B0 (1200) pixels
0x0883, 0x0883, 0x0883, 0x0883, 0x0883, 0x0884, 0x0884, 0x0864, 0x0884, 0x0884, 0x0884, 0x0884, 0x0884, 0x08A5, 0x0085, 0x00A5,   // 0x04C0 (1216) pixels
0x10C8, 0x10C9, 0x10EA, 0x110C, 0x110E, 0x13FA, 0x149C, 0x0910, 0x08EB, 0x08A8, 0x08A8, 0x08A7, 0x08A7, 0x08A6, 0x0886, 0x0886,   // 0x04D0 (1232) pixels
0x0886, 0x08A6, 0x00A6, 0x08A7, 0x08A7, 0x08A7, 0x08A8, 0x08A9, 0x10AC, 0x1378, 0x14BC, 0x090E, 0x08EA, 0x00E9, 0x08C8, 0x08C8,   // 0x04E0 (1248) pixels
0x08C7, 0x08A6, 0x00A6, 0x00A6, 0x00A5, 0x00A5, 0x0884, 0x0884, 0x0884, 0x0884, 0x0884, 0x0864, 0x0864, 0x0884, 0x0884, 0x0883,   // 0x04F0 (1264) pixels
0x0883, 0x0883, 0x0883, 0x0883, 0x0883, 0x0884, 0x0884, 0x0864, 0x0864, 0x0884, 0x0884, 0x0884, 0x0884, 0x0884, 0x00A5, 0x00A5,   // 0x0500 (1280) pixels
0x10C8, 0x10C9, 0x10EA, 0x10EB, 0x110C, 0x0992, 0x155E, 0x0B38, 0x08EE, 0x08CA, 0x08A8, 0x08A8, 0x08A7, 0x08A7, 0x08A7, 0x08A7,   // 0x0510 (1296) pixels
0x08A7, 0x08A7, 0x08A7, 0x08A7, 0x08A7, 0x08A8, 0x08A8, 0x08AA, 0x1213, 0x157E, 0x0A34, 0x08EB, 0x08E9, 0x08C8, 0x08C8, 0x08C7,   // 0x0520 (1312) pixels
0x08A7, 0x08A6, 0x00A6, 0x00A5, 0x08A5, 0x0884, 0x0884, 0x0884, 0x0884, 0x0884, 0x0884, 0x0864, 0x0864, 0x0884, 0x0884, 0x0883,   // 0x0530 (1328) pixels
0x0883, 0x0883, 0x0883, 0x0883, 0x0883, 0x0884, 0x0884, 0x0864, 0x0864, 0x0884, 0x0884, 0x0884, 0x0884, 0x0884, 0x0884, 0x08A5,   // 0x0540 (1344) pixels
0x10C8, 0x10C8, 0x10C9, 0x10EA, 0x10EB, 0x08ED, 0x0A75, 0x1DBE, 0x0AD7, 0x08EE, 0x08CA, 0x08C9, 0x08A8, 0x08A8, 0x08A8, 0x08A7,   // 0x0550 (1360) pixels
0x08A7, 0x08A7, 0x08A7, 0x08A8, 0x08A8, 0x08A9, 0x10AA, 0x09D2, 0x153E, 0x0B38, 0x08EC, 0x08EA, 0x08C9, 0x08C8, 0x08C7, 0x08C7,   // 0x0560 (1376) pixels
0x08A6, 0x08A6, 0x08A5, 0x08A5, 0x0885, 0x0884, 0x0884, 0x0884, 0x0884, 0x0884, 0x0884, 0x0884, 0x0884, 0x0883, 0x0883, 0x0883,   // 0x0570 (1392) pixels
0x0883, 0x0863, 0x0863, 0x0883, 0x0883, 0x0883, 0x0883, 0x0884, 0x0884, 0x0884, 0x0884, 0x0884, 0x0884, 0x0884, 0x0884, 0x0885,   // 0x0580 (1408) pixels
0x10A7, 0x10C8, 0x10C9, 0x10C9, 0x10EA, 0x10EB, 0x08ED, 0x0AB6, 0x159E, 0x13B9, 0x0931, 0x08CC, 0x08CA, 0x08A9, 0x08A9, 0x08A8,   // 0x0590 (1424) pixels
0x08A8, 0x08A8, 0x08A8, 0x08A9, 0x08AA, 0x10CD, 0x0A95, 0x157E, 0x1359, 0x08ED, 0x08EA, 0x08C9, 0x08C8, 0x08C7, 0x08C7, 0x08C7,   // 0x05A0 (1440) pixels
0x08A6, 0x08A6, 0x08A5, 0x08A5, 0x0884, 0x0884, 0x0884, 0x0884, 0x0884, 0x0884, 0x0884, 0x0883, 0x0883, 0x0883, 0x0883, 0x0883,   // 0x05B0 (1456) pixels
0x0883, 0x0863, 0x0863, 0x0863, 0x0863, 0x0862, 0x0042, 0x0042, 0x0042, 0x0042, 0x0843, 0x0843, 0x0843, 0x0843, 0x0863, 0x0063,   // 0x05C0 (1472) pixels
0x10A7, 0x10A7, 0x10A8, 0x10C9, 0x08C9, 0x10EA, 0x10EB, 0x08ED, 0x0A14, 0x151D, 0x1D3E, 0x1338, 0x0992, 0x08EE, 0x08CC, 0x08CC,   // 0x05D0 (1488) pixels
0x08CC, 0x08CC, 0x08CD, 0x092F, 0x1254, 0x147B, 0x155E, 0x12D7, 0x08ED, 0x08EA, 0x08E9, 0x08C8, 0x08C7, 0x08A7, 0x08C7, 0x08A6,   // 0x05E0 (1504) pixels
0x08A6, 0x08A5, 0x08A5, 0x0885, 0x0884, 0x0884, 0x0884, 0x0884, 0x0884, 0x0884, 0x0884, 0x0883, 0x0863, 0x0863, 0x0863, 0x0863,   // 0x05F0 (1520) pixels
0x0863, 0x0862, 0x0042, 0x0021, 0x0020, 0x0000, 0x0000, 0x0000, 0x0000, 0x0000, 0x0000, 0x0000, 0x0000, 0x0000, 0x0000, 0x0000,   // 0x0600 (1536) pixels
0x1086, 0x10A7, 0x10A7, 0x08A7, 0x08A8, 0x08C9, 0x10EA, 0x08EB, 0x08EC, 0x0950, 0x1338, 0x1D1D, 0x155E, 0x0CBC, 0x0BD9, 0x1358,   // 0x0610 (1552) pixels
0x1358, 0x0B99, 0x143B, 0x151D, 0x153E, 0x13FB, 0x09B2, 0x08CB, 0x08CA, 0x08C9, 0x08C8, 0x08A7, 0x08A7, 0x08A6, 0x08A6, 0x08A6,   // 0x0620 (1568) pixels
0x08A5, 0x08A5, 0x0884, 0x0884, 0x0884, 0x0884, 0x0884, 0x0884, 0x0883, 0x0883, 0x0863, 0x0863, 0x0863, 0x0863, 0x0863, 0x0862,   // 0x0630 (1584) pixels
0x0041, 0x0000, 0x0000, 0x0000, 0x0000, 0x0000, 0x0000, 0x0000, 0x0000, 0x0000, 0x0000, 0x0000, 0x0000, 0x0000, 0x0000, 0x0000,   // 0x0640 (1600) pixels
0x20C8, 0x20C8, 0x20C8, 0x20C9, 0x18C9, 0x18CA, 0x18CA, 0x10EB, 0x10EB, 0x08EC, 0x08ED, 0x0930, 0x1234, 0x1399, 0x147B, 0x14DC,   // 0x0650 (1616) pixels
0x14DD, 0x14BC, 0x141B, 0x12D7, 0x0992, 0x08ED, 0x08EB, 0x08EB, 0x08EA, 0x08EA, 0x08EA, 0x08E9, 0x08E9, 0x08E8, 0x08E8, 0x08C8,   // 0x0660 (1632) pixels
0x08C8, 0x08C7, 0x08C6, 0x08C6, 0x08C6, 0x08A6, 0x08A6, 0x08A5, 0x08A5, 0x08A5, 0x08A5, 0x0885, 0x0884, 0x0064, 0x0042, 0x0021,   // 0x0670 (1648) pixels
0x0000, 0x0000, 0x0000, 0x0000, 0x0000, 0x0000, 0x0000, 0x0000, 0x0000, 0x0000, 0x0000, 0x0000, 0x0000, 0x0000, 0x0000, 0x0000,   // 0x0680 (1664) pixels
0x19D1, 0x19F2, 0x1212, 0x1A33, 0x1233, 0x1254, 0x1275, 0x1275, 0x1295, 0x0AB6, 0x1338, 0x13DA, 0x147A, 0x14DC, 0x153D, 0x0D5D,   // 0x0690 (1680) pixels
0x155D, 0x153D, 0x151C, 0x149B, 0x1419, 0x1379, 0x1318, 0x0AB7, 0x0A96, 0x0A96, 0x0A75, 0x0A75, 0x0A34, 0x0A13, 0x09F2, 0x09D1,   // 0x06A0 (1696) pixels
0x09B0, 0x09AF, 0x098F, 0x096E, 0x096D, 0x094D, 0x092C, 0x092B, 0x092B, 0x090A, 0x0109, 0x00E8, 0x0086, 0x0042, 0x0000, 0x0000,   // 0x06B0 (1712) pixels
0x0000, 0x0000, 0x0000, 0x0000, 0x0000, 0x0000, 0x0000, 0x0000, 0x0000, 0x0000, 0x0000, 0x0000, 0x0000, 0x0000, 0x0000, 0x0000,   // 0x06C0 (1728) pixels
0x096E, 0x096E, 0x096E, 0x096E, 0x096F, 0x096F, 0x0990, 0x09B2, 0x1296, 0x13BB, 0x14DD, 0x1D9F, 0x159F, 0x153D, 0x1C5B, 0x13B9,   // 0x06D0 (1744) pixels
0x1B99, 0x141A, 0x14DD, 0x155E, 0x155E, 0x14FE, 0x143C, 0x1339, 0x1255, 0x11B2, 0x0991, 0x0970, 0x096F, 0x096E, 0x094E, 0x094D,   // 0x06E0 (1760) pixels
0x094C, 0x092C, 0x092C, 0x092B, 0x092B, 0x090B, 0x090A, 0x090A, 0x0909, 0x00E9, 0x00C7, 0x0064, 0x0021, 0x0000, 0x0000, 0x0000,   // 0x06F0 (1776) pixels
0x0000, 0x0000, 0x0000, 0x0000, 0x0000, 0x0000, 0x0000, 0x0000, 0x0000, 0x0000, 0x0000, 0x0000, 0x0000, 0x0000, 0x0000, 0x0000,   // 0x0700 (1792) pixels
0x08EA, 0x08EB, 0x090B, 0x090C, 0x092D, 0x0990, 0x0A54, 0x1359, 0x141C, 0x147D, 0x141C, 0x139A, 0x12D8, 0x0A56, 0x09F4, 0x09B3,   // 0x0710 (1808) pixels
0x0992, 0x09D3, 0x0A36, 0x12D8, 0x1359, 0x13FB, 0x147C, 0x145C, 0x0BBA, 0x1296, 0x09D2, 0x094F, 0x090C, 0x08EB, 0x08EA, 0x08E9,   // 0x0720 (1824) pixels
0x08E9, 0x08E8, 0x08E8, 0x08C8, 0x08C7, 0x08C7, 0x08C7, 0x08C7, 0x08C7, 0x0085, 0x0042, 0x0000, 0x0000, 0x0000, 0x0000, 0x0000,   // 0x0730 (1840) pixels
0x0000, 0x0000, 0x0000, 0x0000, 0x0000, 0x0000, 0x0000, 0x0000, 0x0000, 0x0000, 0x0000, 0x0000, 0x0000, 0x0000, 0x0000, 0x0000,   // 0x0740 (1856) pixels
0x08C9, 0x08EA, 0x090B, 0x094E, 0x11D3, 0x1318, 0x143C, 0x14DE, 0x149D, 0x141C, 0x1359, 0x12B7, 0x0A35, 0x09D4, 0x0992, 0x0971,   // 0x0750 (1872) pixels
0x0970, 0x0991, 0x09D3, 0x0A15, 0x1277, 0x0AD8, 0x137A, 0x143C, 0x147D, 0x13FB, 0x12D8, 0x09D3, 0x092E, 0x090B, 0x08EA, 0x08C9,   // 0x0760 (1888) pixels
0x08C8, 0x08C7, 0x08C7, 0x08C7, 0x08A6, 0x08A6, 0x08A6, 0x08A6, 0x0084, 0x0021, 0x0000, 0x0000, 0x0000, 0x0000, 0x0000, 0x0000,   // 0x0770 (1904) pixels
0x0000, 0x0000, 0x0000, 0x0000, 0x0000, 0x0000, 0x0000, 0x0000, 0x0000, 0x0000, 0x0000, 0x0000, 0x0000, 0x0000, 0x0000, 0x0000,   // 0x0780 (1920) pixels
0x08C9, 0x08CA, 0x090B, 0x096F, 0x1235, 0x139A, 0x149D, 0x149D, 0x141C, 0x135A, 0x0AB8, 0x0A36, 0x11D4, 0x1192, 0x1172, 0x0951,   // 0x0790 (1936) pixels
0x0950, 0x0971, 0x1192, 0x11B4, 0x11F5, 0x0A56, 0x12D8, 0x137A, 0x143C, 0x147D, 0x13DB, 0x1297, 0x0991, 0x090D, 0x08EA, 0x08C9,   // 0x07A0 (1952) pixels
0x08C8, 0x08A7, 0x08A7, 0x08A6, 0x08A6, 0x08A5, 0x08A5, 0x0084, 0x0021, 0x0000, 0x0000, 0x0000, 0x0000, 0x0000, 0x0000, 0x0000,   // 0x07B0 (1968) pixels
0x0000, 0x0000, 0x0000, 0x0000, 0x0000, 0x0000, 0x0000, 0x0000, 0x0000, 0x0000, 0x0000, 0x0000, 0x0000, 0x0000, 0x0000, 0x0000,   // 0x07C0 (1984) pixels
0x08C8, 0x08C9, 0x090C, 0x1170, 0x1296, 0x13FB, 0x14BD, 0x145C, 0x139B, 0x12D8, 0x0A36, 0x11D4, 0x1193, 0x1972, 0x1151, 0x1130,   // 0x07D0 (2000) pixels
0x0950, 0x1151, 0x1171, 0x1192, 0x11B3, 0x09F5, 0x0A56, 0x12D8, 0x139A, 0x145C, 0x145C, 0x1319, 0x11F3, 0x092E, 0x08CA, 0x08A8,   // 0x07E0 (2016) pixels
0x08A7, 0x08A6, 0x08A6, 0x08A5, 0x0885, 0x0884, 0x0063, 0x0021, 0x0000, 0x0000, 0x0000, 0x0000, 0x0000, 0x0000, 0x0000, 0x0000,   // 0x07F0 (2032) pixels
0x0000, 0x0000, 0x0000, 0x0000, 0x0000, 0x0000, 0x0000, 0x0000, 0x0000, 0x0000, 0x0000, 0x0000, 0x0000, 0x0000, 0x0000, 0x0000,   // 0x0800 (2048) pixels
};

const unsigned short CloudyLarge[609] PROGMEM={
0x9CF2, 0x9CF2, 0x9CF2, 0x9CF2, 0x9CF2, 0x9CF2, 0x9CF2, 0x9CF2, 0x9CF2, 0x9CF2, 0x9CF2, 0x0000, 0xFFE0, 0xFFE0, 0xFFE0, 0xFFE0,   // 0x0010 (16) pixels
0xFFE0, 0xFFE0, 0xFFE0, 0x0000, 0x9CF2, 0x9CF2, 0x9CF2, 0x9CF2, 0x9CF2, 0x9CF2, 0x9CF2, 0x9CF2, 0x0000, 0x9CF2, 0x9CF2, 0x9CF2,   // 0x0020 (32) pixels
0x9CF2, 0x9CF2, 0x9CF2, 0x9CF2, 0x9CF2, 0x9CF2, 0x9CF2, 0x9CF2, 0x9CF2, 0x0000, 0x0000, 0x0000, 0x0000, 0x0000, 0xFFE0, 0x0000,   // 0x0030 (48) pixels
0x9CF2, 0x9CF2, 0x9CF2, 0x9CF2, 0x9CF2, 0x9CF2, 0x9CF2, 0x9CF2, 0x9CF2, 0x9CF2, 0x9CF2, 0x9CF2, 0x9CF2, 0x9CF2, 0x9CF2, 0x9CF2,   // 0x0040 (64) pixels
0x9CF2, 0x9CF2, 0x9CF2, 0x9CF2, 0x9CF2, 0x9CF2, 0x9CF2, 0x9CF2, 0x9CF2, 0x9CF2, 0x9CF2, 0x0000, 0x9CF2, 0x9CF2, 0x9CF2, 0x9CF2,   // 0x0050 (80) pixels
0x9CF2, 0x9CF2, 0x9CF2, 0x0000, 0x0000, 0x9CF2, 0x9CF2, 0x9CF2, 0x9CF2, 0x9CF2, 0x9CF2, 0x9CF2, 0x0000, 0x9CF2, 0x9CF2, 0x9CF2,   // 0x0060 (96) pixels
0x9CF2, 0x9CF2, 0x9CF2, 0x9CF2, 0x9CF2, 0x9CF2, 0x9CF2, 0x9CF2, 0x0000, 0x9CF2, 0x9CF2, 0x9CF2, 0x9CF2, 0x9CF2, 0x9CF2, 0x9CF2,   // 0x0070 (112) pixels
0x0000, 0x9CF2, 0x9CF2, 0x9CF2, 0x9CF2, 0x9CF2, 0x9CF2, 0x9CF2, 0x9CF2, 0x9CF2, 0x0000, 0x9CF2, 0x9CF2, 0x9CF2, 0x9CF2, 0x9CF2,   // 0x0080 (128) pixels
0x0000, 0x9CF2, 0x9CF2, 0x9CF2, 0x9CF2, 0x9CF2, 0x0000, 0x9CF2, 0x9CF2, 0x9CF2, 0x9CF2, 0x9CF2, 0x9CF2, 0x0000, 0x9CF2, 0x9CF2,   // 0x0090 (144) pixels
0x9CF2, 0x9CF2, 0x9CF2, 0x9CF2, 0x9CF2, 0x9CF2, 0x9CF2, 0x0000, 0x9CF2, 0x9CF2, 0x9CF2, 0x0000, 0x0000, 0x9CF2, 0x9CF2, 0x9CF2,   // 0x00A0 (160) pixels
0x9CF2, 0x9CF2, 0x9CF2, 0x0000, 0x9CF2, 0x9CF2, 0x9CF2, 0x9CF2, 0x0000, 0x0000, 0x9CF2, 0x9CF2, 0x9CF2, 0x9CF2, 0x9CF2, 0x9CF2,   // 0x00B0 (176) pixels
0x9CF2, 0x9CF2, 0x9CF2, 0x0000, 0x9CF2, 0x0000, 0x0000, 0x0000, 0x9CF2, 0x9CF2, 0x9CF2, 0x9CF2, 0x9CF2, 0x9CF2, 0x9CF2, 0x9CF2,   // 0x00C0 (192) pixels
0x9CF2, 0x0000, 0x0000, 0x0000, 0x0000, 0x0000, 0x9CF2, 0x9CF2, 0x9CF2, 0x9CF2, 0x0000, 0x9CF2, 0x9CF2, 0x9CF2, 0x9CF2, 0x0000,   // 0x00D0 (208) pixels
0x0000, 0x9CF2, 0x9CF2, 0x9CF2, 0x9CF2, 0x9CF2, 0x9CF2, 0x9CF2, 0x9CF2, 0x9CF2, 0x9CF2, 0x9CF2, 0x9CF2, 0x9CF2, 0x9CF2, 0x9CF2,   // 0x00E0 (224) pixels
0x9CF2, 0x9CF2, 0x0000, 0x9CF2, 0x9CF2, 0x9CF2, 0x0000, 0x0000, 0x0000, 0x0000, 0x0000, 0x0000, 0x0000, 0x0000, 0x0000, 0x9CF2,   // 0x00F0 (240) pixels
0x9CF2, 0x9CF2, 0x9CF2, 0x9CF2, 0x9CF2, 0x9CF2, 0x9CF2, 0x9CF2, 0x9CF2, 0x9CF2, 0x9CF2, 0x9CF2, 0x9CF2, 0x9CF2, 0x9CF2, 0x0000,   // 0x0100 (256) pixels
0x0000, 0x9CF2, 0x0000, 0x0000, 0x0000, 0x0000, 0x0000, 0x0000, 0x0000, 0x0000, 0x0000, 0x0000, 0x9CF2, 0x9CF2, 0x9CF2, 0x9CF2,   // 0x0110 (272) pixels
0x9CF2, 0x9CF2, 0x0000, 0x9CF2, 0x9CF2, 0x9CF2, 0x9CF2, 0x9CF2, 0x9CF2, 0x9CF2, 0x0000, 0x9CF2, 0x9CF2, 0x0000, 0x0000, 0x0000,   // 0x0120 (288) pixels
0x0000, 0x0000, 0x0000, 0x0000, 0x0000, 0x0000, 0x0000, 0x0000, 0x0000, 0x0000, 0x9CF2, 0x9CF2, 0x9CF2, 0x9CF2, 0x9CF2, 0x0000,   // 0x0130 (304) pixels
0x0000, 0x9CF2, 0x9CF2, 0x9CF2, 0x9CF2, 0x9CF2, 0x9CF2, 0x0000, 0x9CF2, 0x9CF2, 0x9CF2, 0x0000, 0x0000, 0x0000, 0x0000, 0x0000,   // 0x0140 (320) pixels
0x0000, 0x0000, 0x0000, 0x0000, 0x0000, 0x0000, 0x0000, 0x0000, 0x9CF2, 0x9CF2, 0x9CF2, 0x9CF2, 0x9CF2, 0x0000, 0x0000, 0x9CF2,   // 0x0150 (336) pixels
0x9CF2, 0x9CF2, 0x9CF2, 0x0000, 0x0000, 0x9CF2, 0x9CF2, 0x0000, 0x0000, 0x0000, 0x0000, 0x0000, 0x0000, 0x0000, 0x0000, 0x0000,   // 0x0160 (352) pixels
0x0000, 0x0000, 0x0000, 0x0000, 0x0000, 0x0000, 0x0000, 0x0000, 0x9CF2, 0x9CF2, 0x9CF2, 0x0000, 0x9CF2, 0x9CF2, 0x9CF2, 0x0000,   // 0x0170 (368) pixels
0x0000, 0x0000, 0x0000, 0x0000, 0x0000, 0x0000, 0x0000, 0x0000, 0x0000, 0x0000, 0x0000, 0x0000, 0x0000, 0x0000, 0x0000, 0x0000,   // 0x0180 (384) pixels
0x0000, 0x0000, 0x0000, 0x0000, 0x0000, 0x0000, 0x0000, 0x0000, 0x0000, 0x0000, 0x0000, 0x0000, 0x0000, 0x0000, 0x0000, 0x0000,   // 0x0190 (400) pixels
0x0000, 0x0000, 0x0000, 0x0000, 0x0000, 0x0000, 0x0000, 0x0000, 0x0000, 0x0000, 0x0000, 0x0000, 0x0000, 0x0000, 0x0000, 0x0000,   // 0x01A0 (416) pixels
0x0000, 0x0000, 0x0000, 0x0000, 0x0000, 0x0000, 0x0000, 0x0000, 0x0000, 0x0000, 0x0000, 0x0000, 0x0000, 0x0000, 0x0000, 0x0000,   // 0x01B0 (432) pixels
0x0000, 0x0000, 0x0000, 0x0000, 0x0000, 0x0000, 0x0000, 0x0000, 0x0000, 0x0000, 0x0000, 0x0000, 0x0000, 0x0000, 0x0000, 0x0000,   // 0x01C0 (448) pixels
0x0000, 0x0000, 0x0000, 0x0000, 0x0000, 0x0000, 0x0000, 0x0000, 0x0000, 0x0000, 0x0000, 0x0000, 0x0000, 0x0000, 0x0000, 0x0000,   // 0x01D0 (464) pixels
0x0000, 0x0000, 0x0000, 0x0000, 0x0000, 0x0000, 0x0000, 0x0000, 0x0000, 0x0000, 0x0000, 0x0000, 0x0000, 0x0000, 0x0000, 0x0000,   // 0x01E0 (480) pixels
0x0000, 0x0000, 0x0000, 0x0000, 0x0000, 0x0000, 0x0000, 0x0000, 0x0000, 0x0000, 0x0000, 0x0000, 0x0000, 0x0000, 0x0000, 0x0000,   // 0x01F0 (496) pixels
0x0000, 0x0000, 0x0000, 0x0000, 0x0000, 0x0000, 0x0000, 0x0000, 0x0000, 0x0000, 0x0000, 0x0000, 0x0000, 0x0000, 0x0000, 0x0000,   // 0x0200 (512) pixels
0x0000, 0x0000, 0x0000, 0x0000, 0x0000, 0x0000, 0x0000, 0x0000, 0x0000, 0x0000, 0x0000, 0x0000, 0x0000, 0x0000, 0x0000, 0x0000,   // 0x0210 (528) pixels
0x0000, 0x0000, 0x0000, 0x0000, 0x0000, 0x0000, 0x0000, 0x0000, 0x0000, 0x0000, 0x0000, 0x0000, 0x0000, 0x0000, 0x0000, 0x0000,   // 0x0220 (544) pixels
0x0000, 0x0000, 0x0000, 0x0000, 0x0000, 0x0000, 0x0000, 0x0000, 0x0000, 0x0000, 0x0000, 0x0000, 0x0000, 0x0000, 0x0000, 0x0000,   // 0x0230 (560) pixels
0x0000, 0x0000, 0x0000, 0x0000, 0x0000, 0x0000, 0x0000, 0x0000, 0x0000, 0x0000, 0x0000, 0x0000, 0x0000, 0x0000, 0x0000, 0x0000,   // 0x0240 (576) pixels
0x0000, 0x0000, 0x0000, 0x0000, 0x0000, 0x0000, 0x0000, 0x0000, 0x0000, 0x0000, 0x0000, 0x0000, 0x0000, 0x0000, 0x0000, 0x0000,   // 0x0250 (592) pixels
0x0000, 0x0000, 0x0000, 0x0000, 0x0000, 0x0000, 0x0000, 0x0000, 0x0000, 0x0000, 0x0000, 0x0000, 0x0000, 0x0000, 0x0000, 0x0000,   // 0x0260 (608) pixels
0x0000
};

const unsigned short CloudyRainLarge[609] PROGMEM={
0x9CF2, 0x9CF2, 0x9CF2, 0x9CF2, 0x9CF2, 0x9CF2, 0x9CF2, 0x9CF2, 0x9CF2, 0x9CF2, 0x9CF2, 0x0000, 0x0000, 0x0020, 0x0000, 0x0000,   // 0x0010 (16) pixels
0x0000, 0x0020, 0x0000, 0x0000, 0x9CF2, 0x9CF2, 0x9CF2, 0x9CF2, 0x9CF2, 0x9CF2, 0x9CF2, 0x9CF2, 0x0000, 0x9CF2, 0x9CF2, 0x9CF2,   // 0x0020 (32) pixels
0x9CF2, 0x9CF2, 0x9CF2, 0x9CF2, 0x9CF2, 0x9CF2, 0x9CF2, 0x9CF2, 0x9CF2, 0x0000, 0x0000, 0x0000, 0x0000, 0x0000, 0x0000, 0x0000,   // 0x0030 (48) pixels
0x9CF2, 0x9CF2, 0x9CF2, 0x9CF2, 0x9CF2, 0x9CF2, 0x9CF2, 0x9CF2, 0x9CF2, 0x9CF2, 0x9CF2, 0x9CF2, 0x9CF2, 0x9CF2, 0x9CF2, 0x9CF2,   // 0x0040 (64) pixels
0x9CF2, 0x9CF2, 0x9CF2, 0x9CF2, 0x9CF2, 0x9CF2, 0x9CF2, 0x9CF2, 0x9CF2, 0x9CF2, 0x9CF2, 0x0000, 0x9CF2, 0x9CF2, 0x9CF2, 0x9CF2,   // 0x0050 (80) pixels
0x9CF2, 0x9CF2, 0x9CF2, 0x0000, 0x0000, 0x9CF2, 0x9CF2, 0x9CF2, 0x9CF2, 0x9CF2, 0x9CF2, 0x9CF2, 0x0000, 0x9CF2, 0x9CF2, 0x9CF2,   // 0x0060 (96) pixels
0x9CF2, 0x9CF2, 0x9CF2, 0x9CF2, 0x9CF2, 0x9CF2, 0x9CF2, 0x9CF2, 0x0000, 0x9CF2, 0x9CF2, 0x9CF2, 0x9CF2, 0x9CF2, 0x9CF2, 0x9CF2,   // 0x0070 (112) pixels
0x0000, 0x9CF2, 0x9CF2, 0x9CF2, 0x9CF2, 0x9CF2, 0x9CF2, 0x9CF2, 0x9CF2, 0x9CF2, 0x0000, 0x9CF2, 0x9CF2, 0x9CF2, 0x9CF2, 0x9CF2,   // 0x0080 (128) pixels
0x0000, 0x9CF2, 0x9CF2, 0x9CF2, 0x9CF2, 0x9CF2, 0x0000, 0x9CF2, 0x9CF2, 0x9CF2, 0x9CF2, 0x9CF2, 0x9CF2, 0x0000, 0x9CF2, 0x9CF2,   // 0x0090 (144) pixels
0x9CF2, 0x9CF2, 0x9CF2, 0x9CF2, 0x9CF2, 0x9CF2, 0x9CF2, 0x0000, 0x9CF2, 0x9CF2, 0x9CF2, 0x0000, 0x0000, 0x9CF2, 0x9CF2, 0x9CF2,   // 0x00A0 (160) pixels
0x9CF2, 0x9CF2, 0x9CF2, 0x0000, 0x9CF2, 0x9CF2, 0x9CF2, 0x9CF2, 0x0000, 0x0000, 0x9CF2, 0x9CF2, 0x9CF2, 0x9CF2, 0x9CF2, 0x9CF2,   // 0x00B0 (176) pixels
0x9CF2, 0x9CF2, 0x9CF2, 0x0000, 0x9CF2, 0x0000, 0x0000, 0x0000, 0x9CF2, 0x9CF2, 0x9CF2, 0x9CF2, 0x9CF2, 0x9CF2, 0x9CF2, 0x9CF2,   // 0x00C0 (192) pixels
0x9CF2, 0x0000, 0x0000, 0x0000, 0x0000, 0x0000, 0x9CF2, 0x9CF2, 0x9CF2, 0x9CF2, 0x0000, 0x9CF2, 0x9CF2, 0x9CF2, 0x9CF2, 0x0000,   // 0x00D0 (208) pixels
0x0000, 0x9CF2, 0x9CF2, 0x9CF2, 0x9CF2, 0x9CF2, 0x9CF2, 0x9CF2, 0x9CF2, 0x9CF2, 0x9CF2, 0x9CF2, 0x9CF2, 0x9CF2, 0x9CF2, 0x9CF2,   // 0x00E0 (224) pixels
0x9CF2, 0x9CF2, 0x0000, 0x9CF2, 0x9CF2, 0x9CF2, 0x0000, 0x0000, 0x0000, 0x0000, 0x0000, 0x0000, 0x0000, 0x0000, 0x0000, 0x9CF2,   // 0x00F0 (240) pixels
0x9CF2, 0x9CF2, 0x9CF2, 0x9CF2, 0x9CF2, 0x9CF2, 0x9CF2, 0x9CF2, 0x9CF2, 0x9CF2, 0x9CF2, 0x9CF2, 0x9CF2, 0x9CF2, 0x9CF2, 0x0000,   // 0x0100 (256) pixels
0x0000, 0x9CF2, 0x0000, 0x0000, 0x0000, 0x0000, 0x001F, 0x0000, 0x0000, 0x0000, 0x0000, 0x0000, 0x9CF2, 0x9CF2, 0x9CF2, 0x9CF2,   // 0x0110 (272) pixels
0x9CF2, 0x9CF2, 0x0000, 0x9CF2, 0x9CF2, 0x9CF2, 0x9CF2, 0x9CF2, 0x9CF2, 0x9CF2, 0x0000, 0x9CF2, 0x9CF2, 0x0000, 0x0000, 0x0000,   // 0x0120 (288) pixels
0x0000, 0x0000, 0x0000, 0x0000, 0x0000, 0x0000, 0x0000, 0x0000, 0x0000, 0x0000, 0x9CF2, 0x9CF2, 0x9CF2, 0x9CF2, 0x9CF2, 0x0000,   // 0x0130 (304) pixels
0x0000, 0x9CF2, 0x9CF2, 0x9CF2, 0x9CF2, 0x9CF2, 0x9CF2, 0x0000, 0x9CF2, 0x9CF2, 0x9CF2, 0x0000, 0x0000, 0x0000, 0x0000, 0x0000,   // 0x0140 (320) pixels
0x0000, 0x001F, 0x0000, 0x0000, 0x001F, 0x0000, 0x0000, 0x0000, 0x9CF2, 0x9CF2, 0x9CF2, 0x9CF2, 0x9CF2, 0x0000, 0x0000, 0x9CF2,   // 0x0150 (336) pixels
0x9CF2, 0x9CF2, 0x9CF2, 0x0000, 0x0000, 0x9CF2, 0x9CF2, 0x0000, 0x0000, 0x0000, 0x0000, 0x001F, 0x0000, 0x0000, 0x0000, 0x0000,   // 0x0160 (352) pixels
0x0000, 0x0000, 0x0000, 0x0000, 0x0000, 0x0000, 0x0000, 0x0000, 0x9CF2, 0x9CF2, 0x9CF2, 0x0000, 0x9CF2, 0x9CF2, 0x9CF2, 0x0000,   // 0x0170 (368) pixels
0x0000, 0x0000, 0x0000, 0x0000, 0x0000, 0x001F, 0x0000, 0x0000, 0x0000, 0x0000, 0x0000, 0x0000, 0x0000, 0x0000, 0x0000, 0x001F,   // 0x0180 (384) pixels
0x0000, 0x0000, 0x001F, 0x0000, 0x0000, 0x0000, 0x0000, 0x0000, 0x0000, 0x0000, 0x0000, 0x0000, 0x0000, 0x0000, 0x001F, 0x0000,   // 0x0190 (400) pixels
0x0000, 0x0000, 0x0000, 0x0000, 0x0000, 0x0000, 0x0000, 0x0000, 0x0000, 0x001F, 0x0000, 0x0000, 0x0000, 0x0000, 0x0000, 0x0000,   // 0x01A0 (416) pixels
0x0000, 0x0000, 0x0000, 0x0000, 0x001F, 0x0000, 0x0000, 0x0000, 0x0000, 0x0000, 0x0000, 0x0000, 0x0000, 0x0000, 0x0000, 0x0000,   // 0x01B0 (432) pixels
0x001F, 0x0000, 0x0000, 0x0000, 0x0000, 0x0000, 0x0000, 0x0000, 0x0000, 0x0000, 0x001F, 0x0000, 0x0000, 0x001F, 0x0000, 0x0000,   // 0x01C0 (448) pixels
0x0000, 0x0000, 0x0000, 0x0000, 0x0000, 0x001F, 0x0000, 0x0000, 0x0000, 0x001F, 0x0000, 0x0000, 0x0000, 0x0000, 0x001F, 0x0000,   // 0x01D0 (464) pixels
0x0000, 0x0000, 0x0000, 0x0000, 0x0000, 0x0000, 0x0000, 0x0000, 0x0000, 0x0000, 0x0000, 0x0000, 0x0000, 0x0000, 0x0000, 0x001F,   // 0x01E0 (480) pixels
0x0000, 0x0000, 0x0000, 0x001F, 0x0000, 0x0000, 0x0000, 0x0000, 0x0000, 0x0000, 0x0000, 0x0000, 0x0000, 0x0000, 0x0000, 0x0000,   // 0x01F0 (496) pixels
0x0000, 0x001F, 0x0000, 0x0000, 0x0000, 0x0000, 0x0000, 0x0000, 0x001F, 0x0000, 0x0000, 0x0000, 0x0000, 0x0000, 0x0000, 0x0000,   // 0x0200 (512) pixels
0x0000, 0x0000, 0x0000, 0x0000, 0x001F, 0x0000, 0x0000, 0x0000, 0x0000, 0x0000, 0x0000, 0x0000, 0x0000, 0x0000, 0x0000, 0x0000,   // 0x0210 (528) pixels
0x0000, 0x0000, 0x0000, 0x0000, 0x0000, 0x0000, 0x0000, 0x0000, 0x0000, 0x0000, 0x001F, 0x0000, 0x0000, 0x0000, 0x0000, 0x0000,   // 0x0220 (544) pixels
0x0000, 0x0000, 0x0000, 0x0000, 0x0000, 0x0000, 0x0000, 0x0000, 0x0000, 0x0000, 0x0000, 0x0000, 0x0000, 0x0000, 0x0000, 0x0000,   // 0x0230 (560) pixels
0x0000, 0x0000, 0x0000, 0x0000, 0x0000, 0x0000, 0x0000, 0x0000, 0x0000, 0x0000, 0x0000, 0x0000, 0x0000, 0x0000, 0x0000, 0x0000,   // 0x0240 (576) pixels
0x001F, 0x0000, 0x0000, 0x0000, 0x0000, 0x0000, 0x0000, 0x0000, 0x0000, 0x0000, 0x0000, 0x0000, 0x0000, 0x0000, 0x0000, 0x0000,   // 0x0250 (592) pixels
0x0000, 0x0000, 0x0000, 0x0000, 0x0000, 0x0000, 0x0000, 0x0000, 0x0000, 0x0000, 0x0000, 0x0000, 0x0000, 0x0000, 0x0000, 0x0000,   // 0x0260 (608) pixels
0x0000
};


const unsigned short StormyLarge[609] PROGMEM={
0x9CF2, 0x9CF2, 0x9CF2, 0x9CF2, 0x9CF2, 0x9CF2, 0x9CF2, 0x9CF2, 0x9CF2, 0x9CF2, 0x9CF2, 0x0000, 0x0000, 0x0020, 0x0000, 0x0000,   // 0x0010 (16) pixels
0x0000, 0x0020, 0x0000, 0x0000, 0x9CF2, 0x9CF2, 0x9CF2, 0x9CF2, 0x9CF2, 0x9CF2, 0x9CF2, 0x9CF2, 0x0000, 0x9CF2, 0x9CF2, 0x9CF2,   // 0x0020 (32) pixels
0x9CF2, 0x9CF2, 0x9CF2, 0x9CF2, 0x9CF2, 0x9CF2, 0x9CF2, 0x9CF2, 0x9CF2, 0x0000, 0x0000, 0x0000, 0x0000, 0x0000, 0x0000, 0x0000,   // 0x0030 (48) pixels
0x9CF2, 0x9CF2, 0x9CF2, 0x9CF2, 0x9CF2, 0x9CF2, 0x9CF2, 0x9CF2, 0x9CF2, 0x9CF2, 0x9CF2, 0x9CF2, 0x9CF2, 0x9CF2, 0x9CF2, 0x9CF2,   // 0x0040 (64) pixels
0x9CF2, 0x9CF2, 0x9CF2, 0x9CF2, 0x9CF2, 0x9CF2, 0x9CF2, 0x9CF2, 0x9CF2, 0x9CF2, 0x9CF2, 0x0000, 0x9CF2, 0x9CF2, 0x9CF2, 0x9CF2,   // 0x0050 (80) pixels
0x9CF2, 0x9CF2, 0x9CF2, 0x0000, 0x0000, 0x9CF2, 0x9CF2, 0x9CF2, 0x9CF2, 0x9CF2, 0x9CF2, 0x9CF2, 0x0000, 0x9CF2, 0x9CF2, 0x9CF2,   // 0x0060 (96) pixels
0x9CF2, 0x9CF2, 0x9CF2, 0x9CF2, 0x9CF2, 0x9CF2, 0x9CF2, 0x9CF2, 0x0000, 0x9CF2, 0x9CF2, 0x9CF2, 0x9CF2, 0x9CF2, 0x9CF2, 0x9CF2,   // 0x0070 (112) pixels
0x0000, 0x9CF2, 0x9CF2, 0x9CF2, 0x9CF2, 0x9CF2, 0x9CF2, 0x9CF2, 0x9CF2, 0x9CF2, 0x0000, 0x9CF2, 0x9CF2, 0x9CF2, 0x9CF2, 0x9CF2,   // 0x0080 (128) pixels
0x0000, 0x9CF2, 0x9CF2, 0x9CF2, 0x9CF2, 0x9CF2, 0x0000, 0x9CF2, 0x9CF2, 0x9CF2, 0x9CF2, 0x9CF2, 0x9CF2, 0x0000, 0x9CF2, 0x9CF2,   // 0x0090 (144) pixels
0x9CF2, 0x9CF2, 0x9CF2, 0x9CF2, 0x9CF2, 0x9CF2, 0x9CF2, 0x0000, 0x9CF2, 0x9CF2, 0x9CF2, 0x0000, 0x0000, 0x9CF2, 0x9CF2, 0x9CF2,   // 0x00A0 (160) pixels
0x9CF2, 0x9CF2, 0x9CF2, 0x0000, 0x9CF2, 0x9CF2, 0x9CF2, 0x9CF2, 0x0000, 0x0000, 0x9CF2, 0x9CF2, 0x9CF2, 0x9CF2, 0x9CF2, 0x9CF2,   // 0x00B0 (176) pixels
0x9CF2, 0x9CF2, 0x9CF2, 0x0000, 0x9CF2, 0x0000, 0x0000, 0x0000, 0x9CF2, 0x9CF2, 0x9CF2, 0x9CF2, 0x9CF2, 0x9CF2, 0x9CF2, 0x9CF2,   // 0x00C0 (192) pixels
0x9CF2, 0x0000, 0x0000, 0x0000, 0x0000, 0x0000, 0x9CF2, 0x9CF2, 0x9CF2, 0x9CF2, 0x0000, 0x9CF2, 0x9CF2, 0x9CF2, 0x9CF2, 0x0000,   // 0x00D0 (208) pixels
0x0000, 0x9CF2, 0x9CF2, 0x9CF2, 0x9CF2, 0x9CF2, 0x9CF2, 0x9CF2, 0x9CF2, 0x9CF2, 0x9CF2, 0x9CF2, 0x9CF2, 0x9CF2, 0x9CF2, 0x9CF2,   // 0x00E0 (224) pixels
0x9CF2, 0x9CF2, 0x0000, 0x9CF2, 0x9CF2, 0x9CF2, 0x0000, 0x0000, 0x0000, 0x0000, 0x0000, 0x0000, 0x0000, 0x0000, 0x0000, 0x9CF2,   // 0x00F0 (240) pixels
0x9CF2, 0x9CF2, 0x9CF2, 0x9CF2, 0x9CF2, 0x9CF2, 0x9CF2, 0x9CF2, 0x9CF2, 0x9CF2, 0x9CF2, 0x9CF2, 0x9CF2, 0x9CF2, 0x9CF2, 0x0000,   // 0x0100 (256) pixels
0x0000, 0x9CF2, 0x0000, 0x0000, 0x0000, 0x0000, 0x001F, 0xFFE0, 0xFFE0, 0xFFE0, 0xFFE0, 0x0000, 0x9CF2, 0x9CF2, 0x9CF2, 0x9CF2,   // 0x0110 (272) pixels
0x9CF2, 0x9CF2, 0x0000, 0x9CF2, 0x9CF2, 0x9CF2, 0x9CF2, 0x9CF2, 0x9CF2, 0x0000, 0x0000, 0x0000, 0x0000, 0x0000, 0x0000, 0x0000,   // 0x0120 (288) pixels
0x0000, 0x0000, 0x0000, 0x0000, 0x0000, 0xFFE0, 0xFFE0, 0xFFE0, 0x0000, 0x0000, 0x9CF2, 0x9CF2, 0x9CF2, 0x9CF2, 0x9CF2, 0x0000,   // 0x0130 (304) pixels
0x0000, 0x9CF2, 0x9CF2, 0x9CF2, 0x0000, 0x0000, 0x0000, 0x0000, 0x0000, 0x0000, 0x0000, 0x0000, 0x0000, 0x0000, 0x0000, 0x0000,   // 0x0140 (320) pixels
0x0000, 0x001F, 0x0000, 0xFFE0, 0xFFE0, 0x0000, 0x0000, 0x0000, 0x9CF2, 0x9CF2, 0x9CF2, 0x9CF2, 0x9CF2, 0x0000, 0x0000, 0x9CF2,   // 0x0150 (336) pixels
0x9CF2, 0x0000, 0x0000, 0xFFE0, 0xFFE0, 0x0000, 0x0000, 0x0000, 0x0000, 0x0000, 0x0000, 0x001F, 0x0000, 0x0000, 0x0000, 0x0000,   // 0x0160 (352) pixels
0xFFE0, 0xFFE0, 0x0000, 0x0000, 0x0000, 0x0000, 0x0000, 0x0000, 0x0000, 0x0000, 0x0000, 0x0000, 0x0000, 0x0000, 0x9CF2, 0xFFE0,   // 0x0170 (368) pixels
0xFFE0, 0xFFE0, 0xFFE0, 0x0000, 0x0000, 0x0000, 0x0000, 0x0000, 0x0000, 0x0000, 0x0000, 0x0000, 0x0000, 0x0000, 0xFFE0, 0x001F,   // 0x0180 (384) pixels
0x0000, 0x0000, 0x001F, 0x0000, 0x0000, 0xFFE0, 0xFFE0, 0x0000, 0x0000, 0x0000, 0x0000, 0x0000, 0x0000, 0x0000, 0x0000, 0xFFE0,   // 0x0190 (400) pixels
0xFFE0, 0x0000, 0x0000, 0x0000, 0x0000, 0x0000, 0x0000, 0x0000, 0x0000, 0x001F, 0xFFE0, 0xFFE0, 0xFFE0, 0x0000, 0x0000, 0x0000,   // 0x01A0 (416) pixels
0x0000, 0x0000, 0x0000, 0xFFE0, 0x0000, 0x0000, 0x0000, 0x0000, 0x0000, 0x0000, 0x0000, 0x0000, 0x0000, 0xFFE0, 0x0000, 0x0000,   // 0x01B0 (432) pixels
0x0000, 0x0000, 0x0000, 0x0000, 0x0000, 0x0000, 0x0000, 0x0000, 0xFFE0, 0xFFE0, 0x001F, 0x0000, 0x0000, 0x001F, 0x0000, 0x0000,   // 0x01C0 (448) pixels
0xFFE0, 0xFFE0, 0x0000, 0x0000, 0x0000, 0x001F, 0x0000, 0x0000, 0x0000, 0x0000, 0xFFE0, 0x0000, 0x0000, 0x0000, 0x001F, 0x0000,   // 0x01D0 (464) pixels
0x0000, 0x0000, 0x0000, 0x0000, 0x0000, 0x0000, 0xFFE0, 0xFFE0, 0x0000, 0x0000, 0x0000, 0x0000, 0x0000, 0x0000, 0xFFE0, 0xFFE0,   // 0x01E0 (480) pixels
0x0000, 0x0000, 0x0000, 0x001F, 0x0000, 0x0000, 0x0000, 0x0000, 0xFFE0, 0x0000, 0x0000, 0x0000, 0x0000, 0x0000, 0x0000, 0x0000,   // 0x01F0 (496) pixels
0x0000, 0x001F, 0x0000, 0x0000, 0xFFE0, 0x0000, 0x0000, 0x0000, 0x001F, 0x0000, 0x0000, 0x0000, 0xFFE0, 0xFFE0, 0x0000, 0x0000,   // 0x0200 (512) pixels
0x0000, 0x0000, 0x0000, 0x0000, 0x0000, 0x0000, 0x0000, 0x0000, 0x0000, 0x0000, 0x0000, 0x0000, 0x0000, 0x0000, 0x0000, 0x0000,   // 0x0210 (528) pixels
0x0000, 0xFFE0, 0x0000, 0x0000, 0x0000, 0x0000, 0x0000, 0x0000, 0x0000, 0x0000, 0xFFE0, 0x0000, 0x0000, 0x0000, 0x0000, 0x0000,   // 0x0220 (544) pixels
0x0000, 0x0000, 0x0000, 0x0000, 0x0000, 0x0000, 0x0000, 0x0000, 0x0000, 0x0000, 0x0000, 0x0000, 0x0000, 0x0000, 0x0000, 0x0000,   // 0x0230 (560) pixels
0x0000, 0x0000, 0x0000, 0x0000, 0x0000, 0x0000, 0x0000, 0x0000, 0x0000, 0x0000, 0x0000, 0x0000, 0x0000, 0x0000, 0x0000, 0x0000,   // 0x0240 (576) pixels
0x0000, 0x0000, 0x0000, 0x0000, 0x0000, 0x0000, 0x0000, 0x0000, 0x0000, 0x0000, 0x0000, 0x0000, 0x0000, 0x0000, 0x0000, 0x0000,   // 0x0250 (592) pixels
0x0000, 0x0000, 0x0000, 0x0000, 0x0000, 0x0000, 0x0000, 0x0000, 0x0000, 0x0000, 0x0000, 0x0000, 0x0000, 0x0000, 0x0000, 0x0000,   // 0x0260 (608) pixels
0x0000
};


const unsigned short ClearNightLarge[609] PROGMEM={
0x0000, 0x0000, 0x0000, 0x0000, 0x10A2, 0x73AE, 0xDEF9, 0xE71B, 0xE71C, 0xDEFB, 0xDEFB, 0xDEFB, 0xDEFB, 0xE71C, 0xE71C, 0xE71C,   // 0x0010 (16) pixels
0xE71C, 0xE71C, 0xE71C, 0xE71C, 0xE71B, 0xDEF9, 0x6B6D, 0x1082, 0x0000, 0x0000, 0x0000, 0x0000, 0x0000, 0x0000, 0x0000, 0x0000,   // 0x0020 (32) pixels
0x0020, 0x39E7, 0xBDD5, 0xE71B, 0xDEFB, 0xD6BA, 0xD69A, 0xCE79, 0xCE79, 0xD69A, 0xDEFB, 0xE71C, 0xE71C, 0xE71C, 0xE71C, 0xDEFB,   // 0x0030 (48) pixels
0xDEFB, 0xDEFB, 0xE71B, 0xB5B4, 0x39C7, 0x0020, 0x0000, 0x0000, 0x0000, 0x0000, 0x0000, 0x0000, 0x0000, 0x0861, 0x6B4D, 0xDED9,   // 0x0040 (64) pixels
0xDEFB, 0xD6BA, 0xCE59, 0xC638, 0xC638, 0xC638, 0xC638, 0xD69A, 0xE71C, 0xE71C, 0xE71C, 0xE71C, 0xDEDB, 0xD69A, 0xDEDB, 0xDEFB,   // 0x0050 (80) pixels
0xDED8, 0x630C, 0x0861, 0x0000, 0x0000, 0x0000, 0x0000, 0x0000, 0x0000, 0x0000, 0x18E3, 0x8C51, 0xE71B, 0xDEDB, 0xCE59, 0xC638,   // 0x0060 (96) pixels
0xC638, 0xC638, 0xC638, 0xC638, 0xD6BA, 0xE71C, 0xE71C, 0xE71C, 0xE71C, 0xDEDB, 0xCE79, 0xD6BA, 0xDEFB, 0xE71B, 0x8410, 0x18C3,   // 0x0070 (112) pixels
0x0000, 0x0000, 0x0000, 0x0000, 0x0000, 0x0000, 0x0000, 0x2945, 0x94B2, 0xDEFB, 0xD69A, 0xC638, 0xC638, 0xC638, 0xC638, 0xC638,   // 0x0080 (128) pixels
0xD69A, 0xDEFB, 0xE71C, 0xE71C, 0xE71C, 0xE71C, 0xDEFB, 0xDEDB, 0xDEFB, 0xE71C, 0xE71B, 0x9492, 0x2124, 0x0000, 0x0000, 0x0000,   // 0x0090 (144) pixels
0x0000, 0x0000, 0x0000, 0x0000, 0x2965, 0x9CD3, 0xDEFB, 0xCE79, 0xC638, 0xC638, 0xC638, 0xC638, 0xCE79, 0xDEDB, 0xE71C, 0xE71C,   // 0x00A0 (160) pixels
0xE71C, 0xE71C, 0xDEFB, 0xDEDB, 0xDEFB, 0xE71C, 0xE71C, 0xE71B, 0x94B2, 0x2945, 0x0000, 0x0000, 0x0000, 0x0000, 0x0000, 0x0000,   // 0x00B0 (176) pixels
0x0000, 0x2945, 0x9CD3, 0xDEFB, 0xD69A, 0xC638, 0xC638, 0xC638, 0xCE79, 0xDEDB, 0xDEFB, 0xE71C, 0xE71C, 0xE71C, 0xDEFB, 0xD69A,   // 0x00C0 (192) pixels
0xCE59, 0xD6BA, 0xDEFB, 0xE71C, 0xE71B, 0x9492, 0x2124, 0x0000, 0x0000, 0x0000, 0x0000, 0x0000, 0x0000, 0x0000, 0x18E3, 0x8C51,   // 0x00D0 (208) pixels
0xDEFB, 0xDEFB, 0xD6BA, 0xD6BA, 0xD6BA, 0xDEFB, 0xE71C, 0xE71C, 0xE71C, 0xE71C, 0xE71C, 0xDEFB, 0xCE79, 0xC638, 0xCE59, 0xDEDB,   // 0x00E0 (224) pixels
0xE71C, 0xDEFB, 0x8410, 0x18C3, 0x0000, 0x0000, 0x0000, 0x0000, 0x0000, 0x0000, 0x0000, 0x0861, 0x6B4D, 0xD699, 0xE71C, 0xE71C,   // 0x00F0 (240) pixels
0xE71C, 0xE71C, 0xE71C, 0xE71C, 0xE71C, 0xE71C, 0xE71C, 0xE71C, 0xDEFB, 0xD69A, 0xC638, 0xC638, 0xD6BA, 0xE71C, 0xCE78, 0x630C,   // 0x0100 (256) pixels
0x0861, 0x0000, 0x0000, 0x0000, 0x0000, 0x0000, 0x0000, 0x0000, 0x0020, 0x39E7, 0xAD55, 0xE71C, 0xE71C, 0xE71C, 0xDEFB, 0xDEFB,   // 0x0110 (272) pixels
0xDEDB, 0xDEFB, 0xE71C, 0xE71C, 0xE71C, 0xE71C, 0xDEDB, 0xCE79, 0xCE79, 0xDEDB, 0xE71C, 0xA534, 0x39C7, 0x0020, 0x0000, 0x0000,   // 0x0120 (288) pixels
0x0000, 0x0000, 0x0000, 0x0000, 0x0000, 0x0000, 0x10A2, 0x73AE, 0xD699, 0xE71C, 0xE71C, 0xDEFB, 0xD6BA, 0xCE79, 0xDEDB, 0xE71C,   // 0x0130 (304) pixels
0xE71C, 0xE71C, 0xE71C, 0xDEFB, 0xDEFB, 0xDEFB, 0xDEFB, 0xD699, 0x738E, 0x10A2, 0x0000, 0x0000, 0x0000, 0x0000, 0x0000, 0x0000,   // 0x0140 (320) pixels
0x0000, 0x0000, 0x0000, 0x0020, 0x3186, 0x9CD3, 0xDEFB, 0xE71C, 0xDEFB, 0xDEDB, 0xD69A, 0xDEDB, 0xE71C, 0xE71C, 0xE71C, 0xE71C,   // 0x0150 (336) pixels
0xE71C, 0xE71C, 0xE71C, 0xDEFB, 0x94B2, 0x2965, 0x0020, 0x0000, 0x0000, 0x0000, 0x0000, 0x0000, 0x0000, 0x0000, 0x0000, 0x0000,   // 0x0160 (352) pixels
0x0000, 0x0841, 0x39E7, 0xA514, 0xDEFB, 0xE71C, 0xDEFB, 0xDEFB, 0xDEFB, 0xE71C, 0xE71C, 0xE71C, 0xE71C, 0xE71C, 0xE71C, 0xDEFB,   // 0x0170 (368) pixels
0x9CD3, 0x39C7, 0x0841, 0x0000, 0x0000, 0x0000, 0x0000, 0x0000, 0x0000, 0x0000, 0x0000, 0x0000, 0x0000, 0x0000, 0x0000, 0x0841,   // 0x0180 (384) pixels
0x31A6, 0x8C71, 0xCE79, 0xE71C, 0xE71C, 0xE71C, 0xE71C, 0xE71C, 0xE71C, 0xE71C, 0xE71C, 0xCE79, 0x8430, 0x3186, 0x0841, 0x0000,   // 0x0190 (400) pixels
0x0000, 0x0000, 0x0000, 0x0000, 0x0000, 0x0000, 0x0000, 0x0000, 0x0000, 0x0000, 0x0000, 0x0000, 0x0000, 0x0020, 0x18E3, 0x528A,   // 0x01A0 (416) pixels
0x9492, 0xC638, 0xDEDB, 0xE71C, 0xDEFB, 0xDEDB, 0xC618, 0x8C71, 0x4A69, 0x18C3, 0x0020, 0x0000, 0x0000, 0x0000, 0x0000, 0x0000,   // 0x01B0 (432) pixels
0x0000, 0x0000, 0x0000, 0x0000, 0x0000, 0x0000, 0x0000, 0x0000, 0x0000, 0x0000, 0x0000, 0x0000, 0x0020, 0x10A2, 0x2965, 0x4208,   // 0x01C0 (448) pixels
0x528A, 0x528A, 0x4208, 0x2945, 0x10A2, 0x0020, 0x0000, 0x0000, 0x0000, 0x0000, 0x0000, 0x0000, 0x0000, 0x0000, 0x0000, 0x0000,   // 0x01D0 (464) pixels
0x0000, 0x0000, 0x0000, 0x0000, 0x0000, 0x0000, 0x0000, 0x0000, 0x0000, 0x0000, 0x0000, 0x0000, 0x0020, 0x0020, 0x0020, 0x0000,   // 0x01E0 (480) pixels
0x0000, 0x0000, 0x0000, 0x0000, 0x0000, 0x0000, 0x0000, 0x0000, 0x0000, 0x0000, 0x0000, 0x0000, 0x0000, 0x0000, 0x0000, 0x0000,   // 0x01F0 (496) pixels
0x0000, 0x0000, 0x0000, 0x0000, 0x0000, 0x0000, 0x0000, 0x0000, 0x0000, 0x0000, 0x0000, 0x0000, 0x0000, 0x0000, 0x0000, 0x0000,   // 0x0200 (512) pixels
0x0000, 0x0000, 0x0000, 0x0000, 0x0000, 0x0000, 0x0000, 0x0000, 0x0000, 0x0000, 0x0000, 0x0000, 0x0000, 0x0000, 0x0000, 0x0000,   // 0x0210 (528) pixels
0x0000, 0x0000, 0x0000, 0x0000, 0x0000, 0x0000, 0x0000, 0x0000, 0x0000, 0x0000, 0x0000, 0x0000, 0x0000, 0x0000, 0x0000, 0x0000,   // 0x0220 (544) pixels
0x0000, 0x0000, 0x0000, 0x0000, 0x0000, 0x0000, 0x0000, 0x0000, 0x0000, 0x0000, 0x0000, 0x0000, 0x0000, 0x0000, 0x0000, 0x0000,   // 0x0230 (560) pixels
0x0000, 0x0000, 0x0000, 0x0000, 0x0000, 0x0000, 0x0000, 0x0000, 0x0000, 0x0000, 0x0000, 0x0000, 0x0000, 0x0000, 0x0000, 0x0000,   // 0x0240 (576) pixels
0x0000, 0x0000, 0x0000, 0x0000, 0x0000, 0x0000, 0x0000, 0x0000, 0x0000, 0x0000, 0x0000, 0x0000, 0x0000, 0x0000, 0x0000, 0x0000,   // 0x0250 (592) pixels
0x0000, 0x0000, 0x0000, 0x0000, 0x0000, 0x0000, 0x0000, 0x0000, 0x0000, 0x0000, 0x0000, 0x0000, 0x0000, 0x0000, 0x0000, 0x0000,   // 0x0260 (608) pixels
0x0000
};


const unsigned short PartlyCloudyNightLarge[609] PROGMEM={
0x9CF2, 0x9CF2, 0x9CF2, 0x9CF2, 0x9CF2, 0x9CF2, 0x9CF2, 0x9CF2, 0x9CF2, 0x9CF2, 0x9CF2, 0x0000, 0xDEFB, 0xE71B, 0xE71B, 0xE71B,   // 0x0010 (16) pixels
0xE71C, 0xE71B, 0xE71C, 0x0000, 0x9CF2, 0x9CF2, 0x9CF2, 0x9CF2, 0x9CF2, 0x9CF2, 0x9CF2, 0x9CF2, 0x0000, 0x9CF2, 0x9CF2, 0x9CF2,   // 0x0020 (32) pixels
0x9CF2, 0x9CF2, 0x9CF2, 0x9CF2, 0x9CF2, 0x9CF2, 0x9CF2, 0x9CF2, 0x9CF2, 0x0000, 0xDEFB, 0xE71C, 0xE71C, 0xE71C, 0xE71C, 0x0000,   // 0x0030 (48) pixels
0x9CF2, 0x9CF2, 0x9CF2, 0x9CF2, 0x9CF2, 0x9CF2, 0x9CF2, 0x9CF2, 0x9CF2, 0x9CF2, 0x9CF2, 0x9CF2, 0x9CF2, 0x9CF2, 0x9CF2, 0x9CF2,   // 0x0040 (64) pixels
0x9CF2, 0x9CF2, 0x9CF2, 0x9CF2, 0x9CF2, 0x9CF2, 0x0000, 0xD69A, 0xE71C, 0xE71C, 0xE71C, 0x0000, 0x9CF2, 0x9CF2, 0x9CF2, 0x9CF2,   // 0x0050 (80) pixels
0x9CF2, 0x9CF2, 0x9CF2, 0x9CF2, 0x9CF2, 0x9CF2, 0x9CF2, 0x9CF2, 0x9CF2, 0x9CF2, 0x9CF2, 0x9CF2, 0x9CF2, 0x9CF2, 0x9CF2, 0x9CF2,   // 0x0060 (96) pixels
0x9CF2, 0x9CF2, 0x9CF2, 0x0000, 0xD6BA, 0xE71C, 0xE71C, 0xE71C, 0x0000, 0x9CF2, 0x9CF2, 0x9CF2, 0x9CF2, 0x9CF2, 0x9CF2, 0x9CF2,   // 0x0070 (112) pixels
0x9CF2, 0x9CF2, 0x9CF2, 0x0000, 0x9CF2, 0x9CF2, 0x9CF2, 0x9CF2, 0x9CF2, 0x9CF2, 0x9CF2, 0x9CF2, 0x9CF2, 0x9CF2, 0x9CF2, 0x9CF2,   // 0x0080 (128) pixels
0x0000, 0xDEFB, 0xE71C, 0xE71C, 0xE71C, 0xE71C, 0x0000, 0x9CF2, 0x9CF2, 0x9CF2, 0x9CF2, 0x9CF2, 0x9CF2, 0x9CF2, 0x0000, 0x0000,   // 0x0090 (144) pixels
0x0000, 0x9CF2, 0x9CF2, 0x9CF2, 0x9CF2, 0x9CF2, 0x9CF2, 0x0000, 0x9CF2, 0x9CF2, 0x9CF2, 0x0000, 0x0000, 0xDEDB, 0xE71C, 0xE71C,   // 0x00A0 (160) pixels
0xE71C, 0xE71C, 0xDEFB, 0x0000, 0x9CF2, 0x9CF2, 0x9CF2, 0x9CF2, 0x9CF2, 0x2945, 0x0000, 0x0000, 0x0000, 0x0000, 0x9CF2, 0x9CF2,   // 0x00B0 (176) pixels
0x9CF2, 0x9CF2, 0x9CF2, 0x0000, 0xD69A, 0x0000, 0x0000, 0x0000, 0xCE79, 0xDEDB, 0xDEFB, 0xE71C, 0xE71C, 0xE71C, 0xDEFB, 0xD69A,   // 0x00C0 (192) pixels
0xCE59, 0x0000, 0x0000, 0x0000, 0x0000, 0x9492, 0x2124, 0x0000, 0x0000, 0x0000, 0x0000, 0x9CF2, 0x9CF2, 0x9CF2, 0x9CF2, 0x0000,   // 0x00D0 (208) pixels
0xDEFB, 0xDEFB, 0xD6BA, 0xD6BA, 0xD6BA, 0xDEFB, 0xE71C, 0xE71C, 0xE71C, 0xE71C, 0xE71C, 0xDEFB, 0xCE79, 0xC638, 0xCE59, 0xDEDB,   // 0x00E0 (224) pixels
0xE71C, 0xDEFB, 0x8410, 0x18C3, 0x0000, 0x0000, 0x0000, 0x0000, 0x0000, 0x0000, 0x0000, 0x0861, 0x6B4D, 0xD699, 0xE71C, 0xE71C,   // 0x00F0 (240) pixels
0xE71C, 0xE71C, 0xE71C, 0xE71C, 0xE71C, 0xE71C, 0xE71C, 0xE71C, 0xDEFB, 0xD69A, 0xC638, 0xC638, 0xD6BA, 0xE71C, 0xCE78, 0x630C,   // 0x0100 (256) pixels
0x0861, 0x0000, 0x0000, 0x0000, 0x0000, 0x0000, 0x0000, 0x0000, 0x0020, 0x39E7, 0xAD55, 0xE71C, 0xE71C, 0xE71C, 0xDEFB, 0xDEFB,   // 0x0110 (272) pixels
0xDEDB, 0xDEFB, 0xE71C, 0xE71C, 0xE71C, 0xE71C, 0xDEDB, 0xCE79, 0xCE79, 0xDEDB, 0xE71C, 0xA534, 0x39C7, 0x0020, 0x0000, 0x0000,   // 0x0120 (288) pixels
0x0000, 0x0000, 0x0000, 0x0000, 0x0000, 0x0000, 0x10A2, 0x73AE, 0xD699, 0xE71C, 0xE71C, 0xDEFB, 0xD6BA, 0xCE79, 0xDEDB, 0xE71C,   // 0x0130 (304) pixels
0xE71C, 0xE71C, 0xE71C, 0xDEFB, 0xDEFB, 0xDEFB, 0xDEFB, 0xD699, 0x738E, 0x10A2, 0x0000, 0x0000, 0x0000, 0x0000, 0x0000, 0x0000,   // 0x0140 (320) pixels
0x0000, 0x0000, 0x0000, 0x0020, 0x3186, 0x9CD3, 0xDEFB, 0xE71C, 0xDEFB, 0xDEDB, 0xD69A, 0xDEDB, 0xE71C, 0xE71C, 0xE71C, 0xE71C,   // 0x0150 (336) pixels
0xE71C, 0xE71C, 0xE71C, 0xDEFB, 0x94B2, 0x2965, 0x0020, 0x0000, 0x0000, 0x0000, 0x0000, 0x0000, 0x0000, 0x0000, 0x0000, 0x0000,   // 0x0160 (352) pixels
0x0000, 0x0841, 0x39E7, 0xA514, 0xDEFB, 0xE71C, 0xDEFB, 0xDEFB, 0xDEFB, 0xE71C, 0xE71C, 0xE71C, 0xE71C, 0xE71C, 0xE71C, 0xDEFB,   // 0x0170 (368) pixels
0x9CD3, 0x39C7, 0x0841, 0x0000, 0x0000, 0x0000, 0x0000, 0x0000, 0x0000, 0x0000, 0x0000, 0x0000, 0x0000, 0x0000, 0x0000, 0x0841,   // 0x0180 (384) pixels
0x31A6, 0x8C71, 0xCE79, 0xE71C, 0xE71C, 0xE71C, 0xE71C, 0xE71C, 0xE71C, 0xE71C, 0xE71C, 0xCE79, 0x8430, 0x3186, 0x0841, 0x0000,   // 0x0190 (400) pixels
0x0000, 0x0000, 0x0000, 0x0000, 0x0000, 0x0000, 0x0000, 0x0000, 0x0000, 0x0000, 0x0000, 0x0000, 0x0000, 0x0020, 0x18E3, 0x528A,   // 0x01A0 (416) pixels
0x9492, 0xC638, 0xDEDB, 0xE71C, 0xDEFB, 0xDEDB, 0xC618, 0x8C71, 0x4A69, 0x18C3, 0x0020, 0x0000, 0x0000, 0x0000, 0x0000, 0x0000,   // 0x01B0 (432) pixels
0x0000, 0x0000, 0x0000, 0x0000, 0x0000, 0x0000, 0x0000, 0x0000, 0x0000, 0x0000, 0x0000, 0x0000, 0x0020, 0x10A2, 0x2965, 0x4208,   // 0x01C0 (448) pixels
0x528A, 0x528A, 0x4208, 0x2945, 0x10A2, 0x0020, 0x0000, 0x0000, 0x0000, 0x0000, 0x0000, 0x0000, 0x0000, 0x0000, 0x0000, 0x0000,   // 0x01D0 (464) pixels
0x0000, 0x0000, 0x0000, 0x0000, 0x0000, 0x0000, 0x0000, 0x0000, 0x0000, 0x0000, 0x0000, 0x0000, 0x0020, 0x0020, 0x0020, 0x0000,   // 0x01E0 (480) pixels
0x0000, 0x0000, 0x0000, 0x0000, 0x0000, 0x0000, 0x0000, 0x0000, 0x0000, 0x0000, 0x0000, 0x0000, 0x0000, 0x0000, 0x0000, 0x0000,   // 0x01F0 (496) pixels
0x0000, 0x0000, 0x0000, 0x0000, 0x0000, 0x0000, 0x0000, 0x0000, 0x0000, 0x0000, 0x0000, 0x0000, 0x0000, 0x0000, 0x0000, 0x0000,   // 0x0200 (512) pixels
0x0000, 0x0000, 0x0000, 0x0000, 0x0000, 0x0000, 0x0000, 0x0000, 0x0000, 0x0000, 0x0000, 0x0000, 0x0000, 0x0000, 0x0000, 0x0000,   // 0x0210 (528) pixels
0x0000, 0x0000, 0x0000, 0x0000, 0x0000, 0x0000, 0x0000, 0x0000, 0x0000, 0x0000, 0x0000, 0x0000, 0x0000, 0x0000, 0x0000, 0x0000,   // 0x0220 (544) pixels
0x0000, 0x0000, 0x0000, 0x0000, 0x0000, 0x0000, 0x0000, 0x0000, 0x0000, 0x0000, 0x0000, 0x0000, 0x0000, 0x0000, 0x0000, 0x0000,   // 0x0230 (560) pixels
0x0000, 0x0000, 0x0000, 0x0000, 0x0000, 0x0000, 0x0000, 0x0000, 0x0000, 0x0000, 0x0000, 0x0000, 0x0000, 0x0000, 0x0000, 0x0000,   // 0x0240 (576) pixels
0x0000, 0x0000, 0x0000, 0x0000, 0x0000, 0x0000, 0x0000, 0x0000, 0x0000, 0x0000, 0x0000, 0x0000, 0x0000, 0x0000, 0x0000, 0x0000,   // 0x0250 (592) pixels
0x0000, 0x0000, 0x0000, 0x0000, 0x0000, 0x0000, 0x0000, 0x0000, 0x0000, 0x0000, 0x0000, 0x0000, 0x0000, 0x0000, 0x0000, 0x0000,   // 0x0260 (608) pixels
0x0000
};


const unsigned short SunnyLarge[609] PROGMEM={
0x0000, 0x0000, 0x0000, 0x0000, 0x0000, 0x0000, 0xC620, 0xFFE0, 0xFFE0, 0xFFE0, 0xFFE0, 0xFFE0, 0xFFE0, 0xFFE0, 0xFFE0, 0xFFE0,   // 0x0010 (16) pixels
0xFFE0, 0xFFE0, 0xFFE0, 0xFFE0, 0xFFE0, 0xC620, 0x0000, 0x0000, 0x0000, 0x0000, 0x0000, 0x0000, 0x0000, 0x0000, 0x0000, 0x0000,   // 0x0020 (32) pixels
0x0000, 0x0000, 0x4220, 0xFFE0, 0xFFE0, 0xFFE0, 0xFFE0, 0xFFE0, 0xFFE0, 0xFFE0, 0xFFE0, 0xFFE0, 0xFFE0, 0xFFE0, 0xFFE0, 0xFFE0,   // 0x0030 (48) pixels
0xFFE0, 0xFFE0, 0xFFE0, 0x4220, 0x0000, 0x0000, 0x0000, 0x0000, 0x0000, 0x0000, 0xFFE0, 0xFFE0, 0xFFE0, 0x0000, 0x0000, 0x9CC0,   // 0x0040 (64) pixels
0xFFE0, 0xFFE0, 0xFFE0, 0xFFE0, 0xFFE0, 0xFFE0, 0xFFE0, 0xFFE0, 0xFFE0, 0xFFE0, 0xFFE0, 0xFFE0, 0xFFE0, 0xFFE0, 0xFFE0, 0xFFE0,   // 0x0050 (80) pixels
0x9CC0, 0x0000, 0x0000, 0xFFE0, 0xFFE0, 0xFFE0, 0x0000, 0x0000, 0x0000, 0x0000, 0x0000, 0x0000, 0xDEE0, 0xFFE0, 0xFFE0, 0xFFE0,   // 0x0060 (96) pixels
0xFFE0, 0xFFE0, 0xFFE0, 0xFFE0, 0xFFE0, 0xFFE0, 0xFFE0, 0xFFE0, 0xFFE0, 0xFFE0, 0xFFE0, 0xFFE0, 0xFFE0, 0xDEE0, 0x0000, 0x0000,   // 0x0070 (112) pixels
0x0000, 0x0000, 0x0000, 0x0000, 0x0000, 0x0000, 0x0000, 0x0000, 0x0000, 0xF7C0, 0xFFE0, 0xFFE0, 0xFFE0, 0xFFE0, 0xFFE0, 0xFFE0,   // 0x0080 (128) pixels
0xFFE0, 0xFFE0, 0xFFE0, 0xFFE0, 0xFFE0, 0xFFE0, 0xFFE0, 0xFFE0, 0xFFE0, 0xFFE0, 0xF7C0, 0x0000, 0x0000, 0x0000, 0x0000, 0x0000,   // 0x0090 (144) pixels
0x0000, 0x0000, 0x0000, 0x0000, 0x0000, 0x0000, 0xEF80, 0xFFE0, 0xFFE0, 0xFFE0, 0xFFE0, 0xFFE0, 0xFFE0, 0xFFE0, 0xFFE0, 0xFFE0,   // 0x00A0 (160) pixels
0xFFE0, 0xFFE0, 0xFFE0, 0xFFE0, 0xFFE0, 0xFFE0, 0xFFE0, 0xF7C0, 0x0000, 0x0000, 0x0000, 0x0000, 0x0000, 0x0000, 0x0000, 0x0000,   // 0x00B0 (176) pixels
0x0000, 0x0000, 0x0000, 0xD6C0, 0xFFE0, 0xFFE0, 0xFFE0, 0xFFE0, 0xFFE0, 0xFFE0, 0xFFE0, 0xFFE0, 0xFFE0, 0xFFE0, 0xFFE0, 0xFFE0,   // 0x00C0 (192) pixels
0xFFE0, 0xFFE0, 0xFFE0, 0xFFE0, 0xDEE0, 0x0000, 0x0000, 0x0000, 0x0000, 0x0000, 0x0000, 0x0000, 0x0000, 0x0000, 0x0000, 0x0000,   // 0x00D0 (208) pixels
0x9D00, 0xFFE0, 0xFFE0, 0xFFE0, 0xFFE0, 0xFFE0, 0xFFE0, 0xFFE0, 0xFFE0, 0xFFE0, 0xFFE0, 0xFFE0, 0xFFE0, 0xFFE0, 0xFFE0, 0xFFE0,   // 0x00E0 (224) pixels
0xFFE0, 0x9D00, 0x0000, 0x0000, 0x0000, 0x0000, 0x0000, 0x0000, 0x0000, 0x0000, 0x0000, 0x0000, 0x0000, 0x4220, 0xFFE0, 0xFFE0,   // 0x00F0 (240) pixels
0xFFE0, 0xFFE0, 0xFFE0, 0xFFE0, 0xFFE0, 0xFFE0, 0xFFE0, 0xFFE0, 0xFFE0, 0xFFE0, 0xFFE0, 0xFFE0, 0xFFE0, 0xFFE0, 0x4220, 0x0000,   // 0x0100 (256) pixels
0x0000, 0x0000, 0x0000, 0x0000, 0x0000, 0x0000, 0x0000, 0x0000, 0x0000, 0x0000, 0x0000, 0xC620, 0xFFE0, 0xFFE0, 0xFFE0, 0xFFE0,   // 0x0110 (272) pixels
0xFFE0, 0xFFE0, 0xFFE0, 0xFFE0, 0xFFE0, 0xFFE0, 0xFFE0, 0xFFE0, 0xFFE0, 0xFFE0, 0xC620, 0x0000, 0x0000, 0x0000, 0x0000, 0x0000,   // 0x0120 (288) pixels
0x0000, 0x0000, 0x0000, 0x0000, 0x0000, 0xFFE0, 0x0000, 0x0000, 0x2140, 0xEF80, 0xFFE0, 0xFFE0, 0xFFE0, 0xFFE0, 0xFFE0, 0xFFE0,   // 0x0130 (304) pixels
0xFFE0, 0xFFE0, 0xFFE0, 0xFFE0, 0xFFE0, 0xFFE0, 0xEF80, 0x2940, 0x0000, 0x0000, 0x0000, 0xFFE0, 0x0000, 0x0000, 0x0000, 0x0000,   // 0x0140 (320) pixels
0x0000, 0xFFE0, 0x0000, 0x0000, 0x0000, 0x0000, 0x39E0, 0xEF80, 0xFFE0, 0xFFE0, 0xFFE0, 0xFFE0, 0xFFE0, 0xFFE0, 0xFFE0, 0xFFE0,   // 0x0150 (336) pixels
0xFFE0, 0xFFE0, 0xEF80, 0x39E0, 0x0000, 0x0000, 0x0000, 0x0000, 0x0000, 0xFFE0, 0x0000, 0x0000, 0x0000, 0xFFE0, 0x0000, 0x0000,   // 0x0160 (352) pixels
0x0000, 0x0000, 0x0000, 0x0000, 0x2140, 0xC620, 0xFFE0, 0xFFE0, 0xFFE0, 0xFFE0, 0xFFE0, 0xFFE0, 0xFFE0, 0xFFE0, 0xC620, 0x2140,   // 0x0170 (368) pixels
0x0000, 0x0000, 0x0000, 0x0000, 0x0000, 0x0000, 0x0000, 0xFFE0, 0x0000, 0x0000, 0x0000, 0x0000, 0x0000, 0x0000, 0x0000, 0x0000,   // 0x0180 (384) pixels
0x0000, 0x0000, 0x0000, 0x4220, 0x9CC0, 0xDEE0, 0xF7C0, 0xF7A0, 0xD6A0, 0x9CC0, 0x4220, 0x0000, 0x0000, 0x0000, 0x0000, 0x0000,   // 0x0190 (400) pixels
0x0000, 0x0000, 0x0000, 0x0000, 0x0000, 0x0000, 0x0000, 0x0000, 0x0000, 0x0000, 0x0000, 0x0000, 0x0000, 0x0000, 0x0000, 0x0000,   // 0x01A0 (416) pixels
0x0000, 0x0000, 0x0000, 0x0000, 0x0000, 0x0000, 0x0000, 0x0000, 0x0000, 0x0000, 0x0000, 0x0000, 0x0000, 0x0000, 0x0000, 0x0000,   // 0x01B0 (432) pixels
0x0000, 0x0000, 0x0000, 0x0000, 0x0000, 0x0000, 0x0000, 0x0000, 0x0000, 0x0000, 0x0000, 0x0000, 0x0000, 0x0000, 0x0000, 0x0000,   // 0x01C0 (448) pixels
0x0000, 0x0000, 0x0000, 0x0000, 0x0000, 0x0000, 0x0000, 0x0000, 0x0000, 0x0000, 0x0000, 0x0000, 0x0000, 0x0000, 0x0000, 0x0000,   // 0x01D0 (464) pixels
0x0000, 0x0000, 0x0000, 0x0000, 0x0000, 0x0000, 0x0000, 0x0000, 0x0000, 0x0000, 0x0000, 0x0000, 0x0000, 0xFFE0, 0x0000, 0x0000,   // 0x01E0 (480) pixels
0x0000, 0x0000, 0x0000, 0x0000, 0x0000, 0x0000, 0x0000, 0x0000, 0x0000, 0x0000, 0x0000, 0x0000, 0x0000, 0x0000, 0x0000, 0x0000,   // 0x01F0 (496) pixels
0x0000, 0x0000, 0x0000, 0x0000, 0x0000, 0x0000, 0x0000, 0x0000, 0x0000, 0x0000, 0xFFE0, 0x0000, 0x0000, 0x0000, 0x0000, 0x0000,   // 0x0200 (512) pixels
0x0000, 0x0000, 0x0000, 0x0000, 0x0000, 0x0000, 0x0000, 0x0000, 0x0000, 0x0000, 0x0000, 0x0000, 0x0000, 0x0000, 0x0000, 0x0000,   // 0x0210 (528) pixels
0x0000, 0x0000, 0x0000, 0x0000, 0x0000, 0x0000, 0x0000, 0xFFE0, 0x0000, 0x0000, 0x0000, 0x0000, 0x0000, 0x0000, 0x0000, 0x0000,   // 0x0220 (544) pixels
0x0000, 0x0000, 0x0000, 0x0000, 0x0000, 0x0000, 0x0000, 0x0000, 0x0000, 0x0000, 0x0000, 0x0000, 0x0000, 0x0000, 0x0000, 0x0000,   // 0x0230 (560) pixels
0x0000, 0x0000, 0x0000, 0x0000, 0x0000, 0x0000, 0x0000, 0x0000, 0x0000, 0x0000, 0x0000, 0x0000, 0x0000, 0x0000, 0x0000, 0x0000,   // 0x0240 (576) pixels
0x0000, 0x0000, 0x0000, 0x0000, 0x0000, 0x0000, 0x0000, 0x0000, 0x0000, 0x0000, 0x0000, 0x0000, 0x0000, 0x0000, 0x0000, 0x0000,   // 0x0250 (592) pixels
0x0000, 0x0000, 0x0000, 0x0000, 0x0000, 0x0000, 0x0000, 0x0000, 0x0000, 0x0000, 0x0000, 0x0000, 0x0000, 0x0000, 0x0000, 0x0000,   // 0x0260 (608) pixels
0x0000
};


const unsigned short PartlyCloudyDayLarge[609] PROGMEM={ // 29x21
0x9CF2, 0x9CF2, 0x9CF2, 0x9CF2, 0x9CF2, 0x9CF2, 0x9CF2, 0x9CF2, 0x9CF2, 0x9CF2, 0x9CF2, 0x0000, 0xFFE0, 0xFFE0, 0xFFE0, 0xFFE0,   // 0x0010 (16) pixels
0xFFE0, 0xFFE0, 0xFFE0, 0x0000, 0x9CF2, 0x9CF2, 0x9CF2, 0x9CF2, 0x9CF2, 0x9CF2, 0x9CF2, 0x9CF2, 0x0000, 0x9CF2, 0x9CF2, 0x9CF2,   // 0x0020 (32) pixels
0x9CF2, 0x9CF2, 0x9CF2, 0x9CF2, 0x9CF2, 0x9CF2, 0x9CF2, 0x9CF2, 0x9CF2, 0x0000, 0xFFE0, 0xFFE0, 0xFFE0, 0xFFE0, 0xFFE0, 0x0000,   // 0x0030 (48) pixels
0x9CF2, 0x9CF2, 0x9CF2, 0x9CF2, 0x9CF2, 0x9CF2, 0x9CF2, 0x9CF2, 0x9CF2, 0x9CF2, 0x9CF2, 0x9CF2, 0x9CF2, 0x9CF2, 0x9CF2, 0x9CF2,   // 0x0040 (64) pixels
0x9CF2, 0x9CF2, 0x9CF2, 0x9CF2, 0x9CF2, 0x9CF2, 0x0000, 0xFFE0, 0xFFE0, 0xFFE0, 0xFFE0, 0x0000, 0x9CF2, 0x9CF2, 0x9CF2, 0x9CF2,   // 0x0050 (80) pixels
0x9CF2, 0x9CF2, 0x9CF2, 0x9CF2, 0x9CF2, 0x9CF2, 0x9CF2, 0x9CF2, 0x9CF2, 0x9CF2, 0x9CF2, 0x9CF2, 0x9CF2, 0x9CF2, 0x9CF2, 0x9CF2,   // 0x0060 (96) pixels
0x9CF2, 0x9CF2, 0x9CF2, 0x0000, 0xFFE0, 0xFFE0, 0xFFE0, 0xFFE0, 0x0000, 0x9CF2, 0x9CF2, 0x9CF2, 0x9CF2, 0x9CF2, 0x9CF2, 0x9CF2,   // 0x0070 (112) pixels
0x9CF2, 0x9CF2, 0x9CF2, 0x0000, 0x9CF2, 0x9CF2, 0x9CF2, 0x9CF2, 0x9CF2, 0x9CF2, 0x9CF2, 0x9CF2, 0x9CF2, 0x9CF2, 0x9CF2, 0x9CF2,   // 0x0080 (128) pixels
0x0000, 0xFFE0, 0xFFE0, 0xFFE0, 0xFFE0, 0xFFE0, 0x0000, 0x9CF2, 0x9CF2, 0x9CF2, 0x9CF2, 0x9CF2, 0x9CF2, 0x9CF2, 0x0000, 0x0000,   // 0x0090 (144) pixels
0x0000, 0x9CF2, 0x9CF2, 0x9CF2, 0x9CF2, 0x9CF2, 0x9CF2, 0x0000, 0x9CF2, 0x9CF2, 0x9CF2, 0x0000, 0x0000, 0xFFE0, 0xFFE0, 0xFFE0,   // 0x00A0 (160) pixels
0xFFE0, 0xFFE0, 0xFFE0, 0x0000, 0x9CF2, 0x9CF2, 0x9CF2, 0x9CF2, 0x9CF2, 0x0000, 0x0000, 0x0000, 0x0000, 0x0000, 0x9CF2, 0x9CF2,   // 0x00B0 (176) pixels
0x9CF2, 0x9CF2, 0x9CF2, 0x0000, 0xFFE0, 0x0000, 0x0000, 0x0000, 0xFFE0, 0xFFE0, 0xFFE0, 0xFFE0, 0xFFE0, 0xFFE0, 0xFFE0, 0xFFE0,   // 0x00C0 (192) pixels
0xFFE0, 0x0000, 0x0000, 0x0000, 0x0000, 0x0000, 0x0000, 0x0000, 0x0000, 0x0000, 0x0000, 0x9CF2, 0x9CF2, 0x9CF2, 0x9CF2, 0x0000,   // 0x00D0 (208) pixels
0x9D00, 0xFFE0, 0xFFE0, 0xFFE0, 0xFFE0, 0xFFE0, 0xFFE0, 0xFFE0, 0xFFE0, 0xFFE0, 0xFFE0, 0xFFE0, 0xFFE0, 0xFFE0, 0xFFE0, 0xFFE0,   // 0x00E0 (224) pixels
0xFFE0, 0x9D00, 0x0000, 0x0000, 0x0000, 0x0000, 0x0000, 0x0000, 0x0000, 0x0000, 0x0000, 0x0000, 0x0000, 0x4220, 0xFFE0, 0xFFE0,   // 0x00F0 (240) pixels
0xFFE0, 0xFFE0, 0xFFE0, 0xFFE0, 0xFFE0, 0xFFE0, 0xFFE0, 0xFFE0, 0xFFE0, 0xFFE0, 0xFFE0, 0xFFE0, 0xFFE0, 0xFFE0, 0x4220, 0x0000,   // 0x0100 (256) pixels
0x0000, 0x0000, 0x0000, 0x0000, 0x0000, 0x0000, 0x0000, 0x0000, 0x0000, 0x0000, 0x0000, 0xC620, 0xFFE0, 0xFFE0, 0xFFE0, 0xFFE0,   // 0x0110 (272) pixels
0xFFE0, 0xFFE0, 0xFFE0, 0xFFE0, 0xFFE0, 0xFFE0, 0xFFE0, 0xFFE0, 0xFFE0, 0xFFE0, 0xC620, 0x0000, 0x0000, 0x0000, 0x0000, 0x0000,   // 0x0120 (288) pixels
0x0000, 0x0000, 0x0000, 0x0000, 0x0000, 0xFFE0, 0x0000, 0x0000, 0x2140, 0xEF80, 0xFFE0, 0xFFE0, 0xFFE0, 0xFFE0, 0xFFE0, 0xFFE0,   // 0x0130 (304) pixels
0xFFE0, 0xFFE0, 0xFFE0, 0xFFE0, 0xFFE0, 0xFFE0, 0xEF80, 0x2940, 0x0000, 0x0000, 0x0000, 0xFFE0, 0x0000, 0x0000, 0x0000, 0x0000,   // 0x0140 (320) pixels
0x0000, 0xFFE0, 0x0000, 0x0000, 0x0000, 0x0000, 0x39E0, 0xEF80, 0xFFE0, 0xFFE0, 0xFFE0, 0xFFE0, 0xFFE0, 0xFFE0, 0xFFE0, 0xFFE0,   // 0x0150 (336) pixels
0xFFE0, 0xFFE0, 0xEF80, 0x39E0, 0x0000, 0x0000, 0x0000, 0x0000, 0x0000, 0xFFE0, 0x0000, 0x0000, 0x0000, 0xFFE0, 0x0000, 0x0000,   // 0x0160 (352) pixels
0x0000, 0x0000, 0x0000, 0x0000, 0x2140, 0xC620, 0xFFE0, 0xFFE0, 0xFFE0, 0xFFE0, 0xFFE0, 0xFFE0, 0xFFE0, 0xFFE0, 0xC620, 0x2140,   // 0x0170 (368) pixels
0x0000, 0x0000, 0x0000, 0x0000, 0x0000, 0x0000, 0x0000, 0xFFE0, 0x0000, 0x0000, 0x0000, 0x0000, 0x0000, 0x0000, 0x0000, 0x0000,   // 0x0180 (384) pixels
0x0000, 0x0000, 0x0000, 0x4220, 0x9CC0, 0xDEE0, 0xF7C0, 0xF7A0, 0xD6A0, 0x9CC0, 0x4220, 0x0000, 0x0000, 0x0000, 0x0000, 0x0000,   // 0x0190 (400) pixels
0x0000, 0x0000, 0x0000, 0x0000, 0x0000, 0x0000, 0x0000, 0x0000, 0x0000, 0x0000, 0x0000, 0x0000, 0x0000, 0x0000, 0x0000, 0x0000,   // 0x01A0 (416) pixels
0x0000, 0x0000, 0x0000, 0x0000, 0x0000, 0x0000, 0x0000, 0x0000, 0x0000, 0x0000, 0x0000, 0x0000, 0x0000, 0x0000, 0x0000, 0x0000,   // 0x01B0 (432) pixels
0x0000, 0x0000, 0x0000, 0x0000, 0x0000, 0x0000, 0x0000, 0x0000, 0x0000, 0x0000, 0x0000, 0x0000, 0x0000, 0x0000, 0x0000, 0x0000,   // 0x01C0 (448) pixels
0x0000, 0x0000, 0x0000, 0x0000, 0x0000, 0x0000, 0x0000, 0x0000, 0x0000, 0x0000, 0x0000, 0x0000, 0x0000, 0x0000, 0x0000, 0x0000,   // 0x01D0 (464) pixels
0x0000, 0x0000, 0x0000, 0x0000, 0x0000, 0x0000, 0x0000, 0x0000, 0x0000, 0x0000, 0x0000, 0x0000, 0x0000, 0xFFE0, 0x0000, 0x0000,   // 0x01E0 (480) pixels
0x0000, 0x0000, 0x0000, 0x0000, 0x0000, 0x0000, 0x0000, 0x0000, 0x0000, 0x0000, 0x0000, 0x0000, 0x0000, 0x0000, 0x0000, 0x0000,   // 0x01F0 (496) pixels
0x0000, 0x0000, 0x0000, 0x0000, 0x0000, 0x0000, 0x0000, 0x0000, 0x0000, 0x0000, 0xFFE0, 0x0000, 0x0000, 0x0000, 0x0000, 0x0000,   // 0x0200 (512) pixels
0x0000, 0x0000, 0x0000, 0x0000, 0x0000, 0x0000, 0x0000, 0x0000, 0x0000, 0x0000, 0x0000, 0x0000, 0x0000, 0x0000, 0x0000, 0x0000,   // 0x0210 (528) pixels
0x0000, 0x0000, 0x0000, 0x0000, 0x0000, 0x0000, 0x0000, 0xFFE0, 0x0000, 0x0000, 0x0000, 0x0000, 0x0000, 0x0000, 0x0000, 0x0000,   // 0x0220 (544) pixels
0x0000, 0x0000, 0x0000, 0x0000, 0x0000, 0x0000, 0x0000, 0x0000, 0x0000, 0x0000, 0x0000, 0x0000, 0x0000, 0x0000, 0x0000, 0x0000,   // 0x0230 (560) pixels
0x0000, 0x0000, 0x0000, 0x0000, 0x0000, 0x0000, 0x0000, 0x0000, 0x0000, 0x0000, 0x0000, 0x0000, 0x0000, 0x0000, 0x0000, 0x0000,   // 0x0240 (576) pixels
0x0000, 0x0000, 0x0000, 0x0000, 0x0000, 0x0000, 0x0000, 0x0000, 0x0000, 0x0000, 0x0000, 0x0000, 0x0000, 0x0000, 0x0000, 0x0000,   // 0x0250 (592) pixels
0x0000, 0x0000, 0x0000, 0x0000, 0x0000, 0x0000, 0x0000, 0x0000, 0x0000, 0x0000, 0x0000, 0x0000, 0x0000, 0x0000, 0x0000, 0x0000,   // 0x0260 (608) pixels
0x0000
};

const unsigned short Moon_Phase[961] PROGMEM={  // 31x31
0x0000, 0x0000, 0x0000, 0x0000, 0x0000, 0x0000, 0x0000, 0x0000, 0x0000, 0x0000, 0x0000, 0x0861, 0x31A6, 0x52AA, 0x738E, 0x8410,   // 0x0010 (16) pixels
0x7BCF, 0x630C, 0x4A49, 0x18E3, 0x0000, 0x0000, 0x0000, 0x0000, 0x0000, 0x0000, 0x0000, 0x0000, 0x0000, 0x0000, 0x0000, 0x0000,   // 0x0020 (32) pixels
0x0000, 0x0000, 0x0000, 0x0000, 0x0000, 0x0000, 0x0000, 0x0000, 0x31A6, 0x94B2, 0xD6BA, 0xF79E, 0xFFFF, 0xFFFF, 0xFFFF, 0xFFFF,   // 0x0030 (48) pixels
0xFFFF, 0xFFDF, 0xE73C, 0xB5B6, 0x5AEB, 0x0881, 0x0000, 0x0000, 0x0000, 0x0000, 0x0000, 0x0000, 0x0000, 0x0000, 0x0000, 0x0000,   // 0x0040 (64) pixels
0x0000, 0x0000, 0x0000, 0x0000, 0x0000, 0x2945, 0xAD55, 0xFFDF, 0xFFFF, 0xFFFF, 0xF7DF, 0xF7BE, 0xF7BE, 0xF7BE, 0xF7BE, 0xF7BE,   // 0x0050 (80) pixels
0xF7BE, 0xFFDF, 0xFFFF, 0xFFFF, 0xD69A, 0x5AEB, 0x0000, 0x0000, 0x0000, 0x0000, 0x0000, 0x0000, 0x0000, 0x0000, 0x0000, 0x0000,   // 0x0060 (96) pixels
0x0000, 0x0000, 0x0000, 0x632C, 0xEF7D, 0xFFFF, 0xEF7D, 0xF7BE, 0xF7BE, 0xF7BE, 0xF7BE, 0xF7BE, 0xF7BE, 0xF7BE, 0xF7BE, 0xF7BE,   // 0x0070 (112) pixels
0xF7BE, 0xF7BE, 0xF7BE, 0xFFFF, 0xFFFF, 0xA555, 0x18C3, 0x0000, 0x0000, 0x0000, 0x0000, 0x0000, 0x0000, 0x0000, 0x0000, 0x0000,   // 0x0080 (128) pixels
0x0020, 0x7BEF, 0xF79D, 0xE73C, 0xDEFB, 0xE73C, 0xFFDF, 0xEF5D, 0xE73C, 0xF79E, 0xF7BE, 0xF79E, 0xF7BE, 0xF7BE, 0xF7BE, 0xF7BE,   // 0x0090 (144) pixels
0xF7BE, 0xF7BE, 0xF7BE, 0xF7BE, 0xFFFF, 0xCE99, 0x2965, 0x0000, 0x0020, 0x0000, 0x0000, 0x0000, 0x0000, 0x0000, 0x0000, 0x7BEF,   // 0x00A0 (160) pixels
0xE71B, 0xDEFB, 0xDEFB, 0xEF7D, 0xE73C, 0xD6BA, 0xBDF7, 0xC618, 0xCE59, 0xEF5D, 0xFFDF, 0xF7BE, 0xF7BE, 0xF7BE, 0xF79E, 0xF7BE,   // 0x00B0 (176) pixels
0xF7BE, 0xF7BE, 0xF7BE, 0xF7BE, 0xFFFF, 0xD6DA, 0x2124, 0x0000, 0x0000, 0x0000, 0x0000, 0x0000, 0x0000, 0x630C, 0xD699, 0xC618,   // 0x00C0 (192) pixels
0xD6DA, 0xFFFF, 0xCE58, 0xB5B6, 0xBDD7, 0xBDD7, 0xBDD7, 0xBDB6, 0xBDF7, 0xCE59, 0xEF7D, 0xF7BE, 0xF79E, 0xCE79, 0xE73C, 0xD69A,   // 0x00D0 (208) pixels
0xE73C, 0xF7BE, 0xF7BE, 0xF7BE, 0xFFFF, 0xBDF7, 0x0861, 0x0000, 0x0000, 0x0000, 0x0000, 0x2944, 0xC617, 0xBDF7, 0xBDF7, 0xF79D,   // 0x00E0 (224) pixels
0xDF1B, 0xBDF7, 0xBDD6, 0xBDD7, 0xBDD7, 0xBDD7, 0xBDD7, 0xBDD7, 0xB5B6, 0xE73C, 0xCE79, 0xC638, 0xC638, 0xCE59, 0xDEDB, 0xDEFB,   // 0x00F0 (240) pixels
0xF7BE, 0xF7BE, 0xF7BE, 0xF7BE, 0xFFFF, 0x8410, 0x0000, 0x0000, 0x0000, 0x0000, 0x8450, 0xCE58, 0xBDD6, 0xBE17, 0xD69A, 0xBDF7,   // 0x0100 (256) pixels
0xBDD6, 0xBDF7, 0xBDD7, 0xBDD7, 0xBDD7, 0xBDD7, 0xBDD7, 0xBDD6, 0xCE79, 0xBDF7, 0xBDD6, 0xBDD7, 0xBDF7, 0xE73C, 0xF7BE, 0xF7BE,   // 0x0110 (272) pixels
0xF7BE, 0xF7BE, 0xF7BE, 0xFFFF, 0xF79E, 0x2965, 0x0000, 0x0000, 0x2965, 0xCE79, 0xBDF7, 0xBDF7, 0xBDD6, 0xBDB6, 0xBDD7, 0xBDF7,   // 0x0120 (288) pixels
0xBDF6, 0xBDD6, 0xBDD6, 0xBDD6, 0xBDD6, 0xBDD6, 0xC638, 0xCE99, 0xBDF7, 0xBDF7, 0xBDF7, 0xBDD7, 0xCE58, 0xF7BE, 0xF7BE, 0xF7BE,   // 0x0130 (304) pixels
0xF7BE, 0xD6BA, 0xCE79, 0xFFDF, 0x94B2, 0x0000, 0x0000, 0x8C71, 0xE71B, 0xBDD6, 0xBDF7, 0xBDD7, 0xBDD7, 0xBDD7, 0xBDF7, 0xBDF6,   // 0x0140 (320) pixels
0xBDD6, 0xBDD6, 0xBDD7, 0xBDD6, 0xBDD6, 0xEF7D, 0xEF5C, 0xB5B6, 0xBDD7, 0xBDD7, 0xBDD7, 0xBDF7, 0xEF9D, 0xEF7D, 0xF79D, 0xF7BE,   // 0x0150 (336) pixels
0xC618, 0xB5B6, 0xCE79, 0xE71C, 0x18C3, 0x0861, 0xBDF7, 0xC638, 0xBDD6, 0xBDD6, 0xBDD7, 0xBDD7, 0xBDD7, 0xBDD7, 0xBDF7, 0xBDF7,   // 0x0160 (352) pixels
0xBDD7, 0xBDD7, 0xC5F7, 0xE6FB, 0xF7BE, 0xF7BE, 0xDEDB, 0xC638, 0xC618, 0xC618, 0xBDF7, 0xD6BA, 0xE71B, 0xDEFB, 0xFFDF, 0xDEDA,   // 0x0170 (368) pixels
0xB5B6, 0xCE58, 0xFFDF, 0x5ACB, 0x31A6, 0xCE58, 0xBDD6, 0xBDD6, 0xBDD6, 0xBDD7, 0xBDD7, 0xBDD7, 0xBDD7, 0xBDF7, 0xBDD7, 0xBDD7,   // 0x0180 (384) pixels
0xBDD7, 0xE71C, 0xFFDE, 0xD679, 0xDEDB, 0xF7BE, 0xF7BE, 0xEF5D, 0xC638, 0xBDD6, 0xBDD6, 0xBDF6, 0xBDF7, 0xE73C, 0xF7BE, 0xD6BA,   // 0x0190 (400) pixels
0xE71C, 0xFFFF, 0x8C71, 0x52AA, 0xD699, 0xBDD6, 0xBDD6, 0xBDD6, 0xBDD7, 0xBDD7, 0xBDD7, 0xBDD7, 0xBDF7, 0xBDD7, 0xBDD7, 0xBDD7,   // 0x01A0 (416) pixels
0xC618, 0xC618, 0xBDD6, 0xB5B6, 0xCE59, 0xFFDF, 0xDEDB, 0xB5B6, 0xBDD6, 0xBDF6, 0xBDD6, 0xBDF7, 0xCE79, 0xD6BA, 0xFFDE, 0xF7BE,   // 0x01B0 (432) pixels
0xFFFF, 0xB5B6, 0x738E, 0xDEDB, 0xBDD6, 0xBDF6, 0xBDF6, 0xBDF7, 0xBDF7, 0xBDD7, 0xBDD7, 0xBDD7, 0xBDD7, 0xBDD7, 0xBDD6, 0xC638,   // 0x01C0 (448) pixels
0xE73C, 0xE75C, 0xDF1B, 0xEF5D, 0xF7BE, 0xE73C, 0xBDF7, 0xBDF7, 0xBDF7, 0xBDD6, 0xB5D6, 0xBDD6, 0xB5D6, 0xCE79, 0xEF5C, 0xFFFF,   // 0x01D0 (464) pixels
0xCE79, 0x8430, 0xF79D, 0xBDD6, 0xBDF7, 0xBDF7, 0xBDF7, 0xBDF7, 0xBDD7, 0xBDD7, 0xBDD7, 0xBDD7, 0xBDD7, 0xBDD6, 0xD679, 0xF7BE,   // 0x01E0 (480) pixels
0xF7DE, 0xF7DE, 0xF7DE, 0xF7BE, 0xF7BE, 0xC638, 0xB5B6, 0xBDD7, 0xCE79, 0xD69A, 0xC638, 0xBDD7, 0xB5B6, 0xBDF7, 0xFFDF, 0xCE79,   // 0x01F0 (496) pixels
0x7BEF, 0xFFFF, 0xBE17, 0xBDD7, 0xBDF7, 0xBDF7, 0xBDF7, 0xBDD7, 0xBDD7, 0xBDD7, 0xBDD7, 0xBDD7, 0xBDD6, 0xC638, 0xEF7D, 0xF7DE,   // 0x0200 (512) pixels
0xF7BE, 0xF7BE, 0xF7BE, 0xF7DF, 0xEF5D, 0xD69A, 0xBDF7, 0xEF5D, 0xFFFF, 0xDEFB, 0xB5D6, 0xBDD6, 0xC618, 0xFFDF, 0xCE79, 0x632C,   // 0x0210 (528) pixels
0xF7BE, 0xBDF7, 0xBDF7, 0xBDF7, 0xBDF7, 0xBDF7, 0xBDD7, 0xBDD7, 0xBDD7, 0xBDD7, 0xBDD7, 0xCE59, 0xF7BE, 0xF7BE, 0xF7BE, 0xF7BE,   // 0x0220 (544) pixels
0xF7BE, 0xF7BE, 0xF7BE, 0xFFFF, 0xEF7D, 0xBDD7, 0xEF5D, 0xFFFF, 0xDEFB, 0xB5B6, 0xBDD6, 0xDEFB, 0xFFFF, 0xC618, 0x4208, 0xE73C,   // 0x0230 (560) pixels
0xD69A, 0xBDD6, 0xBDD7, 0xBDF7, 0xBDF7, 0xBDD7, 0xBDD7, 0xBDD7, 0xBDD7, 0xBDB6, 0xD6BA, 0xF7DE, 0xF7DE, 0xF7BE, 0xF7BE, 0xF7BE,   // 0x0240 (576) pixels
0xF7BE, 0xF7BE, 0xF7BE, 0xF79E, 0xD6BA, 0xD6BA, 0xE73D, 0xF79E, 0xCE79, 0xC618, 0xDEDB, 0xFFFF, 0x9CF3, 0x10A2, 0xDEFB, 0xF7BE,   // 0x0250 (592) pixels
0xC618, 0xBDD7, 0xBDD7, 0xBDD7, 0xBDF7, 0xBDF7, 0xBDD7, 0xBDF7, 0xBDF7, 0xBDD7, 0xE73C, 0xFFDE, 0xF7BE, 0xF7BE, 0xF7BE, 0xF7BE,   // 0x0260 (608) pixels
0xF7BE, 0xF7BE, 0xF7BE, 0xFFDF, 0xD6BA, 0xB5B6, 0xEF7D, 0xFFDF, 0xD69A, 0xDEFB, 0xFFFF, 0x6B6D, 0x0000, 0xAD75, 0xFFFF, 0xE71C,   // 0x0270 (624) pixels
0xD6BA, 0xE73C, 0xD69A, 0xBDD7, 0xBDD7, 0xC638, 0xBDF7, 0xBDF7, 0xBDF7, 0xCE58, 0xF79D, 0xF7BE, 0xF7BE, 0xF7BE, 0xF7BE, 0xF7BE,   // 0x0280 (640) pixels
0xF7BE, 0xF7BE, 0xF7DF, 0xCE79, 0xC618, 0xF7BE, 0xEF5D, 0xCE59, 0xF79E, 0xF79E, 0x3186, 0x0000, 0x52AA, 0xFFFF, 0xFFDF, 0xF79E,   // 0x0290 (656) pixels
0xFFDF, 0xEF5D, 0xBDD7, 0xC618, 0xEF7D, 0xC617, 0xBDF7, 0xBDD7, 0xCE59, 0xF7BE, 0xF7BE, 0xF7BE, 0xF7BE, 0xF7BE, 0xF7BE, 0xF7BE,   // 0x02A0 (672) pixels
0xF7BE, 0xF7BE, 0xF79E, 0xEF7D, 0xF7BE, 0xF79E, 0xF79E, 0xFFFF, 0xB5B6, 0x0000, 0x0000, 0x0861, 0xCE79, 0xFFFF, 0xF7BE, 0xF79E,   // 0x02B0 (688) pixels
0xCE79, 0xBDD7, 0xEF7D, 0xE71B, 0xBDF7, 0xBDF7, 0xBDF7, 0xBDF7, 0xE73C, 0xF7BE, 0xF7BE, 0xF7BE, 0xF7BE, 0xF7BE, 0xF7BE, 0xF7BE,   // 0x02C0 (704) pixels
0xF7BE, 0xF7BE, 0xF7BE, 0xF7BE, 0xF7BE, 0xF7BE, 0xFFFF, 0x528A, 0x0000, 0x0000, 0x0000, 0x52AA, 0xFFDF, 0xF7BE, 0xF7BE, 0xC638,   // 0x02D0 (720) pixels
0xB5B6, 0xD6BA, 0xCE79, 0xBDD6, 0xB5D6, 0xBDF7, 0xBDD7, 0xE71B, 0xF7BE, 0xF7BE, 0xF7BE, 0xF7BE, 0xF7BE, 0xF7BE, 0xF7BE, 0xF7BE,   // 0x02E0 (736) pixels
0xF7BE, 0xF7BE, 0xF7BE, 0xF7BE, 0xFFFF, 0xB5B6, 0x0000, 0x0000, 0x0000, 0x0000, 0x0000, 0x9CF3, 0xFFFF, 0xF7BE, 0xEF5D, 0xC638,   // 0x02F0 (752) pixels
0xDEDB, 0xD6BA, 0xD69A, 0xD6DB, 0xD6DB, 0xE73C, 0xF7BE, 0xF7BE, 0xF7BE, 0xF7BE, 0xF7BE, 0xF7BE, 0xF7BE, 0xF7BE, 0xF7BE, 0xF7BE,   // 0x0300 (768) pixels
0xF7BE, 0xF7BE, 0xFFFF, 0xE75D, 0x2965, 0x0000, 0x0000, 0x0000, 0x0000, 0x0000, 0x10A2, 0xC638, 0xFFFF, 0xFFDF, 0xF7BE, 0xF79E,   // 0x0310 (784) pixels
0xDEDB, 0xE73C, 0xF7DF, 0xF7BE, 0xF7BE, 0xF7BE, 0xF7BE, 0xF7BE, 0xF7BE, 0xF7BE, 0xF7BE, 0xF7BE, 0xF7BE, 0xF7BE, 0xF7BE, 0xF7BE,   // 0x0320 (800) pixels
0xFFDF, 0xFFDF, 0x52AA, 0x0000, 0x0000, 0x0000, 0x0000, 0x0000, 0x0000, 0x0000, 0x18E3, 0xCE59, 0xFFFF, 0xF7BE, 0xF79E, 0xF7BE,   // 0x0330 (816) pixels
0xF7DE, 0xF7BE, 0xF7BE, 0xF7BE, 0xF7BE, 0xF7BE, 0xF7BE, 0xF7BE, 0xF7BE, 0xF7BE, 0xF7BE, 0xF7BE, 0xF7BE, 0xF7BE, 0xFFFF, 0xFFDF,   // 0x0340 (832) pixels
0x6B6D, 0x0000, 0x0000, 0x0000, 0x0000, 0x0000, 0x0000, 0x0000, 0x0000, 0x0000, 0x18E3, 0xBDB6, 0xFFFF, 0xFFDF, 0xF7BE, 0xF7BE,   // 0x0350 (848) pixels
0xF7BE, 0xF7BE, 0xF7BE, 0xF7BE, 0xF7BE, 0xF7BE, 0xF7BE, 0xF7BE, 0xF7BE, 0xF7BE, 0xF7BE, 0xF7BE, 0xFFFF, 0xEF5D, 0x52CA, 0x0000,   // 0x0360 (864) pixels
0x0000, 0x0000, 0x0000, 0x0000, 0x0000, 0x0000, 0x0000, 0x0000, 0x0000, 0x0000, 0x0841, 0x73AE, 0xE73C, 0xFFFF, 0xFFFF, 0xF7BE,   // 0x0370 (880) pixels
0xF7BE, 0xF7BE, 0xF7BE, 0xF7BE, 0xF7BE, 0xF7BE, 0xF7BE, 0xF7BE, 0xF7DE, 0xFFFF, 0xFFFF, 0xB596, 0x2965, 0x0000, 0x0000, 0x0000,   // 0x0380 (896) pixels
0x0000, 0x0000, 0x0000, 0x0000, 0x0000, 0x0000, 0x0000, 0x0000, 0x0020, 0x0000, 0x0000, 0x2124, 0x8451, 0xDEFB, 0xFFFF, 0xFFFF,   // 0x0390 (912) pixels
0xFFFF, 0xFFFF, 0xFFFF, 0xFFFF, 0xFFFF, 0xFFFF, 0xFFFF, 0xF79E, 0xB5B6, 0x4A69, 0x0000, 0x0000, 0x0000, 0x0000, 0x0000, 0x0000,   // 0x03A0 (928) pixels
0x0000, 0x0000, 0x0000, 0x0000, 0x0000, 0x0000, 0x0000, 0x0000, 0x0000, 0x0000, 0x0000, 0x0000, 0x10A2, 0x528A, 0x8450, 0xB5B6,   // 0x03B0 (944) pixels
0xC638, 0xCE59, 0xC638, 0xC618, 0x9CD3, 0x6B4D, 0x2945, 0x0000, 0x0000, 0x0000, 0x0000, 0x0000, 0x0000, 0x0000, 0x0000, 0x0000,   // 0x03C0 (960) pixels
0x0000
};

const unsigned short Moon_Phase_180[961] PROGMEM={
0x0000, 0x0000, 0x0000, 0x0000, 0x0000, 0x0000, 0x0000, 0x0000, 0x0000, 0x0000, 0x2945, 0x6B4D, 0x9CD3, 0xC618, 0xC638, 0xCE59,   // 0x0010 (16) pixels
0xC638, 0xB5B6, 0x8450, 0x528A, 0x10A2, 0x0000, 0x0000, 0x0000, 0x0000, 0x0000, 0x0000, 0x0000, 0x0000, 0x0000, 0x0000, 0x0000,   // 0x0020 (32) pixels
0x0000, 0x0000, 0x0000, 0x0000, 0x0000, 0x0000, 0x0000, 0x4A69, 0xB5B6, 0xF79E, 0xFFFF, 0xFFFF, 0xFFFF, 0xFFFF, 0xFFFF, 0xFFFF,   // 0x0030 (48) pixels
0xFFFF, 0xFFFF, 0xFFFF, 0xDEFB, 0x8451, 0x2124, 0x0000, 0x0000, 0x0020, 0x0000, 0x0000, 0x0000, 0x0000, 0x0000, 0x0000, 0x0000,   // 0x0040 (64) pixels
0x0000, 0x0000, 0x0000, 0x0000, 0x2965, 0xB596, 0xFFFF, 0xFFFF, 0xF7DE, 0xF7BE, 0xF7BE, 0xF7BE, 0xF7BE, 0xF7BE, 0xF7BE, 0xF7BE,   // 0x0050 (80) pixels
0xF7BE, 0xF7BE, 0xFFFF, 0xFFFF, 0xE73C, 0x73AE, 0x0841, 0x0000, 0x0000, 0x0000, 0x0000, 0x0000, 0x0000, 0x0000, 0x0000, 0x0000,   // 0x0060 (96) pixels
0x0000, 0x0000, 0x52CA, 0xEF5D, 0xFFFF, 0xF7BE, 0xF7BE, 0xF7BE, 0xF7BE, 0xF7BE, 0xF7BE, 0xF7BE, 0xF7BE, 0xF7BE, 0xF7BE, 0xF7BE,   // 0x0070 (112) pixels
0xF7BE, 0xF7BE, 0xF7BE, 0xFFDF, 0xFFFF, 0xBDB6, 0x18E3, 0x0000, 0x0000, 0x0000, 0x0000, 0x0000, 0x0000, 0x0000, 0x0000, 0x0000,   // 0x0080 (128) pixels
0x6B6D, 0xFFDF, 0xFFFF, 0xF7BE, 0xF7BE, 0xF7BE, 0xF7BE, 0xF7BE, 0xF7BE, 0xF7BE, 0xF7BE, 0xF7BE, 0xF7BE, 0xF7BE, 0xF7BE, 0xF7BE,   // 0x0090 (144) pixels
0xF7DE, 0xF7BE, 0xF79E, 0xF7BE, 0xFFFF, 0xCE59, 0x18E3, 0x0000, 0x0000, 0x0000, 0x0000, 0x0000, 0x0000, 0x0000, 0x52AA, 0xFFDF,   // 0x00A0 (160) pixels
0xFFDF, 0xF7BE, 0xF7BE, 0xF7BE, 0xF7BE, 0xF7BE, 0xF7BE, 0xF7BE, 0xF7BE, 0xF7BE, 0xF7BE, 0xF7BE, 0xF7BE, 0xF7BE, 0xF7DF, 0xE73C,   // 0x00B0 (176) pixels
0xDEDB, 0xF79E, 0xF7BE, 0xFFDF, 0xFFFF, 0xC638, 0x10A2, 0x0000, 0x0000, 0x0000, 0x0000, 0x0000, 0x2965, 0xE75D, 0xFFFF, 0xF7BE,   // 0x00C0 (192) pixels
0xF7BE, 0xF7BE, 0xF7BE, 0xF7BE, 0xF7BE, 0xF7BE, 0xF7BE, 0xF7BE, 0xF7BE, 0xF7BE, 0xF7BE, 0xE73C, 0xD6DB, 0xD6DB, 0xD69A, 0xD6BA,   // 0x00D0 (208) pixels
0xDEDB, 0xC638, 0xEF5D, 0xF7BE, 0xFFFF, 0x9CF3, 0x0000, 0x0000, 0x0000, 0x0000, 0x0000, 0xB5B6, 0xFFFF, 0xF7BE, 0xF7BE, 0xF7BE,   // 0x00E0 (224) pixels
0xF7BE, 0xF7BE, 0xF7BE, 0xF7BE, 0xF7BE, 0xF7BE, 0xF7BE, 0xF7BE, 0xF7BE, 0xE71B, 0xBDD7, 0xBDF7, 0xB5D6, 0xBDD6, 0xCE79, 0xD6BA,   // 0x00F0 (240) pixels
0xB5B6, 0xC638, 0xF7BE, 0xF7BE, 0xFFDF, 0x52AA, 0x0000, 0x0000, 0x0000, 0x528A, 0xFFFF, 0xF7BE, 0xF7BE, 0xF7BE, 0xF7BE, 0xF7BE,   // 0x0100 (256) pixels
0xF7BE, 0xF7BE, 0xF7BE, 0xF7BE, 0xF7BE, 0xF7BE, 0xF7BE, 0xF7BE, 0xE73C, 0xBDF7, 0xBDF7, 0xBDF7, 0xBDF7, 0xE71B, 0xEF7D, 0xBDD7,   // 0x0110 (272) pixels
0xCE79, 0xF79E, 0xF7BE, 0xFFFF, 0xCE79, 0x0861, 0x0000, 0x0000, 0xB5B6, 0xFFFF, 0xF79E, 0xF79E, 0xF7BE, 0xEF7D, 0xF79E, 0xF7BE,   // 0x0120 (288) pixels
0xF7BE, 0xF7BE, 0xF7BE, 0xF7BE, 0xF7BE, 0xF7BE, 0xF7BE, 0xF7BE, 0xCE59, 0xBDD7, 0xBDF7, 0xC617, 0xEF7D, 0xC618, 0xBDD7, 0xEF5D,   // 0x0130 (304) pixels
0xFFDF, 0xF79E, 0xFFDF, 0xFFFF, 0x52AA, 0x0000, 0x3186, 0xF79E, 0xF79E, 0xCE59, 0xEF5D, 0xF7BE, 0xC618, 0xCE79, 0xF7DF, 0xF7BE,   // 0x0140 (320) pixels
0xF7BE, 0xF7BE, 0xF7BE, 0xF7BE, 0xF7BE, 0xF7BE, 0xF79D, 0xCE58, 0xBDF7, 0xBDF7, 0xBDF7, 0xC638, 0xBDD7, 0xBDD7, 0xD69A, 0xE73C,   // 0x0150 (336) pixels
0xD6BA, 0xE71C, 0xFFFF, 0xAD75, 0x0000, 0x6B6D, 0xFFFF, 0xDEFB, 0xD69A, 0xFFDF, 0xEF7D, 0xB5B6, 0xD6BA, 0xFFDF, 0xF7BE, 0xF7BE,   // 0x0160 (352) pixels
0xF7BE, 0xF7BE, 0xF7BE, 0xF7BE, 0xF7BE, 0xFFDE, 0xE73C, 0xBDD7, 0xBDF7, 0xBDF7, 0xBDD7, 0xBDF7, 0xBDF7, 0xBDD7, 0xBDD7, 0xBDD7,   // 0x0170 (368) pixels
0xC618, 0xF7BE, 0xDEFB, 0x10A2, 0x9CF3, 0xFFFF, 0xDEDB, 0xC618, 0xCE79, 0xF79E, 0xE73D, 0xD6BA, 0xD6BA, 0xF79E, 0xF7BE, 0xF7BE,   // 0x0180 (384) pixels
0xF7BE, 0xF7BE, 0xF7BE, 0xF7BE, 0xF7DE, 0xF7DE, 0xD6BA, 0xBDB6, 0xBDD7, 0xBDD7, 0xBDD7, 0xBDD7, 0xBDF7, 0xBDF7, 0xBDD7, 0xBDD6,   // 0x0190 (400) pixels
0xD69A, 0xE73C, 0x4208, 0xC618, 0xFFFF, 0xDEFB, 0xBDD6, 0xB5B6, 0xDEFB, 0xFFFF, 0xEF5D, 0xBDD7, 0xEF7D, 0xFFFF, 0xF7BE, 0xF7BE,   // 0x01A0 (416) pixels
0xF7BE, 0xF7BE, 0xF7BE, 0xF7BE, 0xF7BE, 0xCE59, 0xBDD7, 0xBDD7, 0xBDD7, 0xBDD7, 0xBDD7, 0xBDF7, 0xBDF7, 0xBDF7, 0xBDF7, 0xBDF7,   // 0x01B0 (432) pixels
0xF7BE, 0x632C, 0xCE79, 0xFFDF, 0xC618, 0xBDD6, 0xB5D6, 0xDEFB, 0xFFFF, 0xEF5D, 0xBDF7, 0xD69A, 0xEF5D, 0xF7DF, 0xF7BE, 0xF7BE,   // 0x01C0 (448) pixels
0xF7BE, 0xF7DE, 0xEF7D, 0xC638, 0xBDD6, 0xBDD7, 0xBDD7, 0xBDD7, 0xBDD7, 0xBDD7, 0xBDF7, 0xBDF7, 0xBDF7, 0xBDD7, 0xBE17, 0xFFFF,   // 0x01D0 (464) pixels
0x7BEF, 0xCE79, 0xFFDF, 0xBDF7, 0xB5B6, 0xBDD7, 0xC638, 0xD69A, 0xCE79, 0xBDD7, 0xB5B6, 0xC638, 0xF7BE, 0xF7BE, 0xF7DE, 0xF7DE,   // 0x01E0 (480) pixels
0xF7DE, 0xF7BE, 0xD679, 0xBDD6, 0xBDD7, 0xBDD7, 0xBDD7, 0xBDD7, 0xBDD7, 0xBDF7, 0xBDF7, 0xBDF7, 0xBDF7, 0xBDD6, 0xF79D, 0x8430,   // 0x01F0 (496) pixels
0xCE79, 0xFFFF, 0xEF5C, 0xCE79, 0xB5D6, 0xBDD6, 0xB5D6, 0xBDD6, 0xBDF7, 0xBDF7, 0xBDF7, 0xE73C, 0xF7BE, 0xEF5D, 0xDF1B, 0xE75C,   // 0x0200 (512) pixels
0xE73C, 0xC638, 0xBDD6, 0xBDD7, 0xBDD7, 0xBDD7, 0xBDD7, 0xBDD7, 0xBDF7, 0xBDF7, 0xBDF6, 0xBDF6, 0xBDD6, 0xDEDB, 0x738E, 0xB5B6,   // 0x0210 (528) pixels
0xFFFF, 0xF7BE, 0xFFDE, 0xD6BA, 0xCE79, 0xBDF7, 0xBDD6, 0xBDF6, 0xBDD6, 0xB5B6, 0xDEDB, 0xFFDF, 0xCE59, 0xB5B6, 0xBDD6, 0xC618,   // 0x0220 (544) pixels
0xC618, 0xBDD7, 0xBDD7, 0xBDD7, 0xBDF7, 0xBDD7, 0xBDD7, 0xBDD7, 0xBDD7, 0xBDD6, 0xBDD6, 0xBDD6, 0xD699, 0x52AA, 0x8C71, 0xFFFF,   // 0x0230 (560) pixels
0xE71C, 0xD6BA, 0xF7BE, 0xE73C, 0xBDF7, 0xBDF6, 0xBDD6, 0xBDD6, 0xC638, 0xEF5D, 0xF7BE, 0xF7BE, 0xDEDB, 0xD679, 0xFFDE, 0xE71C,   // 0x0240 (576) pixels
0xBDD7, 0xBDD7, 0xBDD7, 0xBDF7, 0xBDD7, 0xBDD7, 0xBDD7, 0xBDD7, 0xBDD6, 0xBDD6, 0xBDD6, 0xCE58, 0x31A6, 0x5ACB, 0xFFDF, 0xCE58,   // 0x0250 (592) pixels
0xB5B6, 0xDEDA, 0xFFDF, 0xDEFB, 0xE71B, 0xD6BA, 0xBDF7, 0xC618, 0xC618, 0xC638, 0xDEDB, 0xF7BE, 0xF7BE, 0xE6FB, 0xC5F7, 0xBDD7,   // 0x0260 (608) pixels
0xBDD7, 0xBDF7, 0xBDF7, 0xBDD7, 0xBDD7, 0xBDD7, 0xBDD7, 0xBDD6, 0xBDD6, 0xC638, 0xBDF7, 0x0861, 0x18C3, 0xE71C, 0xCE79, 0xB5B6,   // 0x0270 (624) pixels
0xC618, 0xF7BE, 0xF79D, 0xEF7D, 0xEF9D, 0xBDF7, 0xBDD7, 0xBDD7, 0xBDD7, 0xB5B6, 0xEF5C, 0xEF7D, 0xBDD6, 0xBDD6, 0xBDD7, 0xBDD6,   // 0x0280 (640) pixels
0xBDD6, 0xBDF6, 0xBDF7, 0xBDD7, 0xBDD7, 0xBDD7, 0xBDF7, 0xBDD6, 0xE71B, 0x8C71, 0x0000, 0x0000, 0x94B2, 0xFFDF, 0xCE79, 0xD6BA,   // 0x0290 (656) pixels
0xF7BE, 0xF7BE, 0xF7BE, 0xF7BE, 0xCE58, 0xBDD7, 0xBDF7, 0xBDF7, 0xBDF7, 0xCE99, 0xC638, 0xBDD6, 0xBDD6, 0xBDD6, 0xBDD6, 0xBDD6,   // 0x02A0 (672) pixels
0xBDF6, 0xBDF7, 0xBDD7, 0xBDB6, 0xBDD6, 0xBDF7, 0xBDF7, 0xCE79, 0x2965, 0x0000, 0x0000, 0x2965, 0xF79E, 0xFFFF, 0xF7BE, 0xF7BE,   // 0x02B0 (688) pixels
0xF7BE, 0xF7BE, 0xF7BE, 0xE73C, 0xBDF7, 0xBDD7, 0xBDD6, 0xBDF7, 0xCE79, 0xBDD6, 0xBDD7, 0xBDD7, 0xBDD7, 0xBDD7, 0xBDD7, 0xBDF7,   // 0x02C0 (704) pixels
0xBDD6, 0xBDF7, 0xD69A, 0xBE17, 0xBDD6, 0xCE58, 0x8450, 0x0000, 0x0000, 0x0000, 0x0000, 0x8410, 0xFFFF, 0xF7BE, 0xF7BE, 0xF7BE,   // 0x02D0 (720) pixels
0xF7BE, 0xDEFB, 0xDEDB, 0xCE59, 0xC638, 0xC638, 0xCE79, 0xE73C, 0xB5B6, 0xBDD7, 0xBDD7, 0xBDD7, 0xBDD7, 0xBDD7, 0xBDD6, 0xBDF7,   // 0x02E0 (736) pixels
0xDF1B, 0xF79D, 0xBDF7, 0xBDF7, 0xC617, 0x2944, 0x0000, 0x0000, 0x0000, 0x0000, 0x0861, 0xBDF7, 0xFFFF, 0xF7BE, 0xF7BE, 0xF7BE,   // 0x02F0 (752) pixels
0xE73C, 0xD69A, 0xE73C, 0xCE79, 0xF79E, 0xF7BE, 0xEF7D, 0xCE59, 0xBDF7, 0xBDB6, 0xBDD7, 0xBDD7, 0xBDD7, 0xB5B6, 0xCE58, 0xFFFF,   // 0x0300 (768) pixels
0xD6DA, 0xC618, 0xD699, 0x630C, 0x0000, 0x0000, 0x0000, 0x0000, 0x0000, 0x0000, 0x2124, 0xD6DA, 0xFFFF, 0xF7BE, 0xF7BE, 0xF7BE,   // 0x0310 (784) pixels
0xF7BE, 0xF7BE, 0xF79E, 0xF7BE, 0xF7BE, 0xF7BE, 0xFFDF, 0xEF5D, 0xCE59, 0xC618, 0xBDF7, 0xD6BA, 0xE73C, 0xEF7D, 0xDEFB, 0xDEFB,   // 0x0320 (800) pixels
0xE71B, 0x7BEF, 0x0000, 0x0000, 0x0000, 0x0000, 0x0000, 0x0000, 0x0020, 0x0000, 0x2965, 0xCE99, 0xFFFF, 0xF7BE, 0xF7BE, 0xF7BE,   // 0x0330 (816) pixels
0xF7BE, 0xF7BE, 0xF7BE, 0xF7BE, 0xF7BE, 0xF79E, 0xF7BE, 0xF79E, 0xE73C, 0xEF5D, 0xFFDF, 0xE73C, 0xDEFB, 0xE73C, 0xF79D, 0x7BEF,   // 0x0340 (832) pixels
0x0020, 0x0000, 0x0000, 0x0000, 0x0000, 0x0000, 0x0000, 0x0000, 0x0000, 0x0000, 0x18C3, 0xA555, 0xFFFF, 0xFFFF, 0xF7BE, 0xF7BE,   // 0x0350 (848) pixels
0xF7BE, 0xF7BE, 0xF7BE, 0xF7BE, 0xF7BE, 0xF7BE, 0xF7BE, 0xF7BE, 0xF7BE, 0xF7BE, 0xEF7D, 0xFFFF, 0xEF7D, 0x632C, 0x0000, 0x0000,   // 0x0360 (864) pixels
0x0000, 0x0000, 0x0000, 0x0000, 0x0000, 0x0000, 0x0000, 0x0000, 0x0000, 0x0000, 0x0000, 0x5AEB, 0xD69A, 0xFFFF, 0xFFFF, 0xFFDF,   // 0x0370 (880) pixels
0xF7BE, 0xF7BE, 0xF7BE, 0xF7BE, 0xF7BE, 0xF7BE, 0xF7DF, 0xFFFF, 0xFFFF, 0xFFDF, 0xAD55, 0x2945, 0x0000, 0x0000, 0x0000, 0x0000,   // 0x0380 (896) pixels
0x0000, 0x0000, 0x0000, 0x0000, 0x0000, 0x0000, 0x0000, 0x0000, 0x0000, 0x0000, 0x0000, 0x0881, 0x5AEB, 0xB5B6, 0xE73C, 0xFFDF,   // 0x0390 (912) pixels
0xFFFF, 0xFFFF, 0xFFFF, 0xFFFF, 0xFFFF, 0xF79E, 0xD6BA, 0x94B2, 0x31A6, 0x0000, 0x0000, 0x0000, 0x0000, 0x0000, 0x0000, 0x0000,   // 0x03A0 (928) pixels
0x0000, 0x0000, 0x0000, 0x0000, 0x0000, 0x0000, 0x0000, 0x0000, 0x0000, 0x0000, 0x0000, 0x0000, 0x0000, 0x18E3, 0x4A49, 0x630C,   // 0x03B0 (944) pixels
0x7BCF, 0x8410, 0x738E, 0x52AA, 0x31A6, 0x0861, 0x0000, 0x0000, 0x0000, 0x0000, 0x0000, 0x0000, 0x0000, 0x0000, 0x0000, 0x0000,   // 0x03C0 (960) pixels
0x0000
};

const unsigned short pixie_0[240] PROGMEM={ //12x20
0x40E3, 0x3863, 0x3864, 0x4064, 0x4863, 0x5062, 0x5862, 0x5862, 0x5061, 0x3862, 0x3861, 0x48E3, 0x1800, 0x2001, 0x3822, 0x5821,   // 0x0010 (16) pixels
0x8041, 0x9880, 0x9880, 0x98A0, 0x7861, 0x5041, 0x4020, 0x3020, 0x1861, 0x2021, 0x7820, 0xB142, 0xCA64, 0xD2C5, 0xCB25, 0xCA64,   // 0x0020 (32) pixels
0xB121, 0x88C1, 0x4861, 0x38A2, 0x1862, 0x7040, 0xC182, 0xE346, 0xC263, 0xB1E3, 0xB224, 0xCAE5, 0xDB45, 0xB962, 0x8102, 0x38A2,   // 0x0030 (48) pixels
0x3082, 0xB0C0, 0xDBA7, 0xAA23, 0x8020, 0x7883, 0x7883, 0x98C1, 0xC327, 0xD2E5, 0xA901, 0x40C2, 0x5061, 0xCA84, 0xCB05, 0x7000,   // 0x0040 (64) pixels
0x5823, 0x6044, 0x6044, 0x6064, 0x9123, 0xD2E4, 0xC1A2, 0x50C2, 0x6881, 0xD2E5, 0xBA03, 0x6000, 0x4803, 0x5005, 0x5005, 0x5044,   // 0x0050 (80) pixels
0x7021, 0xCB06, 0xD2A5, 0x60A2, 0x9122, 0xCAA4, 0xA961, 0x5821, 0x4803, 0x4804, 0x4805, 0x4823, 0x6841, 0xB2A6, 0xC306, 0x70A1,   // 0x0060 (96) pixels
0xA162, 0xD2C4, 0xA141, 0x6041, 0x5023, 0x5063, 0x5863, 0x5043, 0x6842, 0xB265, 0xCB46, 0x80C1, 0x9142, 0xE325, 0xA100, 0x5001,   // 0x0070 (112) pixels
0x4823, 0x5005, 0x5824, 0x6062, 0x7882, 0xC2A5, 0xE3C6, 0x80C1, 0x8122, 0xDAE5, 0x90C0, 0x4001, 0x4803, 0x5004, 0x5823, 0x6024,   // 0x0080 (128) pixels
0x7862, 0xBAC4, 0xDBA6, 0x70A1, 0x78E2, 0xDAA5, 0x90E1, 0x4001, 0x4004, 0x5023, 0x6023, 0x6825, 0x8042, 0xC305, 0xDB87, 0x6081,   // 0x0090 (144) pixels
0x70A1, 0xDAC5, 0xA162, 0x4001, 0x4003, 0x5023, 0x5805, 0x6824, 0x8822, 0xC306, 0xD306, 0x5861, 0x6081, 0xC284, 0xB1E3, 0x5000,   // 0x00A0 (160) pixels
0x4002, 0x5024, 0x5005, 0x6024, 0x9062, 0xCAE5, 0xB1C3, 0x4881, 0x4862, 0xB1A2, 0xD2E5, 0x7820, 0x4001, 0x3803, 0x4004, 0x6002,   // 0x00B0 (176) pixels
0xA163, 0xDB26, 0xA8C0, 0x4081, 0x2062, 0x9060, 0xDB04, 0xCAE5, 0x8840, 0x6000, 0x6800, 0xA123, 0xD387, 0xD1C3, 0x9860, 0x3862,   // 0x00C0 (192) pixels
0x1062, 0x4800, 0xA080, 0xDAC4, 0xDAC5, 0xCA44, 0xCA44, 0xDB26, 0xD203, 0x9800, 0x6820, 0x4062, 0x1861, 0x2800, 0x5800, 0x8820,   // 0x00D0 (208) pixels
0xA941, 0xBA03, 0xBA03, 0x98A0, 0x7800, 0x5020, 0x4800, 0x5082, 0x1000, 0x2000, 0x2800, 0x3000, 0x4000, 0x5800, 0x5800, 0x4800,   // 0x00E0 (224) pixels
0x4000, 0x3800, 0x4000, 0x4000, 0x28E3, 0x1861, 0x1861, 0x1861, 0x2861, 0x3061, 0x4062, 0x4862, 0x4862, 0x4862, 0x3861, 0x38E3,   // 0x00F0 (240) pixels
};

const unsigned short pixie_1[240] PROGMEM={ //12x20
0x38E3, 0x1002, 0x1064, 0x1864, 0x2864, 0x3863, 0x4862, 0x5862, 0x5882, 0x5862, 0x5000, 0x58E3, 0x2061, 0x1001, 0x1002, 0x1802,   // 0x0010 (16) pixels
0x3821, 0x4020, 0x5820, 0x7040, 0x6840, 0x7041, 0x5821, 0x4882, 0x2061, 0x1000, 0x2021, 0x2841, 0x5062, 0x7881, 0x9081, 0x88C1,   // 0x0020 (32) pixels
0x80A1, 0x80A3, 0x6063, 0x48A2, 0x1861, 0x1820, 0x3840, 0x4841, 0x6860, 0xC224, 0xD2A5, 0x98C1, 0x78C3, 0x8105, 0x68C5, 0x40C3,   // 0x0030 (48) pixels
0x1862, 0x2020, 0x4841, 0x5061, 0x7860, 0xC2E5, 0xCB86, 0xA920, 0x70A4, 0x70E5, 0x6906, 0x40C3, 0x1861, 0x3001, 0x5821, 0x5820,   // 0x0040 (64) pixels
0x8020, 0xBA85, 0xCB06, 0xA0C1, 0x80A3, 0x68A4, 0x60E4, 0x40C2, 0x1861, 0x3001, 0x6021, 0x6000, 0x8800, 0xC265, 0xCAE6, 0xA022,   // 0x0050 (80) pixels
0x7043, 0x6883, 0x60E1, 0x40C2, 0x1861, 0x3000, 0x6021, 0x6001, 0x8800, 0xBA25, 0xC2A6, 0xA002, 0x6823, 0x70A3, 0x58C1, 0x40C2,   // 0x0060 (96) pixels
0x1861, 0x3000, 0x6000, 0x6001, 0x8001, 0xBA45, 0xCAC6, 0x9802, 0x7023, 0x78A2, 0x60C1, 0x38A2, 0x1861, 0x2800, 0x5801, 0x5801,   // 0x0070 (112) pixels
0x7001, 0xBA45, 0xCAC6, 0x9002, 0x7022, 0x80A2, 0x60C2, 0x30A2, 0x1861, 0x2801, 0x4823, 0x5002, 0x6800, 0xBA65, 0xCAC5, 0x8800,   // 0x0080 (128) pixels
0x6802, 0x8082, 0x78C2, 0x2082, 0x1861, 0x3822, 0x5023, 0x4802, 0x6801, 0xBA65, 0xCAE5, 0x8800, 0x7000, 0x8062, 0x78A2, 0x2062,   // 0x0090 (144) pixels
0x1861, 0x3823, 0x4803, 0x4803, 0x6801, 0xBA45, 0xC2C5, 0x8800, 0x7020, 0x8062, 0x6883, 0x2081, 0x1861, 0x3823, 0x4003, 0x4003,   // 0x00A0 (160) pixels
0x6001, 0xB245, 0xC2C5, 0x8000, 0x6800, 0x8062, 0x7062, 0x2081, 0x1061, 0x3822, 0x5024, 0x4003, 0x6002, 0xB225, 0xCAA5, 0x8000,   // 0x00B0 (176) pixels
0x5001, 0x7843, 0x6862, 0x2861, 0x1861, 0x3002, 0x5024, 0x4003, 0x5802, 0xBA86, 0xD306, 0x7800, 0x4802, 0x6024, 0x6023, 0x4062,   // 0x00C0 (192) pixels
0x1861, 0x2802, 0x4804, 0x4804, 0x5803, 0xBA25, 0xD286, 0x6802, 0x3803, 0x4804, 0x5004, 0x5062, 0x1861, 0x3002, 0x4804, 0x4003,   // 0x00D0 (208) pixels
0x4824, 0x7063, 0x8083, 0x5023, 0x3803, 0x4804, 0x5004, 0x5862, 0x2061, 0x2001, 0x3002, 0x3002, 0x3002, 0x3001, 0x3001, 0x4002,   // 0x00E0 (224) pixels
0x4802, 0x4802, 0x5002, 0x5882, 0x28E3, 0x1000, 0x1862, 0x2061, 0x2861, 0x3061, 0x3862, 0x4862, 0x5082, 0x5882, 0x5000, 0x60E3,   // 0x00F0 (240) pixels
};

const unsigned short pixie_2[240] PROGMEM={ //12x20
0x48E3, 0x5800, 0x8062, 0x7882, 0x7882, 0x7062, 0x6062, 0x5061, 0x5062, 0x5085, 0x4806, 0x58E7, 0x2062, 0x4800, 0x6820, 0x6820,   // 0x0010 (16) pixels
0x7820, 0x8020, 0x8020, 0x7840, 0x7021, 0x6823, 0x5824, 0x4885, 0x2062, 0x3000, 0x6840, 0x9040, 0xB141, 0xBA23, 0xBA23, 0xB162,   // 0x0020 (32) pixels
0x9860, 0x7883, 0x5864, 0x48A4, 0x1062, 0x5040, 0xA0A0, 0xD284, 0xD325, 0xC2C5, 0xCAE5, 0xCB87, 0xD326, 0xA102, 0x70C3, 0x38A3,   // 0x0030 (48) pixels
0x2082, 0x9840, 0xDAA5, 0xC367, 0x98E0, 0x8080, 0x98C1, 0xB9A2, 0xDC49, 0xCB26, 0x98C1, 0x40C2, 0x5061, 0xCA03, 0xDB66, 0x7840,   // 0x0040 (64) pixels
0x4841, 0x50A2, 0x60C3, 0x78C2, 0xA963, 0xD326, 0xB1A2, 0x50C2, 0x6861, 0xDB06, 0xCA85, 0x6000, 0x3863, 0x3863, 0x3863, 0x3064,   // 0x0050 (80) pixels
0x6822, 0xD2C5, 0xC2A5, 0x60A1, 0x3882, 0x9880, 0xA840, 0x6021, 0x3843, 0x3843, 0x3843, 0x2823, 0x6022, 0xD2A5, 0xC264, 0x60A1,   // 0x0060 (96) pixels
0x1862, 0x4000, 0x5821, 0x4822, 0x4022, 0x4042, 0x3823, 0x4003, 0x88A3, 0xD2C5, 0xB9A2, 0x48C2, 0x1862, 0x1821, 0x2863, 0x3842,   // 0x0070 (112) pixels
0x4821, 0x4021, 0x4822, 0x8000, 0xC285, 0xD306, 0xA0C1, 0x38A2, 0x1862, 0x1821, 0x2842, 0x4041, 0x4021, 0x4821, 0x7800, 0xC264,   // 0x0080 (128) pixels
0xDBC6, 0xB921, 0x88E2, 0x2082, 0x1862, 0x2020, 0x3821, 0x4021, 0x4020, 0x7000, 0xB162, 0xCBE8, 0xD1C1, 0x90C1, 0x50A2, 0x1862,   // 0x0090 (144) pixels
0x1062, 0x2000, 0x3800, 0x4820, 0x7000, 0xB142, 0xDBA7, 0xC941, 0x9820, 0x60A2, 0x1882, 0x1861, 0x1862, 0x2000, 0x3800, 0x6800,   // 0x00A0 (160) pixels
0xA8E1, 0xD3A7, 0xC982, 0x9000, 0x6020, 0x4062, 0x2082, 0x1061, 0x2062, 0x2800, 0x5800, 0xA8C1, 0xD3A7, 0xC1A2, 0x8800, 0x5800,   // 0x00B0 (176) pixels
0x5000, 0x4861, 0x2041, 0x2062, 0x3862, 0x6820, 0xB0E1, 0xD305, 0xC9C2, 0x9800, 0x7800, 0x7000, 0x7800, 0x7820, 0x6040, 0x3882,   // 0x00C0 (192) pixels
0x4862, 0xB040, 0xE427, 0xD54B, 0xCA22, 0xBA64, 0xC264, 0xC264, 0xCAA5, 0xD2A4, 0xB982, 0x5061, 0x5862, 0x9080, 0xD1E1, 0xC263,   // 0x00D0 (208) pixels
0xB1E3, 0xB1C3, 0xBA03, 0xB1E3, 0xB203, 0xB9E3, 0xA121, 0x5861, 0x4862, 0x4001, 0x6021, 0x6000, 0x5000, 0x5000, 0x5000, 0x4800,   // 0x00E0 (224) pixels
0x5000, 0x5800, 0x5800, 0x5882, 0x30E3, 0x2001, 0x3084, 0x3084, 0x3084, 0x3084, 0x3863, 0x4062, 0x4861, 0x5062, 0x4800, 0x60E3,   // 0x00F0 (240) pixels
};

const unsigned short pixie_3[240] PROGMEM={ //12x20
0x40E3, 0x4800, 0x6062, 0x5862, 0x4062, 0x3062, 0x4062, 0x5062, 0x5862, 0x5862, 0x4800, 0x58E3, 0x2861, 0x3800, 0x4800, 0x4000,   // 0x0010 (16) pixels
0x5820, 0x6000, 0x7020, 0x7820, 0x6820, 0x6840, 0x5820, 0x4882, 0x2061, 0x2800, 0x4820, 0x7800, 0xB162, 0xCA84, 0xCAA5, 0xB9C2,   // 0x0020 (32) pixels
0xA080, 0x7881, 0x5061, 0x40A2, 0x1861, 0x2820, 0x8040, 0xDAA5, 0xD3C8, 0xBA85, 0xBAA5, 0xD387, 0xDB46, 0xA922, 0x68A2, 0x38A2,   // 0x0030 (48) pixels
0x1061, 0x5000, 0xCA84, 0xD408, 0x80E1, 0x6000, 0x7840, 0xA102, 0xCC09, 0xCB26, 0x80A1, 0x30A2, 0x1861, 0x6820, 0xCA64, 0x9142,   // 0x0040 (64) pixels
0x4800, 0x4841, 0x5882, 0x8062, 0xA964, 0xD346, 0xA141, 0x38A2, 0x1861, 0x4820, 0x7020, 0x5800, 0x4021, 0x4041, 0x4842, 0x6003,   // 0x0050 (80) pixels
0x98A3, 0xDB26, 0xA182, 0x38A2, 0x1862, 0x3800, 0x5800, 0x4800, 0x4021, 0x4021, 0x4022, 0x6801, 0xBAA7, 0xD326, 0x8880, 0x38A2,   // 0x0060 (96) pixels
0x1861, 0x3820, 0x5021, 0x4821, 0x3822, 0x3821, 0x6021, 0xBA86, 0xDBA7, 0xB942, 0x6061, 0x28A2, 0x1861, 0x3021, 0x3843, 0x3843,   // 0x0070 (112) pixels
0x3043, 0x3002, 0x8041, 0xDBC7, 0xD3A6, 0xB8C0, 0x6860, 0x20A2, 0x2061, 0x2841, 0x2863, 0x3063, 0x3043, 0x4042, 0x5822, 0xA0C1,   // 0x0080 (128) pixels
0xC2C5, 0xCB26, 0xA8C1, 0x3082, 0x1861, 0x2821, 0x3021, 0x3042, 0x3043, 0x4042, 0x4042, 0x6000, 0x9800, 0xD3A8, 0xD347, 0x5061,   // 0x0090 (144) pixels
0x1862, 0x3800, 0x4000, 0x3821, 0x3842, 0x4042, 0x4842, 0x5800, 0x7800, 0xC204, 0xD387, 0x6881, 0x2861, 0x78C1, 0x8880, 0x5020,   // 0x00A0 (160) pixels
0x3042, 0x4042, 0x4042, 0x5800, 0x7000, 0xB162, 0xD306, 0x68C2, 0x3861, 0xA1A3, 0xE306, 0x8840, 0x3822, 0x3822, 0x3821, 0x4000,   // 0x00B0 (176) pixels
0x8000, 0xCAA5, 0xCB47, 0x6861, 0x2061, 0x9040, 0xDB46, 0xCA24, 0x8800, 0x5000, 0x4000, 0x7000, 0xB142, 0xDB26, 0xB101, 0x4061,   // 0x00C0 (192) pixels
0x1862, 0x6800, 0xB080, 0xD2E5, 0xCA84, 0xB203, 0xA9E3, 0xCA44, 0xD387, 0xB182, 0x7000, 0x3062, 0x1861, 0x5000, 0x8800, 0xA0A1,   // 0x00D0 (208) pixels
0xB9C3, 0xCA84, 0xD284, 0xC223, 0xA0E1, 0x5800, 0x3800, 0x4062, 0x2082, 0x3000, 0x4800, 0x5800, 0x6800, 0x8800, 0x8000, 0x6800,   // 0x00E0 (224) pixels
0x5000, 0x3000, 0x3800, 0x4062, 0x28E3, 0x0800, 0x1861, 0x2861, 0x5862, 0x6862, 0x6862, 0x5062, 0x4061, 0x4062, 0x3800, 0x50E3,   // 0x00F0 (240) pixels
};

const unsigned short pixie_4[240] PROGMEM={ //12x20
0x40E3, 0x0800, 0x1861, 0x1862, 0x2864, 0x3866, 0x4065, 0x5062, 0x5061, 0x5062, 0x4800, 0x58E3, 0x2062, 0x1000, 0x1000, 0x1801,   // 0x0010 (16) pixels
0x3022, 0x4824, 0x5843, 0x6821, 0x7000, 0x6020, 0x5820, 0x4882, 0x2062, 0x1001, 0x2022, 0x3042, 0x4062, 0x5863, 0x6883, 0x80A1,   // 0x0020 (32) pixels
0xA0E1, 0x88C1, 0x5861, 0x40A2, 0x1861, 0x2022, 0x3043, 0x4863, 0x6064, 0x6884, 0x7084, 0xA942, 0xDA21, 0xB9E2, 0x78E2, 0x38A2,   // 0x0030 (48) pixels
0x1861, 0x2022, 0x4044, 0x6065, 0x6884, 0x68A2, 0x88C2, 0xC225, 0xDC28, 0xCA62, 0x8902, 0x30A2, 0x1861, 0x2822, 0x5825, 0x6064,   // 0x0040 (64) pixels
0x6062, 0x78A2, 0xA8A0, 0xCB46, 0xCD0B, 0xB9E3, 0x70C1, 0x38A2, 0x1861, 0x3002, 0x6024, 0x6023, 0x7043, 0x9801, 0xCA65, 0xCB05,   // 0x0050 (80) pixels
0xD225, 0xB9E6, 0x60C1, 0x38A2, 0x1861, 0x3801, 0x6003, 0x6002, 0x8802, 0xB963, 0xCB87, 0xB922, 0xCA46, 0xB9E5, 0x60A1, 0x30A2,   // 0x0060 (96) pixels
0x1861, 0x3801, 0x5802, 0x7022, 0xA082, 0xD367, 0xB9C4, 0x9802, 0xC286, 0xB203, 0x70A1, 0x2882, 0x1861, 0x3000, 0x5821, 0x9800,   // 0x0070 (112) pixels
0xCA45, 0xD2C7, 0x8803, 0x8044, 0xD265, 0xBA03, 0x70A1, 0x2082, 0x1061, 0x3000, 0x6800, 0xC203, 0xD306, 0x8045, 0x3806, 0x8022,   // 0x0080 (128) pixels
0xD264, 0xB9E3, 0x78A1, 0x1862, 0x1061, 0x5040, 0xA860, 0xDB05, 0xB1A4, 0x5004, 0x3804, 0x8820, 0xD244, 0xC1A5, 0x8081, 0x1062,   // 0x0090 (144) pixels
0x1862, 0x8820, 0xE428, 0xCBA7, 0xB080, 0xA122, 0xA102, 0xB121, 0xCB24, 0xD2A6, 0xA923, 0x4081, 0x1862, 0xA880, 0xE2E4, 0xCC8A,   // 0x00A0 (160) pixels
0xCAC4, 0xD305, 0xDB05, 0xCAE4, 0xC468, 0xCC08, 0xD2E6, 0x6061, 0x1061, 0x5061, 0x8840, 0x8860, 0x88A1, 0x8881, 0x8881, 0xA080,   // 0x00B0 (176) pixels
0xCAC3, 0xCA25, 0x90A3, 0x3881, 0x1061, 0x3002, 0x4803, 0x4001, 0x4801, 0x4802, 0x4001, 0x7000, 0xD284, 0xB9A4, 0x6000, 0x2861,   // 0x00C0 (192) pixels
0x1861, 0x3001, 0x5024, 0x5024, 0x4803, 0x4003, 0x3002, 0x7840, 0xE265, 0xB183, 0x6000, 0x4062, 0x1861, 0x3001, 0x4803, 0x5024,   // 0x00D0 (208) pixels
0x5025, 0x5005, 0x4004, 0x7063, 0xB901, 0x98A0, 0x5800, 0x5062, 0x1861, 0x2801, 0x3803, 0x3802, 0x3802, 0x4003, 0x4022, 0x4020,   // 0x00E0 (224) pixels
0x5820, 0x5800, 0x5000, 0x5082, 0x28E3, 0x1001, 0x2864, 0x3063, 0x3062, 0x3862, 0x4861, 0x4861, 0x4861, 0x5062, 0x5000, 0x60E3,   // 0x00F0 (240) pixels
};

const unsigned short pixie_5[240] PROGMEM={ //12x20
0x38E3, 0x0800, 0x1062, 0x1861, 0x2061, 0x3061, 0x4061, 0x5062, 0x5062, 0x5062, 0x4800, 0x60E3, 0x2062, 0x1000, 0x1000, 0x1800,   // 0x0010 (16) pixels
0x4000, 0x5000, 0x6020, 0x7820, 0x7820, 0x7020, 0x5820, 0x4082, 0x2061, 0x1000, 0x2040, 0x7860, 0xA901, 0xA162, 0xA982, 0xB1A3,   // 0x0020 (32) pixels
0xB9A3, 0xA982, 0x6881, 0x38A2, 0x1862, 0x1000, 0x5000, 0xDAA3, 0xDC68, 0xD2A4, 0xD2C4, 0xD305, 0xDB25, 0xD2C5, 0x8901, 0x30A2,   // 0x0030 (48) pixels
0x1862, 0x1800, 0x7020, 0xDBA7, 0xC305, 0xA100, 0xA122, 0xA943, 0xB983, 0xA143, 0x68E3, 0x30A2, 0x1062, 0x2800, 0x88E1, 0xD223,   // 0x0040 (64) pixels
0xA8E0, 0x6882, 0x5843, 0x4824, 0x5044, 0x5825, 0x5044, 0x38C2, 0x1061, 0x3800, 0xA942, 0xD203, 0xA080, 0x7042, 0x6023, 0x4823,   // 0x0050 (80) pixels
0x3804, 0x4805, 0x5024, 0x38C2, 0x1062, 0x4800, 0xC284, 0xCAE4, 0xB0A0, 0xA923, 0xB123, 0xA042, 0x8043, 0x6064, 0x4843, 0x38C2,   // 0x0060 (96) pixels
0x0862, 0x5800, 0xCA63, 0xD3E6, 0xCA44, 0xD2A6, 0xD2C5, 0xCB27, 0xC9E4, 0x8881, 0x50C2, 0x30A2, 0x1062, 0x3800, 0x9880, 0xC983,   // 0x0070 (112) pixels
0xA923, 0x98A2, 0xA0A2, 0xC286, 0xDBC8, 0xB9C3, 0x78C1, 0x30A2, 0x1882, 0x2800, 0x5000, 0x6802, 0x5002, 0x5003, 0x5802, 0x8800,   // 0x0080 (128) pixels
0xC1E4, 0xD3C7, 0xA8E1, 0x2882, 0x1861, 0x3000, 0x4801, 0x4001, 0x3802, 0x4003, 0x4802, 0x6801, 0x9840, 0xD2E5, 0xBA03, 0x2861,   // 0x0090 (144) pixels
0x1061, 0x3802, 0x4802, 0x3800, 0x4003, 0x4004, 0x5022, 0x5801, 0x9000, 0xDAE5, 0xB224, 0x3861, 0x1881, 0x5822, 0x7821, 0x5022,   // 0x00A0 (160) pixels
0x4003, 0x4824, 0x5002, 0x5002, 0x8801, 0xDAC5, 0xB1E3, 0x3061, 0x3061, 0xA1C3, 0xDAA5, 0x7801, 0x3002, 0x3003, 0x3802, 0x6000,   // 0x00B0 (176) pixels
0xA963, 0xE387, 0xA0A1, 0x2861, 0x2861, 0xA0C2, 0xE3E9, 0xB9C4, 0x7800, 0x5800, 0x6000, 0xA0A1, 0xDC49, 0xCA85, 0x8000, 0x3062,   // 0x00C0 (192) pixels
0x1062, 0x5802, 0xA8E5, 0xDB27, 0xCA44, 0xB9C3, 0xC244, 0xD326, 0xCA64, 0x8800, 0x5820, 0x4062, 0x1862, 0x3004, 0x6805, 0xA0E4,   // 0x00D0 (208) pixels
0xC1E3, 0xD243, 0xCA84, 0xA901, 0x8000, 0x5000, 0x4800, 0x5082, 0x2062, 0x1802, 0x3004, 0x4002, 0x6000, 0x7800, 0x7000, 0x5820,   // 0x00E0 (224) pixels
0x4000, 0x4800, 0x5000, 0x5082, 0x28E3, 0x1000, 0x1862, 0x1862, 0x3062, 0x3862, 0x4062, 0x4062, 0x5061, 0x5882, 0x5020, 0x60E3,   // 0x00F0 (240) pixels
};

const unsigned short pixie_6[240] PROGMEM={ //12x20
0x38E3, 0x1861, 0x1861, 0x1861, 0x2861, 0x3862, 0x4061, 0x5861, 0x5862, 0x5862, 0x5862, 0x58E3, 0x1000, 0x1000, 0x1001, 0x2021,   // 0x0010 (16) pixels
0x3820, 0x4820, 0x5840, 0x6820, 0x7020, 0x6840, 0x6020, 0x4020, 0x1862, 0x1001, 0x2023, 0x3042, 0x4861, 0x5861, 0x7061, 0xA121,   // 0x0020 (32) pixels
0xA962, 0x80A1, 0x5861, 0x48A2, 0x1861, 0x2022, 0x3045, 0x4864, 0x5882, 0x60A1, 0x90C0, 0xD2E5, 0xDAA4, 0x9101, 0x60C1, 0x40A2,   // 0x0030 (48) pixels
0x1862, 0x2823, 0x4045, 0x5884, 0x5883, 0x7840, 0xBA44, 0xD3A7, 0xC182, 0x8123, 0x60E2, 0x38C2, 0x1861, 0x3001, 0x5023, 0x6042,   // 0x0040 (64) pixels
0x6021, 0xA142, 0xDBA7, 0xC1C3, 0xA0E3, 0x78E4, 0x60C3, 0x40C2, 0x1062, 0x3000, 0x6000, 0x6001, 0x8000, 0xCB47, 0xCAE6, 0xA021,   // 0x0050 (80) pixels
0x7864, 0x70C5, 0x58C4, 0x40C2, 0x1062, 0x3000, 0x5800, 0x6800, 0xB1E4, 0xD367, 0xB040, 0x8863, 0x7844, 0x70A5, 0x50C5, 0x38A2,   // 0x0060 (96) pixels
0x1862, 0x2800, 0x5800, 0xA0E1, 0xD408, 0xCA43, 0xC102, 0xB082, 0xA862, 0x90E5, 0x58C4, 0x30A2, 0x1062, 0x2800, 0x8800, 0xD428,   // 0x0070 (112) pixels
0xCC68, 0xC921, 0xCA45, 0xD307, 0xDA65, 0xB8E3, 0x8105, 0x2882, 0x0862, 0x5800, 0xC1E3, 0xDD0A, 0xC9E3, 0x8864, 0x7044, 0x9144,   // 0x0080 (128) pixels
0xCBA8, 0xDB06, 0xB0C2, 0x30A2, 0x1062, 0x9040, 0xDBE6, 0xD2A4, 0x9000, 0x4005, 0x4005, 0x5001, 0x8841, 0xD346, 0xC9C3, 0x50A1,   // 0x0090 (144) pixels
0x2862, 0xA121, 0xE304, 0xA0E1, 0x4803, 0x4005, 0x5005, 0x4803, 0x6000, 0xBAA5, 0xD367, 0x6881, 0x3062, 0xA141, 0xE284, 0x7841,   // 0x00A0 (160) pixels
0x3003, 0x4005, 0x4805, 0x4003, 0x6000, 0xBA85, 0xCB87, 0x6081, 0x2082, 0xA0A0, 0xE2E5, 0x80C3, 0x3802, 0x3004, 0x3804, 0x3802,   // 0x00B0 (176) pixels
0x7000, 0xD2E5, 0xCAA4, 0x5061, 0x1062, 0x8020, 0xD266, 0xC368, 0x8041, 0x4801, 0x4801, 0x6800, 0xB9E3, 0xDB87, 0xB0C0, 0x3862,   // 0x00C0 (192) pixels
0x1061, 0x4822, 0xA843, 0xDAE6, 0xD326, 0xA9E4, 0xA9C3, 0xCA24, 0xE326, 0xB121, 0x7000, 0x4062, 0x1861, 0x2803, 0x6025, 0x9843,   // 0x00D0 (208) pixels
0xC183, 0xD2E5, 0xD2C5, 0xC1E3, 0x98C0, 0x6000, 0x4800, 0x5062, 0x0800, 0x2002, 0x3004, 0x4823, 0x6820, 0x8000, 0x8000, 0x6800,   // 0x00E0 (224) pixels
0x5000, 0x4000, 0x4800, 0x5000, 0x28E3, 0x1862, 0x1862, 0x1862, 0x2861, 0x3862, 0x4062, 0x4862, 0x4862, 0x5862, 0x6082, 0x60E3,   // 0x00F0 (240) pixels
};

const unsigned short pixie_7[240] PROGMEM={ //12x20
0x38E3, 0x0800, 0x1061, 0x1861, 0x2861, 0x3861, 0x4862, 0x5862, 0x5862, 0x5061, 0x4800, 0x58E3, 0x2081, 0x1000, 0x2000, 0x2800,   // 0x0010 (16) pixels
0x4000, 0x4800, 0x6000, 0x7820, 0x7020, 0x7000, 0x5020, 0x4882, 0x1861, 0x3000, 0x9122, 0x9183, 0xA9C3, 0xA9A2, 0xB1C3, 0xB1E3,   // 0x0020 (32) pixels
0xA9E3, 0xB9A3, 0x8080, 0x40A2, 0x1062, 0x5020, 0xC1E2, 0xDA83, 0xDAC4, 0xD2C4, 0xD2E4, 0xD2C5, 0xC284, 0xD4CA, 0xC284, 0x4861,   // 0x0030 (48) pixels
0x1861, 0x3840, 0x7880, 0x90A0, 0x98C0, 0xA101, 0x98E2, 0x98E3, 0xB141, 0xCB25, 0xC2A5, 0x4882, 0x2061, 0x2000, 0x3821, 0x3822,   // 0x0040 (64) pixels
0x4843, 0x5863, 0x5844, 0x9083, 0xC265, 0xCAE5, 0x90C0, 0x38C2, 0x1861, 0x1802, 0x3003, 0x3004, 0x3805, 0x3804, 0x5804, 0xA8A3,   // 0x0050 (80) pixels
0xD2C5, 0xB224, 0x68A1, 0x38A2, 0x1861, 0x1802, 0x3004, 0x3004, 0x3804, 0x3804, 0x7803, 0xC1E5, 0xC2C6, 0x98A1, 0x48A1, 0x38A2,   // 0x0060 (96) pixels
0x1861, 0x1801, 0x3003, 0x3003, 0x3804, 0x3804, 0xA063, 0xDAA6, 0xA963, 0x7081, 0x3881, 0x30A2, 0x2081, 0x2001, 0x3002, 0x3803,   // 0x0070 (112) pixels
0x3004, 0x6002, 0xC266, 0xDB27, 0x9020, 0x4081, 0x2860, 0x2882, 0x2062, 0x2000, 0x3802, 0x3803, 0x3802, 0x9062, 0xDB67, 0xB964,   // 0x0080 (128) pixels
0x6001, 0x2840, 0x1840, 0x2081, 0x1861, 0x2800, 0x4002, 0x3001, 0x5800, 0xC265, 0xD2A5, 0x8800, 0x4822, 0x2821, 0x1020, 0x1861,   // 0x0090 (144) pixels
0x1861, 0x3000, 0x3801, 0x3800, 0x9080, 0xDB26, 0xB122, 0x6800, 0x3800, 0x3021, 0x1820, 0x1862, 0x1861, 0x2801, 0x3801, 0x5000,   // 0x00A0 (160) pixels
0xCAE5, 0xD2C5, 0x7800, 0x5020, 0x3020, 0x3021, 0x1820, 0x1861, 0x1861, 0x2801, 0x4801, 0x8080, 0xE2C5, 0xB101, 0x5000, 0x4000,   // 0x00B0 (176) pixels
0x3020, 0x3021, 0x2000, 0x2061, 0x1861, 0x2000, 0x6800, 0xCAA5, 0xD224, 0x7000, 0x3001, 0x2800, 0x3001, 0x3822, 0x2800, 0x3061,   // 0x00C0 (192) pixels
0x1861, 0x3000, 0x9881, 0xE265, 0xA922, 0x3801, 0x1802, 0x2803, 0x3003, 0x3001, 0x3000, 0x3862, 0x2061, 0x3000, 0x6860, 0x9080,   // 0x00D0 (208) pixels
0x6022, 0x2802, 0x2802, 0x2004, 0x2002, 0x3000, 0x4000, 0x4061, 0x2062, 0x2000, 0x2800, 0x2800, 0x2800, 0x3001, 0x2801, 0x2001,   // 0x00E0 (224) pixels
0x2801, 0x3800, 0x4800, 0x4862, 0x28E3, 0x1000, 0x1861, 0x2061, 0x3061, 0x3861, 0x4062, 0x4862, 0x5062, 0x5082, 0x5000, 0x60E3,   // 0x00F0 (240) pixels
};

const unsigned short pixie_8[240] PROGMEM={ //12x20
0x38E3, 0x3000, 0x3861, 0x3862, 0x3862, 0x3862, 0x4062, 0x5062, 0x5862, 0x3862, 0x2000, 0x40E3, 0x2861, 0x2800, 0x3800, 0x3820,   // 0x0010 (16) pixels
0x6020, 0x8020, 0x8840, 0x9080, 0x6861, 0x5041, 0x3820, 0x4082, 0x2061, 0x1800, 0x4820, 0x8040, 0xC9E2, 0xDAE5, 0xD305, 0xD2A4,   // 0x0020 (32) pixels
0xA921, 0x80A1, 0x4061, 0x40A2, 0x1861, 0x2020, 0x8060, 0xD2A4, 0xD366, 0xAA65, 0xAA65, 0xCAC5, 0xDB25, 0xB9E3, 0x78C2, 0x38A2,   // 0x0030 (48) pixels
0x1061, 0x5000, 0xC244, 0xC387, 0x7860, 0x4800, 0x5802, 0x8862, 0xBA85, 0xCB87, 0xA142, 0x40C2, 0x1061, 0x7840, 0xDB46, 0x8942,   // 0x0040 (64) pixels
0x3001, 0x2803, 0x3003, 0x5043, 0x8862, 0xD2A5, 0xBA44, 0x48A2, 0x1862, 0x8040, 0xE346, 0x9142, 0x3001, 0x1803, 0x2003, 0x4003,   // 0x0050 (80) pixels
0x8802, 0xD2C6, 0xC264, 0x50A2, 0x1061, 0x5000, 0xD284, 0xBA85, 0x7800, 0x5002, 0x5003, 0x7802, 0xA1A4, 0xD326, 0x9101, 0x40C2,   // 0x0060 (96) pixels
0x1062, 0x2800, 0xA060, 0xC203, 0xCA63, 0xB9A2, 0xB1A4, 0xC224, 0xBA85, 0xC204, 0x6881, 0x30A2, 0x1062, 0x3800, 0x9000, 0xC181,   // 0x0070 (112) pixels
0xDBE6, 0xDB25, 0xDAC4, 0xDC27, 0xCA84, 0xB0E1, 0x78C1, 0x2082, 0x1862, 0x7000, 0xC183, 0xC2E6, 0xB122, 0x9081, 0x98A2, 0xB0C1,   // 0x0080 (128) pixels
0xC224, 0xCAE5, 0xA901, 0x3082, 0x3061, 0xA941, 0xE326, 0x88A1, 0x4801, 0x3003, 0x3003, 0x5002, 0x8800, 0xD2E6, 0xD367, 0x5861,   // 0x0090 (144) pixels
0x4861, 0xCB06, 0xD2E6, 0x5800, 0x2002, 0x2803, 0x2803, 0x3002, 0x5800, 0xB962, 0xDC29, 0x70E2, 0x5061, 0xBAC5, 0xCA64, 0x5800,   // 0x00A0 (160) pixels
0x2002, 0x2803, 0x2803, 0x3002, 0x5000, 0xB0E1, 0xCB87, 0x8143, 0x3861, 0xA204, 0xE2E5, 0x8000, 0x2801, 0x2002, 0x2002, 0x2801,   // 0x00B0 (176) pixels
0x6000, 0xC224, 0xCBE8, 0x7061, 0x1861, 0x8040, 0xDB47, 0xC224, 0x8800, 0x4800, 0x4000, 0x6800, 0xA901, 0xDBA7, 0xC182, 0x4061,   // 0x00C0 (192) pixels
0x1062, 0x4000, 0x98E1, 0xCAE6, 0xDA44, 0xBA04, 0xB1C3, 0xD1E3, 0xD3A7, 0xC204, 0x8800, 0x2882, 0x1861, 0x2800, 0x5000, 0x8060,   // 0x00D0 (208) pixels
0xB182, 0xC244, 0xCA44, 0xC1E3, 0x9902, 0x7000, 0x4800, 0x2861, 0x2062, 0x2000, 0x3000, 0x3000, 0x5000, 0x6800, 0x6800, 0x5800,   // 0x00E0 (224) pixels
0x4000, 0x3000, 0x2801, 0x3062, 0x28E3, 0x0800, 0x1861, 0x2061, 0x3061, 0x3862, 0x3862, 0x3861, 0x2861, 0x2863, 0x1803, 0x38E5,   // 0x00F0 (240) pixels
};

const unsigned short pixie_9[240] PROGMEM={ //12x20
0x50E6, 0x40A6, 0x4085, 0x3884, 0x3862, 0x4081, 0x4882, 0x5862, 0x5861, 0x5061, 0x5861, 0x58E3, 0x2823, 0x2823, 0x4063, 0x6041,   // 0x0010 (16) pixels
0x9080, 0xA0C0, 0xA080, 0x9880, 0x7860, 0x6841, 0x5020, 0x4020, 0x2063, 0x2842, 0x8041, 0xB9A2, 0xD284, 0xD2C5, 0xD367, 0xCA63,   // 0x0020 (32) pixels
0xB0E0, 0x90C1, 0x5861, 0x40A2, 0x1861, 0x7800, 0xC9E2, 0xDB67, 0xB1E4, 0x9984, 0xAA45, 0xC346, 0xDB87, 0xB962, 0x78E2, 0x38A2,   // 0x0030 (48) pixels
0x3081, 0xB941, 0xE3E8, 0x9923, 0x6000, 0x6063, 0x7022, 0xA0A1, 0xCBA8, 0xCB26, 0x9901, 0x38A2, 0x6061, 0xD346, 0xBAE7, 0x6000,   // 0x0040 (64) pixels
0x5823, 0x6845, 0x7066, 0x7844, 0xB164, 0xD346, 0xA962, 0x40C2, 0x7061, 0xDB26, 0xA9C3, 0x6000, 0x6024, 0x6847, 0x7047, 0x7825,   // 0x0050 (80) pixels
0xA8C4, 0xD2C5, 0xA9A2, 0x48C2, 0x7881, 0xCB06, 0xAA45, 0x6000, 0x6005, 0x6826, 0x6006, 0x8005, 0xB9A4, 0xD3A6, 0x9121, 0x40A2,   // 0x0060 (96) pixels
0x58A1, 0xB942, 0xD346, 0x8881, 0x5802, 0x5806, 0x7006, 0xA823, 0xCB46, 0xD3E7, 0x7880, 0x2882, 0x2082, 0xA040, 0xDA23, 0xCBE9,   // 0x0070 (112) pixels
0xAA26, 0x98C5, 0xB0E3, 0xCB46, 0xDD4B, 0xB162, 0x58A1, 0x1882, 0x1061, 0x5040, 0xA800, 0xD1E3, 0xD367, 0xCA84, 0xC9A1, 0xCC07,   // 0x0080 (128) pixels
0xD347, 0x7800, 0x30A2, 0x1881, 0x1061, 0x2000, 0x5840, 0x8000, 0x9800, 0xB060, 0xCAA4, 0xCB46, 0x9800, 0x5843, 0x3862, 0x1881,   // 0x0090 (144) pixels
0x1881, 0x2000, 0x3800, 0x4800, 0x6000, 0xB101, 0xDBA7, 0xA122, 0x6800, 0x6082, 0x4062, 0x1061, 0x1861, 0x2000, 0x4000, 0x4800,   // 0x00A0 (160) pixels
0x9000, 0xD367, 0xB285, 0x7000, 0x5800, 0x6082, 0x3862, 0x1061, 0x1861, 0x2800, 0x5001, 0x7000, 0xCA03, 0xD326, 0x7800, 0x5000,   // 0x00B0 (176) pixels
0x5821, 0x6062, 0x4042, 0x2061, 0x1861, 0x3000, 0x6821, 0xB942, 0xDC08, 0x9942, 0x5000, 0x4002, 0x5022, 0x5822, 0x4821, 0x3861,   // 0x00C0 (192) pixels
0x1861, 0x3800, 0x8800, 0xE2C5, 0xCAA5, 0x5800, 0x3801, 0x4803, 0x5024, 0x5021, 0x4800, 0x4862, 0x1861, 0x4000, 0x7020, 0x9880,   // 0x00D0 (208) pixels
0x7800, 0x4001, 0x4022, 0x4824, 0x4804, 0x4800, 0x5000, 0x5082, 0x1000, 0x3000, 0x4800, 0x3800, 0x3000, 0x3800, 0x3801, 0x4002,   // 0x00E0 (224) pixels
0x4002, 0x4800, 0x5020, 0x4800, 0x28E3, 0x1861, 0x2061, 0x2062, 0x3061, 0x4061, 0x4862, 0x4882, 0x5062, 0x5882, 0x5882, 0x60E3,   // 0x00F0 (240) pixels
};

const unsigned short pixie_Dot_OFF[240] PROGMEM={ //12x20
0x38E3, 0x1862, 0x1081, 0x1882, 0x2861, 0x3861, 0x4062, 0x5062, 0x5062, 0x5082, 0x5062, 0x58E3, 0x1800, 0x1800, 0x0800, 0x1000,   // 0x0010 (16) pixels
0x1801, 0x2801, 0x3000, 0x3800, 0x3800, 0x3800, 0x4020, 0x4020, 0x3063, 0x1821, 0x1021, 0x2021, 0x2821, 0x2822, 0x3021, 0x3020,   // 0x0020 (32) pixels
0x3020, 0x3020, 0x3020, 0x48A2, 0x3864, 0x1822, 0x2041, 0x3022, 0x2843, 0x3042, 0x2841, 0x3021, 0x3821, 0x3040, 0x2840, 0x40C2,   // 0x0030 (48) pixels
0x3864, 0x2822, 0x2842, 0x2043, 0x1845, 0x2843, 0x2042, 0x1840, 0x2821, 0x2820, 0x2060, 0x40C2, 0x2883, 0x3002, 0x2822, 0x2042,   // 0x0040 (64) pixels
0x2044, 0x2842, 0x2841, 0x1840, 0x2840, 0x2820, 0x2860, 0x40C2, 0x1862, 0x2801, 0x2821, 0x2821, 0x2022, 0x2841, 0x2040, 0x2040,   // 0x0050 (80) pixels
0x2840, 0x2040, 0x2840, 0x40C2, 0x1882, 0x1800, 0x2820, 0x2820, 0x2020, 0x2820, 0x2020, 0x2840, 0x2840, 0x2040, 0x2840, 0x38C2,   // 0x0060 (96) pixels
0x1882, 0x1800, 0x3000, 0x3000, 0x2800, 0x3020, 0x2820, 0x2840, 0x2040, 0x3021, 0x2840, 0x30A2, 0x1882, 0x2000, 0x3000, 0x3000,   // 0x0070 (112) pixels
0x3000, 0x3020, 0x3820, 0x3820, 0x3821, 0x5061, 0x4060, 0x2882, 0x1882, 0x2000, 0x3000, 0x2800, 0x2800, 0x2800, 0x3820, 0x4000,   // 0x0080 (128) pixels
0x4000, 0x5840, 0x5861, 0x2082, 0x1882, 0x2000, 0x3000, 0x2821, 0x2021, 0x3022, 0x3021, 0x3820, 0x3020, 0x4020, 0x5041, 0x2082,   // 0x0090 (144) pixels
0x1862, 0x2000, 0x3021, 0x3042, 0x2842, 0x3022, 0x3021, 0x3021, 0x3021, 0x3840, 0x4041, 0x2882, 0x1862, 0x2000, 0x3021, 0x2043,   // 0x00A0 (160) pixels
0x1845, 0x2043, 0x2041, 0x2040, 0x2821, 0x3040, 0x3860, 0x2882, 0x1862, 0x2800, 0x3021, 0x2043, 0x2044, 0x2843, 0x2841, 0x1840,   // 0x00B0 (176) pixels
0x2840, 0x3021, 0x3860, 0x3082, 0x1861, 0x3000, 0x3021, 0x2022, 0x2022, 0x2841, 0x2040, 0x2040, 0x2840, 0x2840, 0x4040, 0x4082,   // 0x00C0 (192) pixels
0x1881, 0x3000, 0x3821, 0x2821, 0x2020, 0x2820, 0x2040, 0x2840, 0x2040, 0x2840, 0x4020, 0x5082, 0x1862, 0x3000, 0x4000, 0x2800,   // 0x00D0 (208) pixels
0x2800, 0x2820, 0x2840, 0x2840, 0x2040, 0x3821, 0x4820, 0x5861, 0x0800, 0x3800, 0x5000, 0x4000, 0x3800, 0x3020, 0x3840, 0x3040,   // 0x00E0 (224) pixels
0x3821, 0x4020, 0x3800, 0x4000, 0x28E3, 0x3861, 0x6082, 0x5882, 0x5082, 0x4882, 0x4082, 0x4082, 0x4063, 0x3083, 0x3063, 0x38C4,   // 0x00F0 (240) pixels
};

const unsigned short pixie_Dot_ON[240] PROGMEM={ //12x20
0x40E3, 0x3081, 0x3862, 0x3861, 0x3861, 0x3861, 0x4061, 0x4062, 0x3861, 0x2061, 0x1061, 0x30E3, 0x1000, 0x3000, 0x3800, 0x4020,   // 0x0010 (16) pixels
0x4820, 0x4820, 0x5020, 0x5840, 0x5040, 0x3040, 0x1820, 0x1000, 0x2061, 0x2800, 0x4020, 0x4840, 0x5860, 0x5861, 0x6881, 0x78A1,   // 0x0020 (32) pixels
0x70A1, 0x58A1, 0x3861, 0x30A2, 0x1862, 0x2820, 0x4040, 0x5860, 0x60A1, 0x88C1, 0x98E1, 0x8902, 0x9102, 0x7902, 0x60E2, 0x38A2,   // 0x0030 (48) pixels
0x1862, 0x2800, 0x4040, 0x5880, 0x78C1, 0xB9C2, 0xCA03, 0xA963, 0x9943, 0x8103, 0x68E2, 0x40C2, 0x1861, 0x2001, 0x4003, 0x5823,   // 0x0040 (64) pixels
0x9820, 0xD449, 0xD64E, 0xC142, 0xA0E3, 0x7063, 0x5842, 0x40C2, 0x1861, 0x2002, 0x4004, 0x5804, 0x9043, 0xCAA6, 0xD3A8, 0xB8E3,   // 0x0050 (80) pixels
0x9063, 0x6002, 0x4001, 0x38C2, 0x1862, 0x1801, 0x4003, 0x4803, 0x6024, 0x8802, 0x9802, 0x7864, 0x6823, 0x5802, 0x3821, 0x38A2,   // 0x0060 (96) pixels
0x1862, 0x1800, 0x3801, 0x3802, 0x3802, 0x3802, 0x4003, 0x4803, 0x5023, 0x4802, 0x3021, 0x30A2, 0x1862, 0x2000, 0x2800, 0x2800,   // 0x0070 (112) pixels
0x2000, 0x2001, 0x2002, 0x2802, 0x3003, 0x3002, 0x3002, 0x30A2, 0x1882, 0x1800, 0x2800, 0x2800, 0x2800, 0x2801, 0x2801, 0x2002,   // 0x0080 (128) pixels
0x1802, 0x2002, 0x2802, 0x2882, 0x1882, 0x2000, 0x3000, 0x3800, 0x4000, 0x4000, 0x4000, 0x4001, 0x3801, 0x2002, 0x2002, 0x2061,   // 0x0090 (144) pixels
0x1862, 0x2000, 0x4000, 0x5000, 0x5000, 0x6800, 0x7000, 0x6800, 0x6000, 0x3002, 0x2002, 0x1862, 0x1062, 0x2000, 0x4800, 0x4800,   // 0x00A0 (160) pixels
0x7020, 0xA8A0, 0xB8A0, 0x9860, 0x6000, 0x4802, 0x1802, 0x1862, 0x1862, 0x2800, 0x4800, 0x4800, 0x9020, 0xCC49, 0xD5EE, 0xC080,   // 0x00B0 (176) pixels
0x7000, 0x4802, 0x2002, 0x1861, 0x1882, 0x3000, 0x4800, 0x4800, 0x7020, 0xCA64, 0xDB67, 0x9880, 0x6000, 0x4801, 0x3001, 0x1861,   // 0x00C0 (192) pixels
0x1862, 0x3000, 0x4800, 0x4800, 0x4820, 0x7800, 0x9000, 0x5040, 0x4000, 0x5000, 0x4000, 0x1861, 0x1862, 0x3000, 0x4800, 0x4800,   // 0x00D0 (208) pixels
0x4000, 0x3800, 0x3800, 0x3800, 0x4000, 0x5000, 0x4800, 0x2062, 0x1000, 0x2000, 0x3000, 0x3000, 0x3800, 0x3800, 0x3800, 0x4000,   // 0x00E0 (224) pixels
0x4800, 0x4000, 0x3000, 0x1000, 0x28E3, 0x1881, 0x1862, 0x2061, 0x2861, 0x3862, 0x4881, 0x5062, 0x5062, 0x3061, 0x2061, 0x28E3,   // 0x00F0 (240) pixels
};

const unsigned short pixie_slash[240] PROGMEM={ //12x20
0x40E3, 0x1061, 0x1861, 0x2061, 0x2861, 0x3861, 0x4862, 0x5082, 0x5882, 0x5062, 0x5061, 0x58E3, 0x1000, 0x1800, 0x1000, 0x1800,   // 0x0010 (16) pixels
0x2801, 0x3021, 0x4020, 0x4820, 0x4020, 0x4000, 0x4800, 0x4020, 0x2062, 0x2020, 0x2021, 0x2021, 0x2821, 0x2822, 0x3021, 0x3820,   // 0x0020 (32) pixels
0x3020, 0x2800, 0x4820, 0x50C2, 0x2062, 0x2041, 0x2841, 0x2822, 0x2843, 0x3022, 0x2821, 0x2821, 0x2800, 0x4922, 0x81A3, 0x50A2,   // 0x0030 (48) pixels
0x1862, 0x3021, 0x3042, 0x1843, 0x1845, 0x2843, 0x1841, 0x1840, 0x4020, 0x9224, 0xB264, 0x48A2, 0x1861, 0x2801, 0x3041, 0x2042,   // 0x0040 (64) pixels
0x2043, 0x2842, 0x3042, 0x5861, 0xA204, 0xCAC5, 0x98E1, 0x40C2, 0x1881, 0x1801, 0x3022, 0x3023, 0x3023, 0x3823, 0x5024, 0xA863,   // 0x0050 (80) pixels
0xE2A5, 0xC285, 0x70A1, 0x38A2, 0x1881, 0x1801, 0x3003, 0x3004, 0x3804, 0x3804, 0x7003, 0xC1E5, 0xD326, 0xA0C1, 0x50A1, 0x38A2,   // 0x0060 (96) pixels
0x1861, 0x1801, 0x3003, 0x3004, 0x3804, 0x4004, 0x9043, 0xD2C6, 0xBA04, 0x7061, 0x4081, 0x30A2, 0x1881, 0x2001, 0x3002, 0x4003,   // 0x0070 (112) pixels
0x3004, 0x5803, 0xB9C5, 0xD2E6, 0xA841, 0x4881, 0x3080, 0x2882, 0x1861, 0x2000, 0x3801, 0x4003, 0x3002, 0x8821, 0xDAE6, 0xB9C4,   // 0x0080 (128) pixels
0x7801, 0x3040, 0x1840, 0x2082, 0x1861, 0x2000, 0x4002, 0x3802, 0x4800, 0xBA24, 0xDB26, 0x9000, 0x5022, 0x2821, 0x1020, 0x1861,   // 0x0090 (144) pixels
0x1861, 0x2800, 0x4001, 0x3800, 0x8020, 0xDB05, 0xC1A2, 0x7000, 0x4000, 0x3021, 0x1820, 0x1861, 0x1861, 0x2801, 0x3801, 0x5000,   // 0x00A0 (160) pixels
0xBA24, 0xD2C5, 0x8800, 0x5020, 0x3020, 0x3021, 0x1820, 0x1861, 0x1881, 0x2001, 0x4001, 0x8020, 0xDAC5, 0xB182, 0x5800, 0x4000,   // 0x00B0 (176) pixels
0x3020, 0x3021, 0x2000, 0x1861, 0x1861, 0x2800, 0x5800, 0xCAA5, 0xDAC4, 0x7000, 0x3800, 0x3000, 0x3001, 0x3802, 0x2800, 0x2861,   // 0x00C0 (192) pixels
0x1061, 0x3000, 0x8861, 0xEAC6, 0xB982, 0x3801, 0x1802, 0x2802, 0x3003, 0x3021, 0x3000, 0x3862, 0x1861, 0x3000, 0x7860, 0xA8A0,   // 0x00D0 (208) pixels
0x7022, 0x2802, 0x2003, 0x2004, 0x2003, 0x3000, 0x4000, 0x4062, 0x1000, 0x2000, 0x3800, 0x3800, 0x3000, 0x2801, 0x2802, 0x2002,   // 0x00E0 (224) pixels
0x2002, 0x3800, 0x4800, 0x4000, 0x28E3, 0x1861, 0x1861, 0x2061, 0x2861, 0x3861, 0x4062, 0x4862, 0x5062, 0x5082, 0x5882, 0x58E3,   // 0x00F0 (240) pixels
};

const unsigned short pixie_table[2048] PROGMEM={ //64x32
0x49A5, 0x41A5, 0x41C5, 0x41C6, 0x41A5, 0x3124, 0x20C2, 0x2081, 0x2081, 0x2081, 0x1881, 0x1881, 0x1881, 0x1881, 0x20C2, 0x2903,   // 0x0010 (16) pixels
0x3964, 0x4A07, 0x5A69, 0x62CA, 0x6B0B, 0x734C, 0x7B6C, 0x83AC, 0x8BAB, 0x7309, 0x6226, 0x59C5, 0x4984, 0x61A4, 0x71C4, 0x6983,   // 0x0020 (32) pixels
0x79C4, 0x9224, 0xB2C6, 0xD40A, 0xF56F, 0xE54F, 0xA3AA, 0x8308, 0x8B49, 0x9369, 0x8B49, 0x8329, 0x82E9, 0x7287, 0x6226, 0x6206,   // 0x0030 (48) pixels
0x61E5, 0x59A4, 0x59A4, 0x61C4, 0x69E4, 0x61C4, 0x4143, 0x28E2, 0x30E2, 0x3902, 0x4963, 0x5984, 0x71E5, 0x9308, 0xAC0B, 0xAC4D,   // 0x0040 (64) pixels
0x3943, 0x3123, 0x3123, 0x3123, 0x3103, 0x20C2, 0x1881, 0x1881, 0x2081, 0x2081, 0x2081, 0x1881, 0x1881, 0x1881, 0x20A2, 0x28E2,   // 0x0050 (80) pixels
0x3124, 0x3985, 0x41E7, 0x4A28, 0x5269, 0x62AA, 0x6AEB, 0x730A, 0x7B29, 0x6AC7, 0x51E5, 0x4164, 0x4143, 0x5143, 0x6163, 0x6163,   // 0x0060 (96) pixels
0x6963, 0x71A3, 0x8A04, 0xAAC6, 0xCBC9, 0xCC0A, 0x9B48, 0x7AC7, 0x82E7, 0x82E8, 0x7AC8, 0x72A8, 0x7287, 0x6226, 0x59E5, 0x51C4,   // 0x0070 (112) pixels
0x5184, 0x4943, 0x4943, 0x5163, 0x5963, 0x5984, 0x4143, 0x30E2, 0x38E2, 0x5122, 0x5963, 0x71A4, 0x8A05, 0xA2A7, 0xB389, 0xA3EB,   // 0x0080 (128) pixels
0x3103, 0x28E2, 0x20C2, 0x20A2, 0x2081, 0x1881, 0x1881, 0x2081, 0x2081, 0x2081, 0x2081, 0x2081, 0x2081, 0x1881, 0x20A1, 0x28C2,   // 0x0090 (144) pixels
0x28E3, 0x3124, 0x3965, 0x39A6, 0x41E7, 0x4A07, 0x5227, 0x5207, 0x5205, 0x49C4, 0x3963, 0x3123, 0x3923, 0x4923, 0x4922, 0x5102,   // 0x00A0 (160) pixels
0x5122, 0x5963, 0x6984, 0x79E4, 0x9A85, 0xA2E7, 0x8286, 0x6A45, 0x6A46, 0x6A46, 0x6226, 0x6206, 0x61E6, 0x59C4, 0x4984, 0x4143,   // 0x00B0 (176) pixels
0x3902, 0x3902, 0x3902, 0x4122, 0x4103, 0x4123, 0x3902, 0x3102, 0x4102, 0x4902, 0x5123, 0x7983, 0xA245, 0xAAE7, 0xBB68, 0xAB89,   // 0x00C0 (192) pixels
0x3103, 0x20C2, 0x18A1, 0x1881, 0x1881, 0x2081, 0x2081, 0x2081, 0x2081, 0x2081, 0x2081, 0x2081, 0x2081, 0x2081, 0x2081, 0x20A2,   // 0x00D0 (208) pixels
0x20C2, 0x28E3, 0x3103, 0x3144, 0x3144, 0x3964, 0x3964, 0x3944, 0x3923, 0x3923, 0x3103, 0x30E2, 0x30E2, 0x3902, 0x4102, 0x40E2,   // 0x00E0 (224) pixels
0x40E2, 0x5123, 0x5963, 0x6183, 0x79E4, 0x8A25, 0x61E5, 0x51A4, 0x51A4, 0x51C4, 0x51A4, 0x49A4, 0x4984, 0x4163, 0x3923, 0x30E2,   // 0x00F0 (240) pixels
0x28C2, 0x28C2, 0x30C2, 0x30E2, 0x30E2, 0x30E2, 0x30E2, 0x30E2, 0x4102, 0x4102, 0x5102, 0x8163, 0xBAA6, 0xCBC9, 0xDC2A, 0xC3EA,   // 0x0100 (256) pixels
0x3103, 0x20A2, 0x1881, 0x1881, 0x1881, 0x1881, 0x2081, 0x2081, 0x2081, 0x2081, 0x2081, 0x2081, 0x2081, 0x2081, 0x1881, 0x1881,   // 0x0110 (272) pixels
0x1881, 0x20A2, 0x20C2, 0x28E2, 0x28E2, 0x28E2, 0x28E2, 0x3103, 0x30E2, 0x30E2, 0x28E2, 0x28C2, 0x28C2, 0x30E2, 0x30E2, 0x30C2,   // 0x0120 (288) pixels
0x30C2, 0x4102, 0x4922, 0x5143, 0x6983, 0x61A4, 0x4143, 0x3923, 0x3923, 0x4143, 0x3923, 0x3923, 0x3103, 0x28E2, 0x28C2, 0x28A2,   // 0x0130 (304) pixels
0x28A1, 0x28A1, 0x28A2, 0x28A2, 0x28C2, 0x28C2, 0x28C2, 0x30C2, 0x40E2, 0x4902, 0x5102, 0x7163, 0xA225, 0xD368, 0xECEB, 0xCCAC,   // 0x0140 (320) pixels
0x28E2, 0x20A1, 0x1881, 0x1861, 0x1881, 0x1881, 0x2081, 0x2081, 0x2081, 0x2081, 0x2081, 0x2081, 0x2081, 0x2081, 0x1881, 0x1881,   // 0x0150 (336) pixels
0x1881, 0x1882, 0x18A1, 0x20A2, 0x20A2, 0x20A2, 0x20C2, 0x28C2, 0x28C2, 0x28C2, 0x28A2, 0x20A2, 0x20A1, 0x20A1, 0x28C2, 0x28A2,   // 0x0160 (352) pixels
0x28A2, 0x30C2, 0x38E2, 0x38E2, 0x3902, 0x30E2, 0x28C2, 0x28C2, 0x28C2, 0x28E2, 0x28C2, 0x28C2, 0x28A2, 0x20A1, 0x2081, 0x20A1,   // 0x0170 (368) pixels
0x20A1, 0x2081, 0x2081, 0x20A1, 0x28A2, 0x28A2, 0x20A2, 0x28A2, 0x38E2, 0x40E2, 0x4902, 0x5923, 0x8183, 0xAA65, 0xCC2A, 0xB42A,   // 0x0180 (384) pixels
0x28C2, 0x1881, 0x1881, 0x1861, 0x1881, 0x2081, 0x2881, 0x2881, 0x2081, 0x2081, 0x2081, 0x1881, 0x2081, 0x2081, 0x1881, 0x1881,   // 0x0190 (400) pixels
0x1861, 0x1861, 0x1881, 0x1881, 0x1881, 0x2081, 0x2081, 0x2081, 0x20A2, 0x2081, 0x20A1, 0x2081, 0x2081, 0x1881, 0x2081, 0x2081,   // 0x01A0 (416) pixels
0x20A1, 0x20A1, 0x28A2, 0x28A1, 0x20A1, 0x2081, 0x2081, 0x2081, 0x20A1, 0x20A2, 0x2081, 0x2081, 0x2081, 0x1881, 0x1881, 0x2081,   // 0x01B0 (432) pixels
0x2081, 0x2081, 0x2081, 0x2081, 0x28A1, 0x28A1, 0x2081, 0x20A1, 0x30C2, 0x38E2, 0x38E2, 0x4902, 0x6143, 0x81C4, 0x9A86, 0x7A25,   // 0x01C0 (448) pixels
0x18A1, 0x1881, 0x1861, 0x1861, 0x2881, 0x30A1, 0x40A2, 0x38A1, 0x2081, 0x1881, 0x1861, 0x1881, 0x1881, 0x1881, 0x1881, 0x1861,   // 0x01D0 (464) pixels
0x1861, 0x1861, 0x1861, 0x1861, 0x1861, 0x1861, 0x1861, 0x1881, 0x1881, 0x1881, 0x1881, 0x1881, 0x1881, 0x1881, 0x1881, 0x1881,   // 0x01E0 (480) pixels
0x1881, 0x1881, 0x2081, 0x1881, 0x1881, 0x1881, 0x1881, 0x1881, 0x1881, 0x1881, 0x1881, 0x1881, 0x1881, 0x1881, 0x1861, 0x1881,   // 0x01F0 (496) pixels
0x2081, 0x2081, 0x2081, 0x2081, 0x2081, 0x2081, 0x1881, 0x1881, 0x28A2, 0x30C2, 0x38C2, 0x38E2, 0x4902, 0x6143, 0x6163, 0x38E2,   // 0x0200 (512) pixels
0x1881, 0x1881, 0x1881, 0x2081, 0x3082, 0x40A2, 0x48A2, 0x38A1, 0x2081, 0x1861, 0x1861, 0x1881, 0x1881, 0x1881, 0x1861, 0x1061,   // 0x0210 (528) pixels
0x1061, 0x1061, 0x1061, 0x1861, 0x1861, 0x1881, 0x1861, 0x1861, 0x1861, 0x1861, 0x1861, 0x1861, 0x1861, 0x1861, 0x1881, 0x1881,   // 0x0220 (544) pixels
0x1861, 0x1861, 0x1881, 0x1881, 0x1881, 0x1861, 0x1861, 0x1861, 0x1861, 0x1861, 0x1861, 0x1861, 0x1881, 0x1861, 0x1861, 0x1861,   // 0x0230 (560) pixels
0x1881, 0x1881, 0x1881, 0x1881, 0x1881, 0x2081, 0x2081, 0x2081, 0x2081, 0x20A2, 0x28A2, 0x30C2, 0x30C2, 0x30C2, 0x28C2, 0x2081,   // 0x0240 (576) pixels
0x1881, 0x20A2, 0x20A2, 0x2081, 0x2881, 0x2881, 0x3081, 0x3081, 0x2081, 0x1861, 0x1861, 0x1861, 0x1861, 0x1861, 0x1061, 0x1061,   // 0x0250 (592) pixels
0x1061, 0x1061, 0x1061, 0x1861, 0x1061, 0x1861, 0x1881, 0x1881, 0x1861, 0x1861, 0x1861, 0x1861, 0x1861, 0x1861, 0x1861, 0x1861,   // 0x0260 (608) pixels
0x1861, 0x1861, 0x1861, 0x1861, 0x1861, 0x1861, 0x1861, 0x1861, 0x1861, 0x1861, 0x1061, 0x1061, 0x1061, 0x1861, 0x1881, 0x1881,   // 0x0270 (624) pixels
0x1881, 0x1861, 0x1861, 0x1861, 0x1881, 0x2081, 0x3902, 0x59E5, 0x3923, 0x1881, 0x1881, 0x2081, 0x2081, 0x1881, 0x1881, 0x1881,   // 0x0280 (640) pixels
0x20A1, 0x28A2, 0x28A2, 0x2081, 0x2081, 0x2081, 0x2081, 0x2081, 0x1861, 0x1861, 0x1861, 0x1861, 0x1861, 0x1861, 0x1061, 0x1061,   // 0x0290 (656) pixels
0x1061, 0x1061, 0x1061, 0x1061, 0x1061, 0x1061, 0x1861, 0x1861, 0x1861, 0x1861, 0x1861, 0x1861, 0x1861, 0x1861, 0x1861, 0x1881,   // 0x02A0 (672) pixels
0x1861, 0x1861, 0x1861, 0x1861, 0x1861, 0x1861, 0x1861, 0x1861, 0x1861, 0x1061, 0x1061, 0x1061, 0x1061, 0x1861, 0x1881, 0x1881,   // 0x02B0 (688) pixels
0x1881, 0x1861, 0x1861, 0x1881, 0x1881, 0x28C2, 0x7A87, 0xC4CE, 0x9308, 0x4122, 0x28C2, 0x1881, 0x1861, 0x1861, 0x1861, 0x1861,   // 0x02C0 (704) pixels
0x2081, 0x2081, 0x2082, 0x2081, 0x1881, 0x1861, 0x1861, 0x1861, 0x1861, 0x1861, 0x1861, 0x1861, 0x1861, 0x1061, 0x1061, 0x1061,   // 0x02D0 (720) pixels
0x1061, 0x1061, 0x1061, 0x1061, 0x1061, 0x1061, 0x1061, 0x1061, 0x1861, 0x1861, 0x1861, 0x1861, 0x1861, 0x1861, 0x1861, 0x1881,   // 0x02E0 (736) pixels
0x1861, 0x1061, 0x1061, 0x1861, 0x1861, 0x1861, 0x1861, 0x1861, 0x1061, 0x1061, 0x1061, 0x1061, 0x1061, 0x1061, 0x1861, 0x1881,   // 0x02F0 (752) pixels
0x1061, 0x1061, 0x1861, 0x1881, 0x1861, 0x3923, 0xBCAF, 0xF614, 0xC368, 0x9A24, 0x71E4, 0x20A2, 0x1861, 0x1861, 0x1881, 0x1861,   // 0x0300 (768) pixels
0x20A2, 0x28C2, 0x20A2, 0x2081, 0x1881, 0x1861, 0x1861, 0x1861, 0x1061, 0x1861, 0x1861, 0x1861, 0x1861, 0x1061, 0x1061, 0x1061,   // 0x0310 (784) pixels
0x1061, 0x1061, 0x1061, 0x1061, 0x1061, 0x1061, 0x1061, 0x1061, 0x1861, 0x1861, 0x1861, 0x1861, 0x1861, 0x1061, 0x1861, 0x1861,   // 0x0320 (800) pixels
0x1861, 0x1061, 0x1061, 0x1061, 0x1861, 0x1861, 0x1861, 0x1861, 0x1061, 0x1041, 0x1061, 0x1061, 0x1041, 0x1061, 0x1061, 0x1861,   // 0x0330 (816) pixels
0x1861, 0x1861, 0x1861, 0x1861, 0x1861, 0x4123, 0xBBAA, 0xC3AA, 0x9A24, 0xA244, 0x8224, 0x28C2, 0x1061, 0x1861, 0x1861, 0x1861,   // 0x0340 (832) pixels
0x28C2, 0x30E2, 0x20A2, 0x1881, 0x1861, 0x1861, 0x1861, 0x1061, 0x1061, 0x1061, 0x1861, 0x1861, 0x1881, 0x1881, 0x1861, 0x1061,   // 0x0350 (848) pixels
0x1061, 0x1061, 0x1061, 0x1061, 0x1061, 0x1061, 0x1061, 0x1061, 0x1861, 0x1861, 0x1861, 0x1861, 0x1061, 0x1061, 0x1861, 0x1861,   // 0x0360 (864) pixels
0x1861, 0x1061, 0x1061, 0x1061, 0x1061, 0x1861, 0x1061, 0x1061, 0x1061, 0x1041, 0x1061, 0x1061, 0x1061, 0x1061, 0x1061, 0x1861,   // 0x0370 (880) pixels
0x1861, 0x1861, 0x1861, 0x1861, 0x1861, 0x30C2, 0x79A4, 0x7983, 0x7183, 0x81C3, 0x5142, 0x2081, 0x1861, 0x1881, 0x1881, 0x1861,   // 0x0380 (896) pixels
0x1881, 0x1882, 0x1881, 0x1861, 0x1061, 0x1061, 0x1061, 0x1061, 0x1861, 0x1061, 0x1861, 0x1882, 0x1882, 0x1881, 0x1861, 0x1061,   // 0x0390 (912) pixels
0x1061, 0x1061, 0x1061, 0x1061, 0x1061, 0x1061, 0x1061, 0x1061, 0x1861, 0x1861, 0x1881, 0x1861, 0x1061, 0x1061, 0x1861, 0x1861,   // 0x03A0 (928) pixels
0x1861, 0x1061, 0x1061, 0x1061, 0x1061, 0x1861, 0x1061, 0x1861, 0x1861, 0x1861, 0x1861, 0x1061, 0x1861, 0x1861, 0x1861, 0x1861,   // 0x03B0 (944) pixels
0x1861, 0x1861, 0x1861, 0x1861, 0x1061, 0x2081, 0x4902, 0x5122, 0x5143, 0x4902, 0x28A1, 0x1881, 0x1861, 0x1861, 0x1861, 0x1881,   // 0x03C0 (960) pixels
0x1061, 0x1061, 0x1061, 0x1061, 0x1061, 0x1861, 0x2081, 0x20A1, 0x1881, 0x1061, 0x1061, 0x1861, 0x1861, 0x1861, 0x1861, 0x1061,   // 0x03D0 (976) pixels
0x1061, 0x1061, 0x1061, 0x1061, 0x1061, 0x1061, 0x1061, 0x1061, 0x1861, 0x1881, 0x1881, 0x1881, 0x1881, 0x1881, 0x1861, 0x1861,   // 0x03E0 (992) pixels
0x1861, 0x1061, 0x1061, 0x1061, 0x1861, 0x1861, 0x1861, 0x1861, 0x1861, 0x1861, 0x1861, 0x1861, 0x1881, 0x1861, 0x1861, 0x1861,   // 0x03F0 (1008) pixels
0x1861, 0x1861, 0x1861, 0x1061, 0x1061, 0x1861, 0x20A1, 0x28C2, 0x28A1, 0x2081, 0x1881, 0x1861, 0x1881, 0x1861, 0x1061, 0x1861,   // 0x0400 (1024) pixels
0x1061, 0x1061, 0x1061, 0x1061, 0x1061, 0x20A2, 0x38E2, 0x3902, 0x18A1, 0x1061, 0x1061, 0x1061, 0x1061, 0x1061, 0x1061, 0x1061,   // 0x0410 (1040) pixels
0x1061, 0x1061, 0x1061, 0x1041, 0x1041, 0x1041, 0x1061, 0x1061, 0x1061, 0x1881, 0x1881, 0x28A2, 0x28A2, 0x2081, 0x1061, 0x1061,   // 0x0420 (1056) pixels
0x1061, 0x1061, 0x1061, 0x1061, 0x1061, 0x1061, 0x1881, 0x1861, 0x1861, 0x1861, 0x1861, 0x1861, 0x1861, 0x1861, 0x1061, 0x1061,   // 0x0430 (1072) pixels
0x1061, 0x1061, 0x1061, 0x1061, 0x1061, 0x1061, 0x1061, 0x1061, 0x1861, 0x1061, 0x1061, 0x1061, 0x1861, 0x1861, 0x1061, 0x1061,   // 0x0440 (1088) pixels
0x1881, 0x1061, 0x1061, 0x1861, 0x1882, 0x28A2, 0x30E2, 0x3902, 0x28C2, 0x1881, 0x1881, 0x1881, 0x20A2, 0x20A2, 0x20A2, 0x20A2,   // 0x0450 (1104) pixels
0x20A2, 0x2081, 0x20A1, 0x1881, 0x1881, 0x1881, 0x1881, 0x1881, 0x1881, 0x1881, 0x20A2, 0x30C2, 0x30C2, 0x28A2, 0x2081, 0x2081,   // 0x0460 (1120) pixels
0x20A2, 0x2082, 0x20A2, 0x20A2, 0x20A2, 0x20A2, 0x20A2, 0x20A2, 0x2081, 0x1882, 0x1881, 0x1881, 0x1882, 0x1881, 0x1881, 0x1881,   // 0x0470 (1136) pixels
0x1882, 0x1881, 0x1881, 0x1881, 0x1861, 0x1861, 0x1881, 0x1881, 0x1881, 0x1881, 0x1881, 0x1881, 0x1881, 0x1881, 0x1881, 0x1861,   // 0x0480 (1152) pixels
0x28A1, 0x28A1, 0x28A1, 0x30C1, 0x30C1, 0x30C1, 0x38E1, 0x4102, 0x4922, 0x4942, 0x4942, 0x4942, 0x4942, 0x4963, 0x5163, 0x5163,   // 0x0490 (1168) pixels
0x5163, 0x5983, 0x61A3, 0x61C3, 0x61A4, 0x59C4, 0x5184, 0x4963, 0x5184, 0x5184, 0x5183, 0x5184, 0x59A4, 0x6A06, 0x6A26, 0x6A26,   // 0x04A0 (1184) pixels
0x6206, 0x61E5, 0x61E5, 0x59C5, 0x61E5, 0x59C5, 0x5184, 0x5184, 0x5184, 0x5164, 0x4964, 0x5164, 0x5184, 0x5184, 0x59A4, 0x5984,   // 0x04B0 (1200) pixels
0x5984, 0x5984, 0x5164, 0x5164, 0x5143, 0x4943, 0x5143, 0x4923, 0x38E3, 0x3903, 0x38E2, 0x38E2, 0x38E2, 0x4123, 0x4923, 0x4923,   // 0x04C0 (1216) pixels
0x30C1, 0x28A1, 0x28A1, 0x28A1, 0x30C1, 0x38E1, 0x4102, 0x4122, 0x4923, 0x4943, 0x4943, 0x4943, 0x4922, 0x4122, 0x4123, 0x4123,   // 0x04D0 (1232) pixels
0x4123, 0x4943, 0x5163, 0x5163, 0x5143, 0x5163, 0x5163, 0x4964, 0x5184, 0x5184, 0x5184, 0x4964, 0x51A5, 0x59C5, 0x59C5, 0x59A5,   // 0x04E0 (1248) pixels
0x59A5, 0x59A4, 0x59C5, 0x61C5, 0x61E5, 0x59C5, 0x59A4, 0x5184, 0x5984, 0x5984, 0x59A4, 0x61A4, 0x5984, 0x5984, 0x61A4, 0x61C4,   // 0x04F0 (1264) pixels
0x69C5, 0x61C5, 0x5984, 0x5984, 0x5964, 0x5164, 0x4143, 0x3903, 0x3903, 0x30E3, 0x20A1, 0x1861, 0x1861, 0x2081, 0x2081, 0x28C2,   // 0x0500 (1280) pixels
0x30A1, 0x30C1, 0x30E2, 0x38E2, 0x3902, 0x4923, 0x5163, 0x5984, 0x59A4, 0x59C4, 0x61C4, 0x61E5, 0x61E5, 0x61E5, 0x61E5, 0x61E5,   // 0x0510 (1296) pixels
0x61C4, 0x59A4, 0x59A3, 0x59A3, 0x5983, 0x5163, 0x5163, 0x5183, 0x5183, 0x5184, 0x59A4, 0x51A4, 0x51A4, 0x61E6, 0x6A06, 0x6205,   // 0x0520 (1312) pixels
0x6A26, 0x6205, 0x59E5, 0x51A4, 0x4964, 0x4943, 0x4143, 0x4984, 0x5184, 0x5184, 0x5184, 0x5184, 0x5984, 0x59A4, 0x59A4, 0x61A4,   // 0x0530 (1328) pixels
0x61C5, 0x61C5, 0x61A4, 0x5984, 0x5984, 0x5984, 0x5984, 0x59A5, 0x5984, 0x5164, 0x5163, 0x5143, 0x4943, 0x5163, 0x4943, 0x4923,   // 0x0540 (1344) pixels
0x38E1, 0x38E2, 0x4102, 0x4102, 0x4122, 0x4942, 0x4943, 0x5163, 0x5183, 0x5984, 0x59A4, 0x61C4, 0x59C4, 0x59A4, 0x5183, 0x5163,   // 0x0550 (1360) pixels
0x4963, 0x4942, 0x4942, 0x4922, 0x4122, 0x4143, 0x4943, 0x4964, 0x4143, 0x4123, 0x4123, 0x4143, 0x4943, 0x5164, 0x59A4, 0x61C5,   // 0x0560 (1376) pixels
0x61C4, 0x61C5, 0x61E5, 0x61C4, 0x59A4, 0x61A4, 0x61C5, 0x69E5, 0x61E5, 0x61E5, 0x61C5, 0x61C5, 0x61C5, 0x69E5, 0x61A4, 0x5984,   // 0x0570 (1392) pixels
0x59A4, 0x5984, 0x5984, 0x5984, 0x61A4, 0x61A4, 0x69A5, 0x71E5, 0x7A05, 0x7205, 0x7205, 0x71E5, 0x69C4, 0x69A4, 0x6183, 0x5963,   // 0x0580 (1408) pixels
0x40E2, 0x40E1, 0x4102, 0x4102, 0x4922, 0x5142, 0x5963, 0x5983, 0x5983, 0x5983, 0x5983, 0x5983, 0x5983, 0x5963, 0x5143, 0x4942,   // 0x0590 (1424) pixels
0x5142, 0x4942, 0x5143, 0x4963, 0x5184, 0x5184, 0x5164, 0x5164, 0x5184, 0x4963, 0x4943, 0x4943, 0x4943, 0x4943, 0x4943, 0x4943,   // 0x05A0 (1440) pixels
0x4943, 0x4943, 0x5163, 0x4943, 0x4143, 0x4943, 0x4943, 0x4963, 0x4943, 0x4943, 0x4923, 0x4943, 0x5164, 0x4943, 0x4923, 0x4943,   // 0x05B0 (1456) pixels
0x4944, 0x4943, 0x4923, 0x4923, 0x4123, 0x4103, 0x4123, 0x4123, 0x4123, 0x4123, 0x4103, 0x38E3, 0x38C2, 0x30C2, 0x30C2, 0x28A2,   // 0x05C0 (1472) pixels
0x2081, 0x2081, 0x28A1, 0x28C1, 0x30C2, 0x30E2, 0x30E2, 0x30E2, 0x30E2, 0x30E2, 0x30E2, 0x30E2, 0x3102, 0x3902, 0x3902, 0x30E2,   // 0x05D0 (1488) pixels
0x3903, 0x3903, 0x3923, 0x3923, 0x4144, 0x4144, 0x4964, 0x4964, 0x4964, 0x4964, 0x4964, 0x4164, 0x4143, 0x3923, 0x3903, 0x3923,   // 0x05E0 (1504) pixels
0x3923, 0x4123, 0x4123, 0x4123, 0x4143, 0x4143, 0x4123, 0x4943, 0x4143, 0x4143, 0x5164, 0x5984, 0x59A4, 0x59A4, 0x59A4, 0x5184,   // 0x05F0 (1520) pixels
0x5984, 0x61A5, 0x5984, 0x5984, 0x5984, 0x5984, 0x5984, 0x5984, 0x5164, 0x5143, 0x4923, 0x4923, 0x4102, 0x4102, 0x4902, 0x4902,   // 0x0600 (1536) pixels
0x20A1, 0x28C2, 0x28C2, 0x28C2, 0x28C2, 0x28C2, 0x20C2, 0x28C2, 0x28E2, 0x28E2, 0x30E2, 0x3103, 0x3923, 0x3923, 0x3943, 0x3943,   // 0x0610 (1552) pixels
0x3943, 0x4144, 0x4144, 0x4164, 0x4164, 0x4984, 0x4964, 0x4164, 0x4164, 0x4984, 0x4984, 0x4964, 0x5184, 0x51A5, 0x51A4, 0x5184,   // 0x0620 (1568) pixels
0x5184, 0x5184, 0x59A4, 0x59A4, 0x59A4, 0x59A4, 0x59A4, 0x61C4, 0x61E5, 0x6A05, 0x7A26, 0x7A46, 0x8266, 0x7A46, 0x7226, 0x61E5,   // 0x0630 (1584) pixels
0x61C5, 0x69E5, 0x69E5, 0x6A05, 0x7226, 0x7A26, 0x7A26, 0x8266, 0x7A26, 0x7A26, 0x7205, 0x71E5, 0x69C4, 0x69A4, 0x61A4, 0x69A4,   // 0x0640 (1600) pixels
0x20A1, 0x28C1, 0x28C2, 0x28C2, 0x30E2, 0x3103, 0x3102, 0x3903, 0x3943, 0x4143, 0x4143, 0x4143, 0x4143, 0x4143, 0x4143, 0x4143,   // 0x0650 (1616) pixels
0x4143, 0x4143, 0x4964, 0x4964, 0x4964, 0x4984, 0x5184, 0x5184, 0x59A5, 0x59C5, 0x61C5, 0x61E5, 0x6A05, 0x7A45, 0x7A25, 0x7A45,   // 0x0660 (1632) pixels
0x8245, 0x8265, 0x8265, 0x7A45, 0x7A46, 0x8A86, 0x8A86, 0x7A45, 0x8225, 0x8A86, 0x92C7, 0x8AA7, 0x8AA7, 0x8A87, 0x92A7, 0x92A7,   // 0x0670 (1648) pixels
0x92C7, 0x92A7, 0x9286, 0x8A86, 0x8A87, 0x8A87, 0x8A87, 0x8AA7, 0x8AA7, 0x8A87, 0x8A66, 0x8246, 0x8A46, 0x8245, 0x8246, 0x8246,   // 0x0680 (1664) pixels
0x30E2, 0x30E2, 0x30E2, 0x3102, 0x3923, 0x4123, 0x4123, 0x4143, 0x4964, 0x51A4, 0x5184, 0x51A4, 0x5184, 0x5184, 0x5184, 0x5184,   // 0x0690 (1680) pixels
0x59C4, 0x61E5, 0x59C4, 0x59A4, 0x5184, 0x59C5, 0x59C5, 0x59A5, 0x59A4, 0x59A4, 0x59A4, 0x59A5, 0x59A4, 0x69E4, 0x69E4, 0x69E4,   // 0x06A0 (1696) pixels
0x7205, 0x7205, 0x69E5, 0x69E5, 0x7A25, 0x8A66, 0x8266, 0x7205, 0x71E5, 0x8246, 0x8287, 0x8267, 0x7A46, 0x8246, 0x92A6, 0xA2E6,   // 0x06B0 (1712) pixels
0xA2E7, 0xA2E7, 0xA2C6, 0x9AA6, 0x8A66, 0x9286, 0x9AC7, 0x92C7, 0x92A7, 0x8A87, 0x8A87, 0x8266, 0x7A25, 0x7205, 0x69C5, 0x71E5,   // 0x06C0 (1728) pixels
0x20A1, 0x20A1, 0x28C2, 0x28C2, 0x28C2, 0x28C2, 0x28A2, 0x28C2, 0x3903, 0x4143, 0x3103, 0x3123, 0x3923, 0x3923, 0x3923, 0x3923,   // 0x06D0 (1744) pixels
0x3903, 0x3903, 0x3903, 0x3923, 0x4123, 0x4143, 0x4143, 0x4963, 0x5164, 0x5184, 0x5184, 0x59A4, 0x61A4, 0x59A4, 0x59A4, 0x59A4,   // 0x06E0 (1760) pixels
0x59A4, 0x59A5, 0x59C5, 0x61C5, 0x59A4, 0x61C5, 0x6A05, 0x7225, 0x7205, 0x7225, 0x7A25, 0x7A25, 0x7A26, 0x7A46, 0x7A46, 0x7A25,   // 0x06F0 (1776) pixels
0x7A25, 0x7A25, 0x7A25, 0x7A05, 0x7205, 0x7205, 0x71E5, 0x61C5, 0x61C5, 0x69C5, 0x7A25, 0x71C4, 0x6184, 0x6164, 0x5963, 0x5143,   // 0x0700 (1792) pixels
0x1861, 0x1881, 0x1882, 0x18A2, 0x20A2, 0x20C2, 0x20A2, 0x20C2, 0x28C2, 0x20C2, 0x20A2, 0x20C2, 0x28C2, 0x28C2, 0x28C2, 0x28E2,   // 0x0710 (1808) pixels
0x28E2, 0x28E2, 0x28E2, 0x28E2, 0x3103, 0x30E3, 0x3103, 0x3103, 0x3923, 0x3923, 0x4123, 0x4123, 0x4123, 0x4123, 0x4123, 0x4143,   // 0x0720 (1824) pixels
0x4123, 0x4123, 0x4143, 0x4964, 0x4963, 0x5164, 0x5184, 0x5164, 0x5164, 0x5984, 0x61A4, 0x59A4, 0x59A4, 0x59A5, 0x61C5, 0x61A4,   // 0x0730 (1840) pixels
0x61C5, 0x69C5, 0x69E5, 0x69C5, 0x69E5, 0x69E5, 0x69C5, 0x69C5, 0x69C5, 0x69C5, 0x61C5, 0x5164, 0x4923, 0x3902, 0x30C2, 0x30C2,   // 0x0740 (1856) pixels
0x2081, 0x20A1, 0x20A2, 0x20A2, 0x28C2, 0x28C2, 0x28C2, 0x28C2, 0x28C2, 0x30E2, 0x30E2, 0x3902, 0x3902, 0x3923, 0x4123, 0x4143,   // 0x0750 (1872) pixels
0x4143, 0x4143, 0x4143, 0x3923, 0x3923, 0x3923, 0x4143, 0x4143, 0x4123, 0x4123, 0x4123, 0x4143, 0x4143, 0x4943, 0x4943, 0x5163,   // 0x0760 (1888) pixels
0x5184, 0x5163, 0x5163, 0x5164, 0x5164, 0x5164, 0x5163, 0x5164, 0x5164, 0x5164, 0x5984, 0x5984, 0x59A4, 0x5984, 0x5984, 0x5184,   // 0x0770 (1904) pixels
0x5184, 0x5164, 0x4964, 0x4944, 0x4123, 0x3903, 0x30E3, 0x28E3, 0x28C2, 0x20A2, 0x18A2, 0x1882, 0x1881, 0x2081, 0x20A2, 0x20A2,   // 0x0780 (1920) pixels
0x1881, 0x18A1, 0x1881, 0x1881, 0x2081, 0x2081, 0x20A1, 0x20A1, 0x28A2, 0x28C2, 0x28C2, 0x30C2, 0x30E2, 0x30E2, 0x30C2, 0x30E2,   // 0x0790 (1936) pixels
0x30E2, 0x30E2, 0x30E2, 0x30E2, 0x30E2, 0x30E2, 0x30E2, 0x30E2, 0x30E2, 0x38E2, 0x38E2, 0x3102, 0x3902, 0x38E2, 0x38E2, 0x3902,   // 0x07A0 (1952) pixels
0x38E2, 0x38E2, 0x30E2, 0x30E2, 0x38E2, 0x38C2, 0x30C2, 0x30C2, 0x38E2, 0x3902, 0x38E2, 0x38E2, 0x38E2, 0x30E2, 0x30C2, 0x30C2,   // 0x07B0 (1968) pixels
0x30C2, 0x30C2, 0x30C2, 0x28A2, 0x20A2, 0x20A2, 0x2082, 0x1881, 0x1061, 0x1061, 0x1061, 0x1061, 0x1882, 0x30C2, 0x4103, 0x30E2,   // 0x07C0 (1984) pixels
0x0820, 0x0820, 0x0840, 0x0820, 0x0820, 0x0820, 0x0820, 0x0820, 0x1040, 0x1040, 0x0820, 0x0820, 0x1040, 0x1040, 0x1040, 0x1040,   // 0x07D0 (2000) pixels
0x1060, 0x1861, 0x1060, 0x1861, 0x1860, 0x1861, 0x1861, 0x1861, 0x2061, 0x2061, 0x2081, 0x2081, 0x2081, 0x2061, 0x2061, 0x2061,   // 0x07E0 (2016) pixels
0x2061, 0x2061, 0x2061, 0x2061, 0x1861, 0x2061, 0x1861, 0x1861, 0x2061, 0x2081, 0x2081, 0x2081, 0x2081, 0x2081, 0x2081, 0x2081,   // 0x07F0 (2032) pixels
0x2081, 0x2081, 0x2061, 0x2081, 0x2081, 0x2081, 0x2081, 0x2081, 0x2081, 0x1861, 0x1861, 0x1041, 0x1041, 0x1861, 0x2881, 0x30C1,   // 0x0800 (2048) pixels
};

